hmdb_id	name	pubchem_id	chebi_id	kegg_id	metlin_id	lipid	smiles	exactmass	formula	inchi_key	super_class	main_class	sub_class	synonym	chem_id	comp_id	derived_feature
""	2,6-dihydroxybenzoic acid			""			""			""		""	""	2,6-dihydroxybenzoic acid	100020837	63042	FALSE
""	tridecenedioate (C13:1-DC)*			""			""			""		""	""	tridecenedioate (C13:1-DC)*	100002199	62919	FALSE
""	pregnenetriol disulfate*			""			""			""		""	""	pregnenetriol disulfate*	100021104	62921	FALSE
""	bilirubin degradation product, C17H20N2O5 (1)**			""			""			""		""	""	bilirubin degradation product, C17H20N2O5 (1)**	100022008	64405	FALSE
""	deoxycholic acid glucuronide			""			""			""		""	""	deoxycholic acid glucuronide	100020550	63610	FALSE
""	eicosenedioate (C20:1-DC)*			""			""			""		""	""	eicosenedioate (C20:1-DC)*	100021105	62923	FALSE
""	2,3-dihydroxy-5-methylthio-4-pentenoate (DMTPA)*			""			""			""		""	""	2,3-dihydroxy-5-methylthio-4-pentenoate (DMTPA)*	100020893	62805	FALSE
""	glu-gly-asn-val**			""			""			""		""	""	glu-gly-asn-val**	100021107	62917	FALSE
""	metabolonic lactone sulfate			""			""			""		""	""	metabolonic lactone sulfate	100021331	63153	FALSE
""	picolinoylglycine			""			""			""		""	""	picolinoylglycine	100021198	63057	FALSE
""	4-allylcatechol sulfate			""			""			""		""	""	4-allylcatechol sulfate	100020578	63597	FALSE
""	4-ethylcatechol sulfate			""			""			""		""	""	4-ethylcatechol sulfate	100020536	63072	FALSE
""	tetradecadienoate (14:2)*			""			""			""		""	""	tetradecadienoate (14:2)*	100020343	62850	FALSE
""	2,4-di-tert-butylphenol			""			""			""		""	""	2,4-di-tert-butylphenol	100021918	64328	FALSE
""	glutamine conjugate of C6H10O2 (2)*			""			""			""		""	""	glutamine conjugate of C6H10O2 (2)*	100020262	63660	FALSE
""	11beta-hydroxyandrosterone glucuronide			""			""			""		""	""	11beta-hydroxyandrosterone glucuronide	100020541	63251	FALSE
""	menthol glucuronide			""			""			""		""	""	menthol glucuronide	100022475	64873	FALSE
""	alpha-CMBHC glucuronide			""			""			""		""	""	alpha-CMBHC glucuronide	100005977	63926	FALSE
""	taurodeoxycholic acid 3-sulfate			""			""			""		""	""	taurodeoxycholic acid 3-sulfate	100006644	62889	FALSE
""	taurochenodeoxycholic acid 3-sulfate			""			""			""		""	""	taurochenodeoxycholic acid 3-sulfate	100021093	62890	FALSE
""	glycoursodeoxycholic acid sulfate (1)			""			""			""		""	""	glycoursodeoxycholic acid sulfate (1)	100020819	63731	FALSE
""	1-methyl-5-imidazoleacetate			""			""			""		""	""	1-methyl-5-imidazoleacetate	100002910	62946	FALSE
""	3-hydroxyoctanoylcarnitine (1)			""			""			""		""	""	3-hydroxyoctanoylcarnitine (1)	100021990	64393	FALSE
""	tetrahydrocortisol glucuronide			""			""			""		""	""	tetrahydrocortisol glucuronide	100022013	64411	FALSE
""	3-formylindole			""			""			""		""	""	3-formylindole	100020219	62863	FALSE
""	fibrinopeptide A (4-15)**			""			""			""		""	""	fibrinopeptide A (4-15)**	100020904	62810	FALSE
""	cis-3,4-methyleneheptanoylglycine			""			""			""		""	""	cis-3,4-methyleneheptanoylglycine	100021992	64386	FALSE
""	deoxycholic acid 12-sulfate*			""			""			""		""	""	deoxycholic acid 12-sulfate*	100021712	63688	FALSE
""	bilirubin degradation product, C16H18N2O5 (2)**			""			""			""		""	""	bilirubin degradation product, C16H18N2O5 (2)**	100022004	64404	FALSE
""	branched chain 14:0 dicarboxylic acid**			""			""			""		""	""	branched chain 14:0 dicarboxylic acid**	100021374	63191	FALSE
""	fibrinopeptide A (2-15)**			""			""			""		""	""	fibrinopeptide A (2-15)**	100020902	62809	FALSE
""	fibrinopeptide A (3-16)**			""			""			""		""	""	fibrinopeptide A (3-16)**	100020903	62811	FALSE
""	fibrinopeptide B (1-12)**			""			""			""		""	""	fibrinopeptide B (1-12)**	100020910	62814	FALSE
""	fibrinopeptide A (3-15)**			""			""			""		""	""	fibrinopeptide A (3-15)**	100020901	62808	FALSE
""	4-vinylcatechol sulfate			""			""			""		""	""	4-vinylcatechol sulfate	100021208	64579	FALSE
""	N,N,N-trimethyl-alanylproline betaine (TMAP)			""			""			""		""	""	N,N,N-trimethyl-alanylproline betaine (TMAP)	100020217	62947	FALSE
""	glutamine conjugate of C7H12O2*			""			""			""		""	""	glutamine conjugate of C7H12O2*	100020259	63658	FALSE
""	undecenoylcarnitine (C11:1)			""			""			""		""	""	undecenoylcarnitine (C11:1)	100021131	63613	FALSE
""	tetrahydrocortisone glucuronide (5)			""			""			""		""	""	tetrahydrocortisone glucuronide (5)	100022127	64591	FALSE
""	cortolone glucuronide (1)			""			""			""		""	""	cortolone glucuronide (1)	100015971	57699	FALSE
""	maltol sulfate			""			""			""		""	""	maltol sulfate	100006106	48696	FALSE
""	3,5-dichloro-2,6-dihydroxybenzoic acid			""			""			""		""	""	3,5-dichloro-2,6-dihydroxybenzoic acid	100021324	63589	FALSE
""	3-bromo-5-chloro-2,6-dihydroxybenzoic acid			""			""			""		""	""	3-bromo-5-chloro-2,6-dihydroxybenzoic acid	100021707	63681	FALSE
""	3-hydroxydodecanedioate*			""			""			""		""	""	3-hydroxydodecanedioate*	100001454	62915	FALSE
""	2-ketocaprylate			""			""			""		""	""	2-ketocaprylate	100020833	63120	FALSE
""	fibrinopeptide B (1-13)**			""			""			""		""	""	fibrinopeptide B (1-13)**	100020908	62813	FALSE
""	butyrate/isobutyrate (4:0)			""			""			""		""	""	butyrate/isobutyrate (4:0)	1143	40605	FALSE
""	2-O-methylascorbic acid			""			""			""		""	""	2-O-methylascorbic acid	100003258	63990	FALSE
""	decadienedioic acid (C10:2-DC)**			""			""			""		""	""	decadienedioic acid (C10:2-DC)**	100021711	63685	FALSE
""	branched-chain, straight-chain, or cyclopropyl 12:1 fatty acid			""			""			""		""	""	branched-chain, straight-chain, or cyclopropyl 12:1 fatty acid	100021709	63683	FALSE
""	4-chlorobenzoic acid			""			""			""		""	""	4-chlorobenzoic acid	100021784	63988	FALSE
""	2,2'-methylenebis(6-tert-butyl-p-cresol)			""			""			""		""	""	2,2'-methylenebis(6-tert-butyl-p-cresol)	100020373	62885	FALSE
""	chenodeoxycholic acid sulfate (1)			""			""			""		""	""	chenodeoxycholic acid sulfate (1)	100021650	63607	FALSE
""	isoursodeoxycholate sulfate (1)			""			""			""		""	""	isoursodeoxycholate sulfate (1)	100021647	63602	FALSE
""	2-hydroxysebacate			""			""			""		""	""	2-hydroxysebacate	100020378	63357	FALSE
""	cis-4-decenoate (10:1n6)*			""			""			""		""	""	cis-4-decenoate (10:1n6)*	100002796	62873	FALSE
""	branched-chain, straight-chain, or cyclopropyl 10:1 fatty acid (2)*			""			""			""		""	""	branched-chain, straight-chain, or cyclopropyl 10:1 fatty acid (2)*	100021667	63616	FALSE
""	branched-chain, straight-chain, or cyclopropyl 10:1 fatty acid (3)*			""			""			""		""	""	branched-chain, straight-chain, or cyclopropyl 10:1 fatty acid (3)*	100021668	63617	FALSE
""	(2 or 3)-decenoate (10:1n7 or n8)			""			""			""		""	""	(2 or 3)-decenoate (10:1n7 or n8)	100021502	63436	FALSE
""	ethyl beta-glucopyranoside			""			""			""		""	""	ethyl beta-glucopyranoside	100020377	64131	FALSE
""	3-indoleglyoxylic acid			""			""			""		""	""	3-indoleglyoxylic acid	100020372	63583	FALSE
""	N,N-dimethylalanine			""			""			""		""	""	N,N-dimethylalanine	100020371	63151	FALSE
""	N-acetyl-2-aminoadipate			""			""			""		""	""	N-acetyl-2-aminoadipate	100021760	63920	FALSE
""	palmitoyl-sphingosine-phosphoethanolamine (d18:1/16:0)			""			""			""		""	""	palmitoyl-sphingosine-phosphoethanolamine (d18:1/16:0)	100021162	62984	FALSE
""	ethyl alpha-glucopyranoside			""			""			""		""	""	ethyl alpha-glucopyranoside	100015965	63152	FALSE
""	3-(3-amino-3-carboxypropyl)uridine*			""			""			""		""	""	3-(3-amino-3-carboxypropyl)uridine*	100001426	62924	FALSE
""	GlcNAc sulfate conjugate of C21H34O2 steroid**			""			""			""		""	""	GlcNAc sulfate conjugate of C21H34O2 steroid**	100021726	63699	FALSE
""	cholesterol sulfate			""			""			""		""	""	cholesterol sulfate	100001606	35324	FALSE
""	hydroxy-N6,N6,N6-trimethyllysine*			""			""			""		""	""	hydroxy-N6,N6,N6-trimethyllysine*	100021123	62959	FALSE
""	N-carbamoylvaline			""			""			""		""	""	N-carbamoylvaline	100020351	62852	FALSE
""	glutamine conjugate of C6H10O2 (1)*			""			""			""		""	""	glutamine conjugate of C6H10O2 (1)*	100020261	63657	FALSE
""	vanilloylglycine			""			""			""		""	""	vanilloylglycine	100021363	63853	FALSE
""	N,N-dimethyl-pro-pro			""			""			""		""	""	N,N-dimethyl-pro-pro	100022041	64571	FALSE
""	3-amino-2-piperidone			""			""			""		""	""	3-amino-2-piperidone	100020361	62853	FALSE
""	bilirubin degradation product, C17H18N2O4 (1)**			""			""			""		""	""	bilirubin degradation product, C17H18N2O4 (1)**	100022005	64409	FALSE
""	hydroxypalmitoyl sphingomyelin (d18:1/16:0(OH))**			""			""			""		""	""	hydroxypalmitoyl sphingomyelin (d18:1/16:0(OH))**	100021000	62851	FALSE
""	pregnenetriol sulfate*			""			""			""		""	""	pregnenetriol sulfate*	100021103	62922	FALSE
""	8-methoxykynurenate			""			""			""		""	""	8-methoxykynurenate	100020360	62955	FALSE
""	N6,N6-dimethyllysine			""			""			""		""	""	N6,N6-dimethyllysine	100020417	62862	FALSE
""	N6-methyllysine			""			""			""		""	""	N6-methyllysine	100003415	62860	FALSE
""	N-lactoyl histidine			""			""			""		""	""	N-lactoyl histidine		64878	FALSE
HMDB0062181	N-lactoyl valine			""			""			""		""	""	N-lactoyl valine	100022485	64883	FALSE
""	(N(1) + N(8))-acetylspermidine			""			""			""		Amino Acid	Polyamine Metabolism	(N(1) + N(8))-acetylspermidine	100016038	57814	FALSE
""	1,2,3-benzenetriol sulfate (2)			""			""			""		Xenobiotics	Chemical	1,2,3-benzenetriol sulfate (2)	100006374	48762	FALSE
HMDB08138	1,2-dilinoleoyl-GPC (18:2/18:2)			""			""			""		Lipid	Phosphatidylcholine (PC)	1,2-dilinoleoyl-GPC (18:2/18:2)	100008903	52603	FALSE
HMDB09093	1,2-dilinoleoyl-GPE (18:2/18:2)*			""			""			""		Lipid	Phosphatidylethanolamine (PE)	1,2-dilinoleoyl-GPE (18:2/18:2)*	100009217	53174	FALSE
HMDB00564	1,2-dipalmitoyl-GPC (16:0/16:0)			""			""			""		Lipid	Phosphatidylcholine (PC)	1,2-dipalmitoyl-GPC (16:0/16:0)	100000657	19130	FALSE
HMDB08923	1,2-dipalmitoyl-GPE (16:0/16:0)*			""			""			""		Lipid	Phosphatidylethanolamine (PE)	1,2-dipalmitoyl-GPE (16:0/16:0)*	100009204	57341	FALSE
HMDB09778	1,2-dipalmitoyl-GPI (16:0/16:0)*			""			""			""		Lipid	Phosphatidylinositol (PI)	1,2-dipalmitoyl-GPI (16:0/16:0)*	100009169	57375	FALSE
HMDB02123	1,3,7-trimethylurate			""			""			""		Xenobiotics	Xanthine Metabolism	1,3,7-trimethylurate	100001397	34404	FALSE
HMDB01857	1,3-dimethylurate			""			""			""		Xenobiotics	Xanthine Metabolism	1,3-dimethylurate	100001106	32391	FALSE
HMDB02712	1,5-anhydroglucitol (1,5-AG)			""			""			""		Carbohydrate	Glycolysis, Gluconeogenesis, and Pyruvate Metabolism	1,5-anhydroglucitol (1,5-AG)	100000580	20675	FALSE
HMDB11103	1,7-dimethylurate			""			""			""		Xenobiotics	Xanthine Metabolism	1,7-dimethylurate	100001399	34400	FALSE
""	1-(1-enyl-oleoyl)-GPE (P-18:1)*			""			""			""		Lipid	Lysoplasmalogen	1-(1-enyl-oleoyl)-GPE (P-18:1)*	100005372	44621	FALSE
HMDB11220	1-(1-enyl-palmitoyl)-2-arachidonoyl-GPC (P-16:0/20:4)*			""			""			""		Lipid	Plasmalogen	1-(1-enyl-palmitoyl)-2-arachidonoyl-GPC (P-16:0/20:4)*	100009014	52689	FALSE
HMDB11352	1-(1-enyl-palmitoyl)-2-arachidonoyl-GPE (P-16:0/20:4)*			""			""			""		Lipid	Plasmalogen	1-(1-enyl-palmitoyl)-2-arachidonoyl-GPE (P-16:0/20:4)*	100009002	52673	FALSE
HMDB11211	1-(1-enyl-palmitoyl)-2-linoleoyl-GPC (P-16:0/18:2)*			""			""			""		Lipid	Plasmalogen	1-(1-enyl-palmitoyl)-2-linoleoyl-GPC (P-16:0/18:2)*	100009009	52682	FALSE
HMDB11343	1-(1-enyl-palmitoyl)-2-linoleoyl-GPE (P-16:0/18:2)*			""			""			""		Lipid	Plasmalogen	1-(1-enyl-palmitoyl)-2-linoleoyl-GPE (P-16:0/18:2)*	100009069	52677	FALSE
""	1-(1-enyl-palmitoyl)-2-oleoyl-GPC (P-16:0/18:1)*			""			""			""		Lipid	Plasmalogen	1-(1-enyl-palmitoyl)-2-oleoyl-GPC (P-16:0/18:1)*	100009007	52478	FALSE
HMDB11342	1-(1-enyl-palmitoyl)-2-oleoyl-GPE (P-16:0/18:1)*			""			""			""		Lipid	Plasmalogen	1-(1-enyl-palmitoyl)-2-oleoyl-GPE (P-16:0/18:1)*	100009005	52477	FALSE
HMDB11207	1-(1-enyl-palmitoyl)-2-palmitoleoyl-GPC (P-16:0/16:1)*			""			""			""		Lipid	Plasmalogen	1-(1-enyl-palmitoyl)-2-palmitoleoyl-GPC (P-16:0/16:1)*	100009160	52713	FALSE
HMDB11206	1-(1-enyl-palmitoyl)-2-palmitoyl-GPC (P-16:0/16:0)*			""			""			""		Lipid	Plasmalogen	1-(1-enyl-palmitoyl)-2-palmitoyl-GPC (P-16:0/16:0)*	100009162	52716	FALSE
HMDB10407	1-(1-enyl-palmitoyl)-GPC (P-16:0)*			""			""			""		Lipid	Lysoplasmalogen	1-(1-enyl-palmitoyl)-GPC (P-16:0)*	100002875	52474	FALSE
""	1-(1-enyl-palmitoyl)-GPE (P-16:0)*			""			""			""		Lipid	Lysoplasmalogen	1-(1-enyl-palmitoyl)-GPE (P-16:0)*	100003000	39270	FALSE
HMDB05779	1-(1-enyl-stearoyl)-2-arachidonoyl-GPE (P-18:0/20:4)*			""			""			""		Lipid	Plasmalogen	1-(1-enyl-stearoyl)-2-arachidonoyl-GPE (P-18:0/20:4)*	100008999	52475	FALSE
HMDB11376	1-(1-enyl-stearoyl)-2-linoleoyl-GPE (P-18:0/18:2)*			""			""			""		Lipid	Plasmalogen	1-(1-enyl-stearoyl)-2-linoleoyl-GPE (P-18:0/18:2)*	100009225	52748	FALSE
HMDB11375	1-(1-enyl-stearoyl)-2-oleoyl-GPE (P-18:0/18:1)			""			""			""		Lipid	Plasmalogen	1-(1-enyl-stearoyl)-2-oleoyl-GPE (P-18:0/18:1)	100008919	52614	FALSE
""	1-(1-enyl-stearoyl)-GPE (P-18:0)*			""			""			""		Lipid	Lysoplasmalogen	1-(1-enyl-stearoyl)-GPE (P-18:0)*	100003001	39271	FALSE
""	1-arachidonoyl-GPA (20:4)			""			""			""		Lipid	Lysophospholipid	1-arachidonoyl-GPA (20:4)	100004442	46325	FALSE
HMDB10395	1-arachidonoyl-GPC (20:4n6)*			""			""			""		Lipid	Lysophospholipid	1-arachidonoyl-GPC (20:4n6)*	100001551	33228	FALSE
HMDB11517	1-arachidonoyl-GPE (20:4n6)*			""			""			""		Lipid	Lysophospholipid	1-arachidonoyl-GPE (20:4n6)*	100001571	35186	FALSE
HMDB61690	1-arachidonoyl-GPI (20:4)*			""			""			""		Lipid	Lysophospholipid	1-arachidonoyl-GPI (20:4)*	100001654	34214	FALSE
HMDB11549	1-arachidonylglycerol (20:4)			""			""			""		Lipid	Monoacylglycerol	1-arachidonylglycerol (20:4)	100001433	34397	FALSE
HMDB0062180	N-lactoyl isoleucine			""			""			""		Amino Acid	Leucine, Isoleucine and Valine Metabolism	N-lactoyl isoleucine	100022479	64879	FALSE
HMDB0062176	N-lactoyl leucine			""			""			""		Amino Acid	Leucine, Isoleucine and Valine Metabolism	N-lactoyl leucine	100022480	64880	FALSE
HMDB0062175	N-lactoyl phenylalanine			""			""			""		Amino Acid	Phenylalanine Metabolism	N-lactoyl phenylalanine	100022482	64881	FALSE
HMDB0062177	N-lactoyl tyrosine			""			""			""		Amino Acid	Tyrosine Metabolism	N-lactoyl tyrosine	100022484	64882	FALSE
HMDB0062181	N-lactoyl valine			""			""			""		Amino Acid	Leucine, Isoleucine and Valine Metabolism	N-lactoyl valine	100022485	64883	FALSE
""	1-dihomo-linolenylglycerol (20:3)			""			""			""		Lipid	Monoacylglycerol	1-dihomo-linolenylglycerol (20:3)	100006121	48341	FALSE
""	1-dihomo-linoleoylglycerol (20:2)			""			""			""		Lipid	Monoacylglycerol	1-dihomo-linoleoylglycerol (20:2)	100001483	35103	FALSE
HMDB11587	1-docosahexaenoylglycerol (22:6)			""			""			""		Lipid	Monoacylglycerol	1-docosahexaenoylglycerol (22:6)	100001481	35153	FALSE
""	1-hydroxy-2-naphthalenecarboxylate			""			""			""		Xenobiotics	Drug - Other	1-hydroxy-2-naphthalenecarboxylate	100002394	38140	FALSE
HMDB10405	1-lignoceroyl-GPC (24:0)			""			""			""		Lipid	Lysophospholipid	1-lignoceroyl-GPC (24:0)	100002873	49617	FALSE
HMDB10388	1-linolenoyl-GPC (18:3)*			""			""			""		Lipid	Lysophospholipid	1-linolenoyl-GPC (18:3)*	100005350	45951	FALSE
HMDB11569	1-linolenoylglycerol (18:3)			""			""			""		Lipid	Monoacylglycerol	1-linolenoylglycerol (18:3)	100001435	34393	FALSE
HMDB08147	1-linoleoyl-2-arachidonoyl-GPC (18:2/20:4n6)*			""			""			""		Lipid	Phosphatidylcholine (PC)	1-linoleoyl-2-arachidonoyl-GPC (18:2/20:4n6)*	100009131	52710	FALSE
HMDB08141	1-linoleoyl-2-linolenoyl-GPC (18:2/18:3)*			""			""			""		Lipid	Phosphatidylcholine (PC)	1-linoleoyl-2-linolenoyl-GPC (18:2/18:3)*	100009343	53176	FALSE
HMDB07856	1-linoleoyl-GPA (18:2)*			""			""			""		Lipid	Lysophospholipid	1-linoleoyl-GPA (18:2)*	100009082	52690	FALSE
HMDB10386	1-linoleoyl-GPC (18:2)			""			""			""		Lipid	Lysophospholipid	1-linoleoyl-GPC (18:2)	100001395	34419	FALSE
HMDB11507	1-linoleoyl-GPE (18:2)*			""			""			""		Lipid	Lysophospholipid	1-linoleoyl-GPE (18:2)*	100001570	36600	FALSE
""	1-linoleoyl-GPG (18:2)*			""			""			""		Lipid	Lysophospholipid	1-linoleoyl-GPG (18:2)*	100009227	54885	FALSE
""	1-linoleoyl-GPI (18:2)*			""			""			""		Lipid	Lysophospholipid	1-linoleoyl-GPI (18:2)*	100001778	36594	FALSE
""	1-linoleoylglycerol (18:2)			""			""			""		Lipid	Monoacylglycerol	1-linoleoylglycerol (18:2)	100001040	27447	FALSE
HMDB02820	1-methyl-4-imidazoleacetate			""			""			""		Amino Acid	Histidine Metabolism	1-methyl-4-imidazoleacetate	100001208	32350	FALSE
HMDB00001	1-methylhistidine			""			""			""		Amino Acid	Histidine Metabolism	1-methylhistidine	100001051	30460	FALSE
HMDB00699	1-methylnicotinamide			""			""			""		Cofactors and Vitamins	Nicotinate and Nicotinamide Metabolism	1-methylnicotinamide	55	27665	FALSE
HMDB03099	1-methylurate			""			""			""		Xenobiotics	Xanthine Metabolism	1-methylurate	100001400	34395	FALSE
HMDB10738	1-methylxanthine			""			""			""		Xenobiotics	Xanthine Metabolism	1-methylxanthine	100001405	34389	FALSE
HMDB07883	1-myristoyl-2-arachidonoyl-GPC (14:0/20:4)*			""			""			""		Lipid	Phosphatidylcholine (PC)	1-myristoyl-2-arachidonoyl-GPC (14:0/20:4)*	100009139	53195	FALSE
HMDB07869	1-myristoyl-2-palmitoyl-GPC (14:0/16:0)			""			""			""		Lipid	Phosphatidylcholine (PC)	1-myristoyl-2-palmitoyl-GPC (14:0/16:0)	100000672	19258	FALSE
HMDB11561	1-myristoylglycerol (14:0)			""			""			""		Lipid	Monoacylglycerol	1-myristoylglycerol (14:0)	100001618	35625	FALSE
HMDB09069	1-oleoyl-2-arachidonoyl-GPE (18:1/20:4)*			""			""			""		Lipid	Phosphatidylethanolamine (PE)	1-oleoyl-2-arachidonoyl-GPE (18:1/20:4)*	100009219	55041	FALSE
HMDB08123	1-oleoyl-2-docosahexaenoyl-GPC (18:1/22:6)*			""			""			""		Lipid	Phosphatidylcholine (PC)	1-oleoyl-2-docosahexaenoyl-GPC (18:1/22:6)*	100009130	52697	FALSE
HMDB05349	1-oleoyl-2-linoleoyl-GPE (18:1/18:2)*			""			""			""		Lipid	Phosphatidylethanolamine (PE)	1-oleoyl-2-linoleoyl-GPE (18:1/18:2)*	100009078	52687	FALSE
""	1-oleoyl-GPA (18:1)			""			""			""		Lipid	Lysophospholipid	1-oleoyl-GPA (18:1)	100001671	36812	FALSE
HMDB02815	1-oleoyl-GPC (18:1)			""			""			""		Lipid	Lysophospholipid	1-oleoyl-GPC (18:1)	100001272	48258	FALSE
HMDB11506	1-oleoyl-GPE (18:1)			""			""			""		Lipid	Lysophospholipid	1-oleoyl-GPE (18:1)	100001569	35628	FALSE
""	1-oleoyl-GPG (18:1)*			""			""			""		Lipid	Lysophospholipid	1-oleoyl-GPG (18:1)*	100005716	45968	FALSE
""	1-oleoyl-GPI (18:1)*			""			""			""		Lipid	Lysophospholipid	1-oleoyl-GPI (18:1)*	100001777	36602	FALSE
HMDB11567	1-oleoylglycerol (18:1)			""			""			""		Lipid	Monoacylglycerol	1-oleoylglycerol (18:1)	100000924	21184	FALSE
HMDB08008	1-palmitoleoyl-2-linolenoyl-GPC (16:1/18:3)*			""			""			""		Lipid	Phosphatidylcholine (PC)	1-palmitoleoyl-2-linolenoyl-GPC (16:1/18:3)*	100009345	53180	FALSE
HMDB08006	1-palmitoleoyl-2-linoleoyl-GPC (16:1/18:2)*			""			""			""		Lipid	Phosphatidylcholine (PC)	1-palmitoleoyl-2-linoleoyl-GPC (16:1/18:2)*	100009075	52683	FALSE
HMDB10383	1-palmitoleoyl-GPC (16:1)*			""			""			""		Lipid	Lysophospholipid	1-palmitoleoyl-GPC (16:1)*	100001511	33230	FALSE
HMDB11565	1-palmitoleoylglycerol (16:1)*			""			""			""		Lipid	Monoacylglycerol	1-palmitoleoylglycerol (16:1)*	100008952	52431	FALSE
HMDB07975	1-palmitoyl-2-alpha-linolenoyl-GPC (16:0/18:3n3)*			""			""			""		Lipid	Phosphatidylcholine (PC)	1-palmitoyl-2-alpha-linolenoyl-GPC (16:0/18:3n3)*	100009076	52684	FALSE
HMDB07982	1-palmitoyl-2-arachidonoyl-GPC (16:0/20:4n6)			""			""			""		Lipid	Phosphatidylcholine (PC)	1-palmitoyl-2-arachidonoyl-GPC (16:0/20:4n6)	100008914	52462	FALSE
HMDB05323	1-palmitoyl-2-arachidonoyl-GPE (16:0/20:4)*			""			""			""		Lipid	Phosphatidylethanolamine (PE)	1-palmitoyl-2-arachidonoyl-GPE (16:0/20:4)*	100008990	52464	FALSE
HMDB09789	1-palmitoyl-2-arachidonoyl-GPI (16:0/20:4)*			""			""			""		Lipid	Phosphatidylinositol (PI)	1-palmitoyl-2-arachidonoyl-GPI (16:0/20:4)*	100008993	52467	FALSE
""	1-palmitoyl-2-dihomo-linolenoyl-GPC (16:0/20:3n3 or 6)*			""			""			""		Lipid	Phosphatidylcholine (PC)	1-palmitoyl-2-dihomo-linolenoyl-GPC (16:0/20:3n3 or 6)*	100008985	52454	FALSE
HMDB07991	1-palmitoyl-2-docosahexaenoyl-GPC (16:0/22:6)			""			""			""		Lipid	Phosphatidylcholine (PC)	1-palmitoyl-2-docosahexaenoyl-GPC (16:0/22:6)	100008915	52610	FALSE
HMDB05324	1-palmitoyl-2-docosahexaenoyl-GPE (16:0/22:6)*			""			""			""		Lipid	Phosphatidylethanolamine (PE)	1-palmitoyl-2-docosahexaenoyl-GPE (16:0/22:6)*	100008991	52465	FALSE
HMDB07974	1-palmitoyl-2-gamma-linolenoyl-GPC (16:0/18:3n6)*			""			""			""		Lipid	Phosphatidylcholine (PC)	1-palmitoyl-2-gamma-linolenoyl-GPC (16:0/18:3n6)*	100009154	54812	FALSE
HMDB07973	1-palmitoyl-2-linoleoyl-GPC (16:0/18:2)			""			""			""		Lipid	Phosphatidylcholine (PC)	1-palmitoyl-2-linoleoyl-GPC (16:0/18:2)	1537	42446	FALSE
HMDB05322	1-palmitoyl-2-linoleoyl-GPE (16:0/18:2)			""			""			""		Lipid	Phosphatidylethanolamine (PE)	1-palmitoyl-2-linoleoyl-GPE (16:0/18:2)	100001870	42449	FALSE
HMDB09784	1-palmitoyl-2-linoleoyl-GPI (16:0/18:2)			""			""			""		Lipid	Phosphatidylinositol (PI)	1-palmitoyl-2-linoleoyl-GPI (16:0/18:2)	1528	52450	FALSE
HMDB07972	1-palmitoyl-2-oleoyl-GPC (16:0/18:1)			""			""			""		Lipid	Phosphatidylcholine (PC)	1-palmitoyl-2-oleoyl-GPC (16:0/18:1)	1539	52461	FALSE
HMDB05320	1-palmitoyl-2-oleoyl-GPE (16:0/18:1)			""			""			""		Lipid	Phosphatidylethanolamine (PE)	1-palmitoyl-2-oleoyl-GPE (16:0/18:1)	1526	19263	FALSE
HMDB09783	1-palmitoyl-2-oleoyl-GPI (16:0/18:1)*			""			""			""		Lipid	Phosphatidylinositol (PI)	1-palmitoyl-2-oleoyl-GPI (16:0/18:1)*	100009066	52669	FALSE
HMDB07969	1-palmitoyl-2-palmitoleoyl-GPC (16:0/16:1)*			""			""			""		Lipid	Phosphatidylcholine (PC)	1-palmitoyl-2-palmitoleoyl-GPC (16:0/16:1)*	100008984	52470	FALSE
HMDB07970	1-palmitoyl-2-stearoyl-GPC (16:0/18:0)			""			""			""		Lipid	Phosphatidylcholine (PC)	1-palmitoyl-2-stearoyl-GPC (16:0/18:0)	100008921	52616	FALSE
HMDB00327	1-palmitoyl-GPA (16:0)			""			""			""		Lipid	Lysophospholipid	1-palmitoyl-GPA (16:0)	100001445	34428	FALSE
HMDB10382	1-palmitoyl-GPC (16:0)			""			""			""		Lipid	Lysophospholipid	1-palmitoyl-GPC (16:0)	100001263	33955	FALSE
HMDB11503	1-palmitoyl-GPE (16:0)			""			""			""		Lipid	Lysophospholipid	1-palmitoyl-GPE (16:0)	100001567	35631	FALSE
""	1-palmitoyl-GPG (16:0)*			""			""			""		Lipid	Lysophospholipid	1-palmitoyl-GPG (16:0)*	100005717	45970	FALSE
HMDB61695	1-palmitoyl-GPI (16:0)			""			""			""		Lipid	Lysophospholipid	1-palmitoyl-GPI (16:0)	100001655	35305	FALSE
HMDB31074	1-palmitoylglycerol (16:0)			""			""			""		Lipid	Monoacylglycerol	1-palmitoylglycerol (16:0)	100000827	21127	FALSE
HMDB02331	1-ribosyl-imidazoleacetate*			""			""			""		Amino Acid	Histidine Metabolism	1-ribosyl-imidazoleacetate*	100001668	61868	FALSE
HMDB08048	1-stearoyl-2-arachidonoyl-GPC (18:0/20:4)			""			""			""		Lipid	Phosphatidylcholine (PC)	1-stearoyl-2-arachidonoyl-GPC (18:0/20:4)	100001869	42450	FALSE
HMDB09003	1-stearoyl-2-arachidonoyl-GPE (18:0/20:4)			""			""			""		Lipid	Phosphatidylethanolamine (PE)	1-stearoyl-2-arachidonoyl-GPE (18:0/20:4)	100008977	52447	FALSE
HMDB09815	1-stearoyl-2-arachidonoyl-GPI (18:0/20:4)			""			""			""		Lipid	Phosphatidylinositol (PI)	1-stearoyl-2-arachidonoyl-GPI (18:0/20:4)	100000616	52449	FALSE
HMDB08057	1-stearoyl-2-docosahexaenoyl-GPC (18:0/22:6)			""			""			""		Lipid	Phosphatidylcholine (PC)	1-stearoyl-2-docosahexaenoyl-GPC (18:0/22:6)	100008916	52611	FALSE
HMDB05334	1-stearoyl-2-docosahexaenoyl-GPE (18:0/22:6)*			""			""			""		Lipid	Phosphatidylethanolamine (PE)	1-stearoyl-2-docosahexaenoyl-GPE (18:0/22:6)*	100008992	52466	FALSE
HMDB08039	1-stearoyl-2-linoleoyl-GPC (18:0/18:2)*			""			""			""		Lipid	Phosphatidylcholine (PC)	1-stearoyl-2-linoleoyl-GPC (18:0/18:2)*	100008980	52452	FALSE
HMDB08994	1-stearoyl-2-linoleoyl-GPE (18:0/18:2)*			""			""			""		Lipid	Phosphatidylethanolamine (PE)	1-stearoyl-2-linoleoyl-GPE (18:0/18:2)*	100008976	52446	FALSE
HMDB09809	1-stearoyl-2-linoleoyl-GPI (18:0/18:2)			""			""			""		Lipid	Phosphatidylinositol (PI)	1-stearoyl-2-linoleoyl-GPI (18:0/18:2)	100008994	52468	FALSE
HMDB08038	1-stearoyl-2-oleoyl-GPC (18:0/18:1)			""			""			""		Lipid	Phosphatidylcholine (PC)	1-stearoyl-2-oleoyl-GPC (18:0/18:1)	100008904	52438	FALSE
HMDB08993	1-stearoyl-2-oleoyl-GPE (18:0/18:1)			""			""			""		Lipid	Phosphatidylethanolamine (PE)	1-stearoyl-2-oleoyl-GPE (18:0/18:1)	100001856	42448	FALSE
""	1-stearoyl-2-oleoyl-GPI (18:0/18:1)*			""			""			""		Lipid	Phosphatidylinositol (PI)	1-stearoyl-2-oleoyl-GPI (18:0/18:1)*	100009181	52726	FALSE
HMDB10163	1-stearoyl-2-oleoyl-GPS (18:0/18:1)			""			""			""		Lipid	Phosphatidylserine (PS)	1-stearoyl-2-oleoyl-GPS (18:0/18:1)	100000639	19265	FALSE
HMDB10384	1-stearoyl-GPC (18:0)			""			""			""		Lipid	Lysophospholipid	1-stearoyl-GPC (18:0)	100001271	33961	FALSE
HMDB11130	1-stearoyl-GPE (18:0)			""			""			""		Lipid	Lysophospholipid	1-stearoyl-GPE (18:0)	100001461	42398	FALSE
""	1-stearoyl-GPG (18:0)			""			""			""		Lipid	Lysophospholipid	1-stearoyl-GPG (18:0)	100001462	34437	FALSE
HMDB61696	1-stearoyl-GPI (18:0)			""			""			""		Lipid	Lysophospholipid	1-stearoyl-GPI (18:0)	100000656	19324	FALSE
HMDB60038	10-heptadecenoate (17:1n7)			""			""			""		Lipid	Long Chain Fatty Acid	10-heptadecenoate (17:1n7)	100001278	33971	FALSE
HMDB13622	10-nonadecenoate (19:1n9)			""			""			""		Lipid	Long Chain Fatty Acid	10-nonadecenoate (19:1n9)	100001277	33972	FALSE
HMDB33724	10-undecenoate (11:1n1)			""			""			""		Lipid	Medium Chain Fatty Acid	10-undecenoate (11:1n1)	100001197	32497	FALSE
HMDB04705	12,13-DiHOME			""			""			""		Lipid	Fatty Acid, Dihydroxy	12,13-DiHOME	62	38395	FALSE
HMDB06111	12-HETE			""			""			""		Lipid	Eicosanoid	12-HETE	100002167	37536	FALSE
HMDB12535	12-HHTrE			""			""			""		Lipid	Eicosanoid	12-HHTrE	1261	57393	FALSE
""	13-HODE + 9-HODE			""			""			""		Lipid	Fatty Acid, Monohydroxy	13-HODE + 9-HODE	100002196	37752	FALSE
""	14-HDoHE/17-HDoHE			""			""			""		Lipid	Fatty Acid, Monohydroxy	14-HDoHE/17-HDoHE	100009278	53034	FALSE
""	15-methylpalmitate (i17:0)			""			""			""		Lipid	Fatty Acid, Branched	15-methylpalmitate (i17:0)	100002945	38768	FALSE
HMDB06294	16-hydroxypalmitate			""			""			""		Lipid	Fatty Acid, Monohydroxy	16-hydroxypalmitate	100002953	39609	FALSE
""	16a-hydroxy DHEA 3-sulfate			""			""			""		Lipid	Androgenic Steroids	16a-hydroxy DHEA 3-sulfate	100002126	38168	FALSE
HMDB37397	17-methylstearate (i19:0)			""			""			""		Lipid	Fatty Acid, Branched	17-methylstearate (i19:0)	100002356	38296	FALSE
HMDB00416	17alpha-hydroxypregnenolone 3-sulfate			""			""			""		Lipid	Pregnenolone Steroids	17alpha-hydroxypregnenolone 3-sulfate	100002128	37482	FALSE
""	1H-indole-7-acetic acid			""			""			""		Xenobiotics	Bacterial/Fungal	1H-indole-7-acetic acid	100004601	57783	FALSE
HMDB00012	2'-deoxyuridine			""			""			""		Nucleotide	Pyrimidine Metabolism, Uracil containing	2'-deoxyuridine	536	52602	FALSE
""	2'-O-methyluridine			""			""			""		Nucleotide	Pyrimidine Metabolism, Uracil containing	2'-O-methyluridine	100010896	57655	FALSE
HMDB29576	2,3-dihydroxy-2-methylbutyrate			""			""			""		Amino Acid	Leucine, Isoleucine and Valine Metabolism	2,3-dihydroxy-2-methylbutyrate	100010869	57547	FALSE
HMDB12141	2,3-dihydroxyisovalerate			""			""			""		Xenobiotics	Food Component/Plant	2,3-dihydroxyisovalerate	100002417	38276	FALSE
""	2,5-dimethylphenol sulfate			""			""			""		Xenobiotics	Food Component/Plant	2,5-dimethylphenol sulfate	100020519	62533	FALSE
""	2-acetamidophenol sulfate			""			""			""		Xenobiotics	Drug - Analgesics, Anesthetics	2-acetamidophenol sulfate	100006190	48580	FALSE
HMDB00510	2-aminoadipate			""			""			""		Amino Acid	Lysine Metabolism	2-aminoadipate	381	6146	FALSE
HMDB00650	2-aminobutyrate			""			""			""		Amino Acid	Glutathione Metabolism	2-aminobutyrate	1128	42374	FALSE
HMDB00991	2-aminooctanoate			""			""			""		Lipid	Fatty Acid, Amino	2-aminooctanoate	100004227	43343	FALSE
HMDB61116	2-aminophenol sulfate			""			""			""		Xenobiotics	Chemical	2-aminophenol sulfate	100004322	43266	FALSE
HMDB04666	2-arachidonoylglycerol (20:4)			""			""			""		Lipid	Monoacylglycerol	2-arachidonoylglycerol (20:4)	100000584	19266	FALSE
HMDB11557	2-docosahexaenoylglycerol (22:6)*			""			""			""		Lipid	Monoacylglycerol	2-docosahexaenoylglycerol (22:6)*	100006352	48675	FALSE
HMDB00317	2-hydroxy-3-methylvalerate			""			""			""		Amino Acid	Leucine, Isoleucine and Valine Metabolism	2-hydroxy-3-methylvalerate	100001541	36746	FALSE
""	2-hydroxyacetaminophen sulfate*			""			""			""		Xenobiotics	Drug - Analgesics, Anesthetics	2-hydroxyacetaminophen sulfate*	100001791	33173	FALSE
""	2-hydroxybehenate			""			""			""		Lipid	Fatty Acid, Monohydroxy	2-hydroxybehenate	100015637	57663	FALSE
""	2-hydroxybutyrate/2-hydroxyisobutyrate			""			""			""		Amino Acid	Glutathione Metabolism	2-hydroxybutyrate/2-hydroxyisobutyrate	100008928	52281	FALSE
""	2-hydroxydecanoate			""			""			""		Lipid	Fatty Acid, Monohydroxy	2-hydroxydecanoate	100004089	42489	FALSE
HMDB00606	2-hydroxyglutarate			""			""			""		Lipid	Fatty Acid, Dicarboxylate	2-hydroxyglutarate	100002070	37253	FALSE
HMDB00840	2-hydroxyhippurate (salicylurate)			""			""			""		Xenobiotics	Benzoate Metabolism	2-hydroxyhippurate (salicylurate)	1869	18281	FALSE
HMDB60920	2-hydroxyibuprofen			""			""			""		Xenobiotics	Drug - Analgesics, Anesthetics	2-hydroxyibuprofen	100004169	43330	FALSE
""	2-hydroxylaurate			""			""			""		Lipid	Fatty Acid, Monohydroxy	2-hydroxylaurate	100008934	52916	FALSE
""	2-hydroxynervonate*			""			""			""		Lipid	Fatty Acid, Monohydroxy	2-hydroxynervonate*	100015638	61698	FALSE
HMDB02264	2-hydroxyoctanoate			""			""			""		Lipid	Fatty Acid, Monohydroxy	2-hydroxyoctanoate	100000743	22036	FALSE
HMDB31057	2-hydroxypalmitate			""			""			""		Lipid	Fatty Acid, Monohydroxy	2-hydroxypalmitate	100001579	35675	FALSE
HMDB00669	2-hydroxyphenylacetate			""			""			""		Amino Acid	Tyrosine Metabolism	2-hydroxyphenylacetate	235	1432	FALSE
""	2-hydroxystearate			""			""			""		Lipid	Fatty Acid, Monohydroxy	2-hydroxystearate	1239	17945	FALSE
HMDB00402	2-isopropylmalate			""			""			""		Xenobiotics	Food Component/Plant	2-isopropylmalate	100000409	15667	FALSE
HMDB01353	2-keto-3-deoxy-gluconate			""			""			""		Xenobiotics	Food Component/Plant	2-keto-3-deoxy-gluconate	100005946	48141	FALSE
HMDB11538	2-linoleoylglycerol (18:2)			""			""			""		Lipid	Monoacylglycerol	2-linoleoylglycerol (18:2)	100000987	32506	FALSE
""	2-methoxyacetaminophen glucuronide*			""			""			""		Xenobiotics	Drug - Analgesics, Anesthetics	2-methoxyacetaminophen glucuronide*	100001795	33161	FALSE
""	2-methoxyacetaminophen sulfate*			""			""			""		Xenobiotics	Drug - Analgesics, Anesthetics	2-methoxyacetaminophen sulfate*	100001793	47031	FALSE
""	2-methoxyresorcinol sulfate			""			""			""		Xenobiotics	Chemical	2-methoxyresorcinol sulfate	100006184	48445	FALSE
HMDB00378	2-methylbutyrylcarnitine (C5)			""			""			""		Amino Acid	Leucine, Isoleucine and Valine Metabolism	2-methylbutyrylcarnitine (C5)	100001509	45095	FALSE
HMDB00339	2-methylbutyrylglycine			""			""			""		Amino Acid	Leucine, Isoleucine and Valine Metabolism	2-methylbutyrylglycine	100001155	31928	FALSE
""	2-methylcitrate/homocitrate			""			""			""		Energy	TCA Cycle	2-methylcitrate/homocitrate	100008929	52282	FALSE
""	2-naphthol sulfate			""			""			""		Xenobiotics	Chemical	2-naphthol sulfate	100020515	62520	FALSE
HMDB11537	2-oleoylglycerol (18:1)			""			""			""		Lipid	Monoacylglycerol	2-oleoylglycerol (18:1)	100000943	21232	FALSE
HMDB04225	2-oxoarginine*			""			""			""		Amino Acid	Urea cycle; Arginine and Proline Metabolism	2-oxoarginine*	100002784	55072	FALSE
HMDB10383	2-palmitoleoyl-GPC (16:1)*			""			""			""		Lipid	Lysophospholipid	2-palmitoleoyl-GPC (16:1)*	100001561	47118	FALSE
HMDB11565	2-palmitoleoylglycerol (16:1)*			""			""			""		Lipid	Monoacylglycerol	2-palmitoleoylglycerol (16:1)*	100008953	52432	FALSE
HMDB61702	2-palmitoyl-GPC (16:0)*			""			""			""		Lipid	Lysophospholipid	2-palmitoyl-GPC (16:0)*	100001562	35253	FALSE
HMDB02039	2-pyrrolidinone			""			""			""		Amino Acid	Glutamate Metabolism	2-pyrrolidinone	100001081	31675	FALSE
HMDB11129	2-stearoyl-GPE (18:0)*			""			""			""		Lipid	Lysophospholipid	2-stearoyl-GPE (18:0)*	100003901	41220	FALSE
""	21-hydroxypregnenolone disulfate			""			""			""		Lipid	Pregnenolone Steroids	21-hydroxypregnenolone disulfate	100001999	46115	FALSE
""	3,4-methyleneheptanoate			""			""			""		Xenobiotics	Food Component/Plant	3,4-methyleneheptanoate	100006651	53026	FALSE
""	3,4-methyleneheptanoylcarnitine			""			""			""		Lipid	Fatty Acid Metabolism(Acyl Carnitine)	3,4-methyleneheptanoylcarnitine	100009234	52929	FALSE
HMDB01982	3,7-dimethylurate			""			""			""		Xenobiotics	Xanthine Metabolism	3,7-dimethylurate	100001398	34399	FALSE
HMDB00375	3-(3-hydroxyphenyl)propionate			""			""			""		Xenobiotics	Benzoate Metabolism	3-(3-hydroxyphenyl)propionate	100001624	35635	FALSE
""	3-(3-hydroxyphenyl)propionate sulfate			""			""			""		Xenobiotics	Benzoate Metabolism	3-(3-hydroxyphenyl)propionate sulfate	100005391	45415	FALSE
HMDB00755	3-(4-hydroxyphenyl)lactate			""			""			""		Amino Acid	Tyrosine Metabolism	3-(4-hydroxyphenyl)lactate	240	32197	FALSE
""	3-(cystein-S-yl)acetaminophen*			""			""			""		Xenobiotics	Drug - Analgesics, Anesthetics	3-(cystein-S-yl)acetaminophen*	100001797	34365	FALSE
""	3-(methylthio)acetaminophen sulfate*			""			""			""		Xenobiotics	Drug - Analgesics, Anesthetics	3-(methylthio)acetaminophen sulfate*	100020827	62567	FALSE
""	3-(N-acetyl-L-cystein-S-yl) acetaminophen			""			""			""		Xenobiotics	Drug - Analgesics, Anesthetics	3-(N-acetyl-L-cystein-S-yl) acetaminophen	2048	45721	FALSE
""	3-acetylphenol sulfate			""			""			""		Xenobiotics	Chemical	3-acetylphenol sulfate	100004326	48693	FALSE
HMDB03911	3-aminoisobutyrate			""			""			""		Nucleotide	Pyrimidine Metabolism, Thymine containing	3-aminoisobutyrate	1114	1566	FALSE
""	3-carboxy-4-methyl-5-pentyl-2-furanpropionate (3-CMPFP)**			""			""			""		Lipid	Fatty Acid, Dicarboxylate	3-carboxy-4-methyl-5-pentyl-2-furanpropionate (3-CMPFP)**	100020004	61871	FALSE
HMDB61112	3-carboxy-4-methyl-5-propyl-2-furanpropanoate (CMPF)			""			""			""		Lipid	Fatty Acid, Dicarboxylate	3-carboxy-4-methyl-5-propyl-2-furanpropanoate (CMPF)	100001178	31787	FALSE
""	3-ethylphenylsulfate			""			""			""		Xenobiotics	Benzoate Metabolism	3-ethylphenylsulfate	100001808	36848	FALSE
HMDB00396	3-hydroxy-2-ethylpropionate			""			""			""		Amino Acid	Leucine, Isoleucine and Valine Metabolism	3-hydroxy-2-ethylpropionate	100001170	32397	FALSE
HMDB00355	3-hydroxy-3-methylglutarate			""			""			""		Lipid	Mevalonate Metabolism	3-hydroxy-3-methylglutarate	112	531	FALSE
HMDB00345	3-hydroxyadipate*			""			""			""		Lipid	Fatty Acid, Dicarboxylate	3-hydroxyadipate*	100004396	62069	FALSE
HMDB00357	3-hydroxybutyrate (BHBA)			""			""			""		Lipid	Ketone Bodies	3-hydroxybutyrate (BHBA)	254	542	FALSE
""	3-hydroxybutyroylglycine**			""			""			""		Lipid	Fatty Acid Metabolism(Acyl Glycine)	3-hydroxybutyroylglycine**	100020211	62064	FALSE
HMDB13127	3-hydroxybutyrylcarnitine (1)			""			""			""		Lipid	Fatty Acid Metabolism(Acyl Carnitine)	3-hydroxybutyrylcarnitine (1)	100003926	43264	FALSE
HMDB13127	3-hydroxybutyrylcarnitine (2)			""			""			""		Lipid	Fatty Acid Metabolism(Acyl Carnitine)	3-hydroxybutyrylcarnitine (2)	100009271	52984	FALSE
HMDB01204	3-hydroxycotinine glucuronide			""			""			""		Xenobiotics	Tobacco Metabolite	3-hydroxycotinine glucuronide	100004494	43470	FALSE
HMDB02203	3-hydroxydecanoate			""			""			""		Lipid	Fatty Acid, Monohydroxy	3-hydroxydecanoate	100000997	22053	FALSE
""	3-hydroxyhexanoate			""			""			""		Lipid	Fatty Acid, Monohydroxy	3-hydroxyhexanoate	100006367	53230	FALSE
HMDB06116	3-hydroxyhippurate			""			""			""		Xenobiotics	Benzoate Metabolism	3-hydroxyhippurate	100002122	39600	FALSE
""	3-hydroxyhippurate sulfate			""			""			""		Xenobiotics	Benzoate Metabolism	3-hydroxyhippurate sulfate	100020410	62530	FALSE
""	3-hydroxyindolin-2-one sulfate			""			""			""		Xenobiotics	Food Component/Plant	3-hydroxyindolin-2-one sulfate	100006103	48419	FALSE
HMDB00336	3-hydroxyisobutyrate			""			""			""		Amino Acid	Leucine, Isoleucine and Valine Metabolism	3-hydroxyisobutyrate	111	1549	FALSE
HMDB00387	3-hydroxylaurate			""			""			""		Lipid	Fatty Acid, Monohydroxy	3-hydroxylaurate	100001112	32457	FALSE
HMDB01954	3-hydroxyoctanoate			""			""			""		Lipid	Fatty Acid, Monohydroxy	3-hydroxyoctanoate	100000773	22001	FALSE
""	3-hydroxyoleate*			""			""			""		Lipid	Fatty Acid, Monohydroxy	3-hydroxyoleate*	100019966	61843	FALSE
""	3-hydroxypyridine sulfate			""			""			""		Xenobiotics	Chemical	3-hydroxypyridine sulfate	100006098	48448	FALSE
HMDB00350	3-hydroxysebacate			""			""			""		Lipid	Fatty Acid, Monohydroxy	3-hydroxysebacate	100001145	31943	FALSE
""	3-hydroxystachydrine*			""			""			""		Xenobiotics	Food Component/Plant	3-hydroxystachydrine*	100020203	62062	FALSE
""	3-hydroxystearate			""			""			""		Lipid	Fatty Acid, Monohydroxy	3-hydroxystearate	100008933	52938	FALSE
HMDB00682	3-indoxyl sulfate			""			""			""		Amino Acid	Tryptophan Metabolism	3-indoxyl sulfate	100000467	27672	FALSE
""	3-methoxycatechol sulfate (1)			""			""			""		Xenobiotics	Benzoate Metabolism	3-methoxycatechol sulfate (1)	100006375	48763	FALSE
""	3-methoxycatechol sulfate (2)			""			""			""		Xenobiotics	Benzoate Metabolism	3-methoxycatechol sulfate (2)	100006376	48752	FALSE
""	3-methoxytyramine sulfate			""			""			""		Amino Acid	Tyrosine Metabolism	3-methoxytyramine sulfate	100004634	44618	FALSE
HMDB01434	3-methoxytyrosine			""			""			""		Amino Acid	Tyrosine Metabolism	3-methoxytyrosine	1342	12017	FALSE
""	3-methyl catechol sulfate (1)			""			""			""		Xenobiotics	Benzoate Metabolism	3-methyl catechol sulfate (1)	100004112	46165	FALSE
HMDB00019	3-methyl-2-oxobutyrate			""			""			""		Amino Acid	Leucine, Isoleucine and Valine Metabolism	3-methyl-2-oxobutyrate	100000936	44526	FALSE
HMDB03736	3-methyl-2-oxovalerate			""			""			""		Amino Acid	Leucine, Isoleucine and Valine Metabolism	3-methyl-2-oxovalerate	100000036	15676	FALSE
HMDB00555	3-methyladipate			""			""			""		Lipid	Fatty Acid, Dicarboxylate	3-methyladipate	100001765	36749	FALSE
HMDB00522	3-methylglutaconate			""			""			""		Amino Acid	Leucine, Isoleucine and Valine Metabolism	3-methylglutaconate	100002458	57747	FALSE
HMDB00552	3-methylglutarylcarnitine (2)			""			""			""		Amino Acid	Leucine, Isoleucine and Valine Metabolism	3-methylglutarylcarnitine (2)	100005850	46548	FALSE
HMDB00479	3-methylhistidine			""			""			""		Amino Acid	Histidine Metabolism	3-methylhistidine	100000042	15677	FALSE
HMDB01886	3-methylxanthine			""			""			""		Xenobiotics	Xanthine Metabolism	3-methylxanthine	100001108	32445	FALSE
HMDB00764	3-phenylpropionate (hydrocinnamate)			""			""			""		Xenobiotics	Benzoate Metabolism	3-phenylpropionate (hydrocinnamate)	100000010	15749	FALSE
HMDB02757	3-sulfo-L-alanine			""			""			""		Amino Acid	Methionine, Cysteine, SAM and Taurine Metabolism	3-sulfo-L-alanine	382	47089	FALSE
HMDB00026	3-ureidopropionate			""			""			""		Nucleotide	Pyrimidine Metabolism, Uracil containing	3-ureidopropionate	1053	3155	FALSE
HMDB00308	3b-hydroxy-5-cholenoic acid			""			""			""		Lipid	Secondary Bile Acid Metabolism	3b-hydroxy-5-cholenoic acid	100004182	43507	FALSE
""	3beta,7alpha-dihydroxy-5-cholestenoate			""			""			""		Lipid	Sterol	3beta,7alpha-dihydroxy-5-cholestenoate	100001611	36803	FALSE
""	3beta-hydroxy-5-cholestenoate			""			""			""		Lipid	Sterol	3beta-hydroxy-5-cholestenoate	100006370	54805	FALSE
HMDB03681	4-acetamidobutanoate			""			""			""		Amino Acid	Polyamine Metabolism	4-acetamidobutanoate	1113	1558	FALSE
HMDB01859	4-acetamidophenol			""			""			""		Xenobiotics	Drug - Analgesics, Anesthetics	4-acetamidophenol	1383	12032	FALSE
HMDB10316	4-acetamidophenylglucuronide			""			""			""		Xenobiotics	Drug - Analgesics, Anesthetics	4-acetamidophenylglucuronide	100000043	15736	FALSE
HMDB59911	4-acetaminophen sulfate			""			""			""		Xenobiotics	Drug - Analgesics, Anesthetics	4-acetaminophen sulfate	2049	37475	FALSE
""	4-acetylphenol sulfate			""			""			""		Xenobiotics	Benzoate Metabolism	4-acetylphenol sulfate	100000711	44620	FALSE
""	4-allylphenol sulfate			""			""			""		Xenobiotics	Food Component/Plant	4-allylphenol sulfate	100001868	37181	FALSE
""	4-aminophenol sulfate (2)			""			""			""		Xenobiotics	Drug - Analgesics, Anesthetics	4-aminophenol sulfate (2)	100010871	54809	FALSE
HMDB00921	4-cholesten-3-one			""			""			""		Lipid	Sterol	4-cholesten-3-one	100002227	38125	FALSE
""	4-ethylphenol glucuronide			""			""			""		Xenobiotics	Food Component/Plant	4-ethylphenol glucuronide	100009049	52937	FALSE
""	4-ethylphenylsulfate			""			""			""		Xenobiotics	Benzoate Metabolism	4-ethylphenylsulfate	100001756	36099	FALSE
HMDB03464	4-guanidinobutanoate			""			""			""		Amino Acid	Guanidino and Acetamido Metabolism	4-guanidinobutanoate	100000096	15681	FALSE
HMDB60763	4-hydroxy duloxetine glucuronide*			""			""			""		Xenobiotics	Drug - Psychoactive	4-hydroxy duloxetine glucuronide*	100020796	62480	FALSE
HMDB00500	4-hydroxybenzoate			""			""			""		Xenobiotics	Benzoate Metabolism	4-hydroxybenzoate	100000862	21133	FALSE
""	4-hydroxychlorothalonil			""			""			""		Xenobiotics	Chemical	4-hydroxychlorothalonil	100006082	48441	FALSE
""	4-hydroxycoumarin			""			""			""		Xenobiotics	Drug - Cardiovascular	4-hydroxycoumarin	100002049	37445	FALSE
HMDB13678	4-hydroxyhippurate			""			""			""		Xenobiotics	Benzoate Metabolism	4-hydroxyhippurate	100001423	35527	FALSE
HMDB00020	4-hydroxyphenylacetate			""			""			""		Amino Acid	Phenylalanine Metabolism	4-hydroxyphenylacetate	144	541	FALSE
HMDB00707	4-hydroxyphenylpyruvate			""			""			""		Amino Acid	Tyrosine Metabolism	4-hydroxyphenylpyruvate	1141	1669	FALSE
HMDB02024	4-imidazoleacetate			""			""			""		Amino Acid	Histidine Metabolism	4-imidazoleacetate	100001207	32349	FALSE
""	4-methoxyphenol sulfate			""			""			""		Amino Acid	Tyrosine Metabolism	4-methoxyphenol sulfate	100006262	48457	FALSE
HMDB00695	4-methyl-2-oxopentanoate			""			""			""		Amino Acid	Leucine, Isoleucine and Valine Metabolism	4-methyl-2-oxopentanoate	100000551	22116	FALSE
""	4-methylcatechol sulfate			""			""			""		Xenobiotics	Benzoate Metabolism	4-methylcatechol sulfate	100004111	46146	FALSE
""	4-methylguaiacol sulfate			""			""			""		Xenobiotics	Benzoate Metabolism	4-methylguaiacol sulfate	100006105	48418	FALSE
HMDB00543	4-phenylbutyrate			""			""			""		Xenobiotics	Drug - Other	4-phenylbutyrate	100004197	43337	FALSE
""	4-vinylguaiacol sulfate			""			""			""		Xenobiotics	Food Component/Plant	4-vinylguaiacol sulfate	100006126	48442	FALSE
HMDB04072	4-vinylphenol sulfate			""			""			""		Xenobiotics	Benzoate Metabolism	4-vinylphenol sulfate	100001755	36098	FALSE
HMDB00079	5,6-dihydrothymine			""			""			""		Nucleotide	Pyrimidine Metabolism, Thymine containing	5,6-dihydrothymine	158	1418	FALSE
HMDB00076	5,6-dihydrouracil			""			""			""		Nucleotide	Pyrimidine Metabolism, Uracil containing	5,6-dihydrouracil	1125	1559	FALSE
""	5,6-dihydrouridine			""			""			""		Nucleotide	Pyrimidine Metabolism, Uracil containing	5,6-dihydrouridine	100001425	61833	FALSE
""	5-(galactosylhydroxy)-L-lysine			""			""			""		Amino Acid	Lysine Metabolism	5-(galactosylhydroxy)-L-lysine	100002462	43582	FALSE
HMDB04400	5-acetylamino-6-amino-3-methyluracil			""			""			""		Xenobiotics	Xanthine Metabolism	5-acetylamino-6-amino-3-methyluracil	100001403	34424	FALSE
HMDB11105	5-acetylamino-6-formylamino-3-methyluracil			""			""			""		Xenobiotics	Xanthine Metabolism	5-acetylamino-6-formylamino-3-methyluracil	100001402	34401	FALSE
HMDB00529	5-dodecenoate (12:1n7)			""			""			""		Lipid	Medium Chain Fatty Acid	5-dodecenoate (12:1n7)	100001232	33968	FALSE
""	5-dodecenoylcarnitine (C12:1)			""			""			""		Lipid	Fatty Acid Metabolism(Acyl Carnitine)	5-dodecenoylcarnitine (C12:1)	100016069	61769	FALSE
""	5-hydroxy-6-methoxy duloxetine sulfate*			""			""			""		Xenobiotics	Drug - Psychoactive	5-hydroxy-6-methoxy duloxetine sulfate*	100020798	62481	FALSE
HMDB00525	5-hydroxyhexanoate			""			""			""		Lipid	Fatty Acid, Monohydroxy	5-hydroxyhexanoate	100001148	31938	FALSE
""	5-hydroxyindole sulfate			""			""			""		Amino Acid	Tryptophan Metabolism	5-hydroxyindole sulfate	100009042	52914	FALSE
HMDB00763	5-hydroxyindoleacetate			""			""			""		Amino Acid	Tryptophan Metabolism	5-hydroxyindoleacetate	71	437	FALSE
HMDB00450	5-hydroxylysine			""			""			""		Amino Acid	Lysine Metabolism	5-hydroxylysine	100000054	15685	FALSE
HMDB01173	5-methylthioadenosine (MTA)			""			""			""		Amino Acid	Polyamine Metabolism	5-methylthioadenosine (MTA)	212	1419	FALSE
HMDB01087	5-methylthioribose**			""			""			""		Amino Acid	Methionine, Cysteine, SAM and Taurine Metabolism	5-methylthioribose**	100002103	62100	FALSE
HMDB00884	5-methyluridine (ribothymidine)			""			""			""		Nucleotide	Pyrimidine Metabolism, Uracil containing	5-methyluridine (ribothymidine)	100001446	35136	FALSE
HMDB00267	5-oxoproline			""			""			""		Amino Acid	Glutathione Metabolism	5-oxoproline	1021	1494	FALSE
""	5alpha-androstan-3alpha,17alpha-diol monosulfate			""			""			""		Lipid	Androgenic Steroids	5alpha-androstan-3alpha,17alpha-diol monosulfate	100002008	37183	FALSE
""	5alpha-androstan-3alpha,17beta-diol disulfate			""			""			""		Lipid	Androgenic Steroids	5alpha-androstan-3alpha,17beta-diol disulfate	100002017	37184	FALSE
""	5alpha-androstan-3alpha,17beta-diol monosulfate (1)			""			""			""		Lipid	Androgenic Steroids	5alpha-androstan-3alpha,17beta-diol monosulfate (1)	100002018	37186	FALSE
""	5alpha-androstan-3alpha,17beta-diol monosulfate (2)			""			""			""		Lipid	Androgenic Steroids	5alpha-androstan-3alpha,17beta-diol monosulfate (2)	100006005	37185	FALSE
""	5alpha-androstan-3beta,17alpha-diol disulfate			""			""			""		Lipid	Androgenic Steroids	5alpha-androstan-3beta,17alpha-diol disulfate	100002021	37187	FALSE
HMDB00493	5alpha-androstan-3beta,17beta-diol disulfate			""			""			""		Lipid	Androgenic Steroids	5alpha-androstan-3beta,17beta-diol disulfate	100001987	37190	FALSE
""	5alpha-androstan-3beta,17beta-diol monosulfate (2)			""			""			""		Lipid	Androgenic Steroids	5alpha-androstan-3beta,17beta-diol monosulfate (2)	100002024	37192	FALSE
""	5alpha-pregnan-3beta,20alpha-diol disulfate			""			""			""		Lipid	Progestin Steroids	5alpha-pregnan-3beta,20alpha-diol disulfate	100001988	37198	FALSE
""	5alpha-pregnan-3beta,20alpha-diol monosulfate (2)			""			""			""		Lipid	Progestin Steroids	5alpha-pregnan-3beta,20alpha-diol monosulfate (2)	100002014	37200	FALSE
""	5alpha-pregnan-3beta,20beta-diol monosulfate (1)			""			""			""		Lipid	Progestin Steroids	5alpha-pregnan-3beta,20beta-diol monosulfate (1)	100002009	37196	FALSE
""	5alpha-pregnan-diol disulfate			""			""			""		Lipid	Progestin Steroids	5alpha-pregnan-diol disulfate	100002015	46172	FALSE
""	6-bromotryptophan			""			""			""		Amino Acid	Tryptophan Metabolism	6-bromotryptophan	100020414	62503	FALSE
""	6-hydroxyindole sulfate			""			""			""		Xenobiotics	Chemical	6-hydroxyindole sulfate	100006260	48698	FALSE
HMDB61705	6-oxopiperidine-2-carboxylate			""			""			""		Amino Acid	Lysine Metabolism	6-oxopiperidine-2-carboxylate	100004499	43231	FALSE
HMDB12458	7-alpha-hydroxy-3-oxo-4-cholestenoate (7-Hoca)			""			""			""		Lipid	Sterol	7-alpha-hydroxy-3-oxo-4-cholestenoate (7-Hoca)	100001609	36776	FALSE
HMDB00391	7-ketodeoxycholate			""			""			""		Lipid	Secondary Bile Acid Metabolism	7-ketodeoxycholate	100001063	31904	FALSE
HMDB00467	7-ketolithocholate			""			""			""		Lipid	Secondary Bile Acid Metabolism	7-ketolithocholate	100001069	43830	FALSE
HMDB00897	7-methylguanine			""			""			""		Nucleotide	Purine Metabolism, Guanine containing	7-methylguanine	100001456	35114	FALSE
HMDB11107	7-methylurate			""			""			""		Xenobiotics	Xanthine Metabolism	7-methylurate	100002241	39598	FALSE
HMDB01991	7-methylxanthine			""			""			""		Xenobiotics	Xanthine Metabolism	7-methylxanthine	100001396	34390	FALSE
HMDB04704	9,10-DiHOME			""			""			""		Lipid	Fatty Acid, Dihydroxy	9,10-DiHOME	179	38399	FALSE
HMDB61661	9-hydroxystearate			""			""			""		Lipid	Fatty Acid, Monohydroxy	9-hydroxystearate	100005834	47120	FALSE
HMDB33585	acesulfame			""			""			""		Xenobiotics	Food Component/Plant	acesulfame	100006203	48569	FALSE
HMDB00201	acetylcarnitine (C2)			""			""			""		Lipid	Fatty Acid Metabolism(Acyl Carnitine)	acetylcarnitine (C2)	100000802	32198	FALSE
""	acisoga			""			""			""		Amino Acid	Polyamine Metabolism	acisoga	100004541	43258	FALSE
""	aconitate [cis or trans]			""			""			""		Energy	TCA Cycle	aconitate [cis or trans]	100001359	46173	FALSE
HMDB00034	adenine			""			""			""		Nucleotide	Purine Metabolism, Adenine containing	adenine	880	554	FALSE
HMDB61677	adipoylcarnitine (C6-DC)			""			""			""		Lipid	Fatty Acid Metabolism(Acyl Carnitine)	adipoylcarnitine (C6-DC)	100006614	52988	FALSE
HMDB02226	adrenate (22:4n6)			""			""			""		Lipid	Polyunsaturated Fatty Acid (n3 and n6)	adrenate (22:4n6)	100001193	32980	FALSE
""	adrenoylcarnitine (C22:4)*			""			""			""		Lipid	Fatty Acid Metabolism(Acyl Carnitine)	adrenoylcarnitine (C22:4)*	100015850	57528	FALSE
HMDB00161	alanine			""			""			""		Amino Acid	Alanine and Aspartate Metabolism	alanine	811	1126	FALSE
HMDB00462	allantoin			""			""			""		Nucleotide	Purine Metabolism, (Hypo)Xanthine/Inosine containing	allantoin	1002	1107	FALSE
""	allopurinol			""			""			""		Xenobiotics	Drug - Metabolic	allopurinol	100004518	43534	FALSE
""	allopurinol riboside			""			""			""		Xenobiotics	Drug - Metabolic	allopurinol riboside	100002454	38321	FALSE
""	alpha-CEHC sulfate			""			""			""		Cofactors and Vitamins	Tocopherol Metabolism	alpha-CEHC sulfate	100005972	47666	FALSE
HMDB01624	alpha-hydroxycaproate			""			""			""		Lipid	Fatty Acid, Monohydroxy	alpha-hydroxycaproate	100001723	37073	FALSE
HMDB00746	alpha-hydroxyisocaproate			""			""			""		Amino Acid	Leucine, Isoleucine and Valine Metabolism	alpha-hydroxyisocaproate	100000706	22132	FALSE
HMDB00407	alpha-hydroxyisovalerate			""			""			""		Amino Acid	Leucine, Isoleucine and Valine Metabolism	alpha-hydroxyisovalerate	100001300	46537	FALSE
HMDB00005	alpha-ketobutyrate			""			""			""		Amino Acid	Methionine, Cysteine, SAM and Taurine Metabolism	alpha-ketobutyrate	796	4968	FALSE
""	alpha-ketoglutaramate*			""			""			""		Amino Acid	Glutamate Metabolism	alpha-ketoglutaramate*	100002397	62101	FALSE
HMDB00208	alpha-ketoglutarate			""			""			""		Energy	TCA Cycle	alpha-ketoglutarate	93	528	FALSE
HMDB01893	alpha-tocopherol			""			""			""		Cofactors and Vitamins	Tocopherol Metabolism	alpha-tocopherol	1105	1561	FALSE
HMDB15193	amoxicillin			""			""			""		Xenobiotics	Drug - Antibiotic	amoxicillin	100008962	52948	FALSE
HMDB02759	andro steroid monosulfate C19H28O6S (1)*			""			""			""		Lipid	Androgenic Steroids	andro steroid monosulfate C19H28O6S (1)*	100002152	32827	FALSE
""	androstenediol (3alpha, 17alpha) monosulfate (2)			""			""			""		Lipid	Androgenic Steroids	androstenediol (3alpha, 17alpha) monosulfate (2)	100002026	37207	FALSE
""	androstenediol (3alpha, 17alpha) monosulfate (3)			""			""			""		Lipid	Androgenic Steroids	androstenediol (3alpha, 17alpha) monosulfate (3)	100002027	37209	FALSE
HMDB03818	androstenediol (3beta,17beta) disulfate (1)			""			""			""		Lipid	Androgenic Steroids	androstenediol (3beta,17beta) disulfate (1)	100001992	37202	FALSE
HMDB03818	androstenediol (3beta,17beta) disulfate (2)			""			""			""		Lipid	Androgenic Steroids	androstenediol (3beta,17beta) disulfate (2)	100001994	37203	FALSE
HMDB03818	androstenediol (3beta,17beta) monosulfate (1)			""			""			""		Lipid	Androgenic Steroids	androstenediol (3beta,17beta) monosulfate (1)	100002028	37211	FALSE
""	androstenediol (3beta,17beta) monosulfate (2)			""			""			""		Lipid	Androgenic Steroids	androstenediol (3beta,17beta) monosulfate (2)	100002029	37210	FALSE
HMDB02829	androsterone glucuronide			""			""			""		Lipid	Androgenic Steroids	androsterone glucuronide	100002761	61846	FALSE
HMDB02759	androsterone sulfate			""			""			""		Lipid	Androgenic Steroids	androsterone sulfate	100001073	31591	FALSE
""	arabitol/xylitol			""			""			""		Carbohydrate	Pentose Metabolism	arabitol/xylitol	100006430	48885	FALSE
""	arabonate/xylonate			""			""			""		Carbohydrate	Pentose Metabolism	arabonate/xylonate	100006115	48255	FALSE
HMDB02212	arachidate (20:0)			""			""			""		Lipid	Long Chain Fatty Acid	arachidate (20:0)	893	1118	FALSE
HMDB01043	arachidonate (20:4n6)			""			""			""		Lipid	Polyunsaturated Fatty Acid (n3 and n6)	arachidonate (20:4n6)	229	1110	FALSE
HMDB04080	arachidonoyl ethanolamide			""			""			""		Lipid	Endocannabinoid	arachidonoyl ethanolamide	1488	32463	FALSE
""	arachidonoylcarnitine (C20:4)			""			""			""		Lipid	Fatty Acid Metabolism(Acyl Carnitine)	arachidonoylcarnitine (C20:4)	100015837	57518	FALSE
""	arachidonoylcholine			""			""			""		Lipid	Fatty Acid Metabolism (Acyl Choline)	arachidonoylcholine	100009332	53261	FALSE
HMDB06460	arachidoylcarnitine (C20)*			""			""			""		Lipid	Fatty Acid Metabolism(Acyl Carnitine)	arachidoylcarnitine (C20)*	100015833	57513	FALSE
HMDB03148	argininate*			""			""			""		Amino Acid	Urea cycle; Arginine and Proline Metabolism	argininate*	100002769	57461	FALSE
HMDB00517	arginine			""			""			""		Amino Acid	Urea cycle; Arginine and Proline Metabolism	arginine	231	1638	FALSE
HMDB00168	asparagine			""			""			""		Amino Acid	Alanine and Aspartate Metabolism	asparagine	917	512	FALSE
HMDB00191	aspartate			""			""			""		Amino Acid	Alanine and Aspartate Metabolism	aspartate	234	443	FALSE
HMDB01924	atenolol			""			""			""		Xenobiotics	Drug - Cardiovascular	atenolol	100002726	38658	FALSE
HMDB05006	atorvastatin (lipitor)			""			""			""		Xenobiotics	Drug - Metabolic	atorvastatin (lipitor)	100002802	38619	FALSE
HMDB00784	azelate (C9-DC)			""			""			""		Lipid	Fatty Acid, Dicarboxylate	azelate (C9-DC)	2029	18362	FALSE
HMDB12091	behenoyl dihydrosphingomyelin (d18:0/22:0)*			""			""			""		Lipid	Dihydrosphingomyelins	behenoyl dihydrosphingomyelin (d18:0/22:0)*	100009026	57331	FALSE
HMDB12103	behenoyl sphingomyelin (d18:1/22:0)*			""			""			""		Lipid	Sphingomyelins	behenoyl sphingomyelin (d18:1/22:0)*	100006294	48492	FALSE
""	behenoylcarnitine (C22)*			""			""			""		Lipid	Fatty Acid Metabolism(Acyl Carnitine)	behenoylcarnitine (C22)*	100015832	57514	FALSE
""	bendroflumethiazide			""			""			""		Xenobiotics	Drug - Cardiovascular	bendroflumethiazide	100006238	52376	FALSE
HMDB01870	benzoate			""			""			""		Xenobiotics	Benzoate Metabolism	benzoate	100000008	15778	FALSE
HMDB00056	beta-alanine			""			""			""		Nucleotide	Pyrimidine Metabolism, Uracil containing	beta-alanine	244	55	FALSE
""	beta-citrylglutamate			""			""			""		Amino Acid	Glutamate Metabolism	beta-citrylglutamate	100003271	54923	FALSE
HMDB33844	beta-cryptoxanthin			""			""			""		Cofactors and Vitamins	Vitamin A Metabolism	beta-cryptoxanthin	100001977	57591	FALSE
HMDB13222	beta-guanidinopropanoate			""			""			""		Xenobiotics	Food Component/Plant	beta-guanidinopropanoate	100001411	35101	FALSE
HMDB00754	beta-hydroxyisovalerate			""			""			""		Amino Acid	Leucine, Isoleucine and Valine Metabolism	beta-hydroxyisovalerate	1442	12129	FALSE
HMDB00852	beta-sitosterol			""			""			""		Lipid	Sterol	beta-sitosterol	100001033	27414	FALSE
HMDB00043	betaine			""			""			""		Amino Acid	Glycine, Serine and Threonine Metabolism	betaine	799	3141	FALSE
""	bilirubin (E,E)*			""			""			""		Cofactors and Vitamins	Hemoglobin and Porphyrin Metabolism	bilirubin (E,E)*	100001950	32586	FALSE
HMDB00488	bilirubin (E,Z or Z,E)*			""			""			""		Cofactors and Vitamins	Hemoglobin and Porphyrin Metabolism	bilirubin (E,Z or Z,E)*	100001951	47886	FALSE
HMDB00054	bilirubin (Z,Z)			""			""			""		Cofactors and Vitamins	Hemoglobin and Porphyrin Metabolism	bilirubin (Z,Z)	1090	43807	FALSE
HMDB01008	biliverdin			""			""			""		Cofactors and Vitamins	Hemoglobin and Porphyrin Metabolism	biliverdin	250	2137	FALSE
HMDB32133	bisphenol A			""			""			""		Xenobiotics	Chemical	bisphenol A	100000823	21125	FALSE
HMDB04246	bradykinin, des-arg(9)			""			""			""		Peptide	Polypeptide	bradykinin, des-arg(9)	100001292	34420	FALSE
HMDB02013	butyrylcarnitine (C4)			""			""			""		Lipid	Fatty Acid Metabolism (also BCAA Metabolism)	butyrylcarnitine (C4)	100001054	32412	FALSE
HMDB00808	butyrylglycine			""			""			""		Lipid	Fatty Acid Metabolism (also BCAA Metabolism)	butyrylglycine	100001151	31850	FALSE
""	C-glycosyltryptophan			""			""			""		Amino Acid	Tryptophan Metabolism	C-glycosyltryptophan	100006379	48782	FALSE
HMDB41708	caffeic acid sulfate			""			""			""		Xenobiotics	Xanthine Metabolism	caffeic acid sulfate	100009337	53254	FALSE
HMDB01847	caffeine			""			""			""		Xenobiotics	Xanthine Metabolism	caffeine	849	569	FALSE
HMDB02869	campesterol			""			""			""		Lipid	Sterol	campesterol	100001269	33997	FALSE
HMDB14934	candesartan			""			""			""		Xenobiotics	Drug - Cardiovascular	candesartan	100006187	54749	FALSE
HMDB00511	caprate (10:0)			""			""			""		Lipid	Medium Chain Fatty Acid	caprate (10:0)	888	1642	FALSE
HMDB00535	caproate (6:0)			""			""			""		Lipid	Medium Chain Fatty Acid	caproate (6:0)	926	32489	FALSE
HMDB00482	caprylate (8:0)			""			""			""		Lipid	Medium Chain Fatty Acid	caprylate (8:0)	932	32492	FALSE
HMDB14704	carbamazepine			""			""			""		Xenobiotics	Drug - Neurological	carbamazepine	100001933	37033	FALSE
HMDB60658	carbamazepine 10,11-epoxide*			""			""			""		Xenobiotics	Drug - Neurological	carbamazepine 10,11-epoxide*	100002321	37020	FALSE
""	carbamazepine glucuronide*			""			""			""		Xenobiotics	Drug - Neurological	carbamazepine glucuronide*	100002322	37056	FALSE
HMDB02201	carboxyethyl-GABA			""			""			""		Amino Acid	Glutamate Metabolism	carboxyethyl-GABA	100003260	40007	FALSE
HMDB60564	carboxyibuprofen			""			""			""		Xenobiotics	Drug - Analgesics, Anesthetics	carboxyibuprofen	100004171	43333	FALSE
HMDB60564	carboxyibuprofen glucuronide*			""			""			""		Xenobiotics	Drug - Analgesics, Anesthetics	carboxyibuprofen glucuronide*	100020212	62067	FALSE
HMDB00062	carnitine			""			""			""		Lipid	Carnitine Metabolism	carnitine	100000007	15500	FALSE
""	carotene diol (1)			""			""			""		Cofactors and Vitamins	Vitamin A Metabolism	carotene diol (1)	100015966	57635	FALSE
""	carotene diol (2)			""			""			""		Cofactors and Vitamins	Vitamin A Metabolism	carotene diol (2)	100015967	57636	FALSE
HMDB59724	catechol sulfate			""			""			""		Xenobiotics	Benzoate Metabolism	catechol sulfate	100001605	35320	FALSE
HMDB05014	celecoxib			""			""			""		Xenobiotics	Drug - Analgesics, Anesthetics	celecoxib	100002805	38599	FALSE
""	ceramide (d18:1/14:0, d16:1/16:0)*			""			""			""		Lipid	Ceramides	ceramide (d18:1/14:0, d16:1/16:0)*	100015735	57432	FALSE
""	ceramide (d18:1/17:0, d17:1/18:0)*			""			""			""		Lipid	Ceramides	ceramide (d18:1/17:0, d17:1/18:0)*	100015737	57434	FALSE
""	ceramide (d18:2/24:1, d18:1/24:2)*			""			""			""		Lipid	Ceramides	ceramide (d18:2/24:1, d18:1/24:2)*	100015744	57443	FALSE
HMDB06347	cerotoylcarnitine (C26)*			""			""			""		Lipid	Fatty Acid Metabolism(Acyl Carnitine)	cerotoylcarnitine (C26)*	100015835	57516	FALSE
HMDB05032	cetirizine			""			""			""		Xenobiotics	Drug - Respiratory	cetirizine	100009034	54745	FALSE
HMDB00518	chenodeoxycholate			""			""			""		Lipid	Primary Bile Acid Metabolism	chenodeoxycholate	1123	1563	FALSE
HMDB34220	chiro-inositol			""			""			""		Lipid	Inositol Metabolism	chiro-inositol	100001859	37112	FALSE
HMDB00619	cholate			""			""			""		Lipid	Primary Bile Acid Metabolism	cholate	136	22842	FALSE
HMDB00067	cholesterol			""			""			""		Lipid	Sterol	cholesterol	266	63	FALSE
""	cholic acid glucuronide			""			""			""		Lipid	Primary Bile Acid Metabolism	cholic acid glucuronide	100020549	62571	FALSE
HMDB00097	choline			""			""			""		Lipid	Phospholipid Metabolism	choline	1256	15506	FALSE
HMDB01565	choline phosphate			""			""			""		Lipid	Phospholipid Metabolism	choline phosphate	267	34396	FALSE
HMDB11621	cinnamoylglycine			""			""			""		Xenobiotics	Food Component/Plant	cinnamoylglycine	100002253	38637	FALSE
""	cis-4-decenoylcarnitine (C10:1)			""			""			""		Lipid	Fatty Acid Metabolism(Acyl Carnitine)	cis-4-decenoylcarnitine (C10:1)	100002259	38178	FALSE
HMDB60463	citalopram propionate*			""			""			""		Xenobiotics	Drug - Psychoactive	citalopram propionate*	100020793	62479	FALSE
HMDB00094	citrate			""			""			""		Energy	TCA Cycle	citrate	1124	1564	FALSE
HMDB00904	citrulline			""			""			""		Amino Acid	Urea cycle; Arginine and Proline Metabolism	citrulline	391	2132	FALSE
HMDB01547	corticosterone			""			""			""		Lipid	Corticosteroids	corticosterone	272	5983	FALSE
HMDB00063	cortisol			""			""			""		Lipid	Corticosteroids	cortisol	356	1712	FALSE
HMDB02802	cortisone			""			""			""		Lipid	Corticosteroids	cortisone	273	1769	FALSE
HMDB01046	cotinine			""			""			""		Xenobiotics	Tobacco Metabolite	cotinine	848	553	FALSE
HMDB00064	creatine			""			""			""		Amino Acid	Creatine Metabolism	creatine	1221	27718	FALSE
HMDB00562	creatinine			""			""			""		Amino Acid	Creatine Metabolism	creatinine	275	513	FALSE
""	cys-gly, oxidized			""			""			""		Amino Acid	Glutathione Metabolism	cys-gly, oxidized	1224	18368	FALSE
HMDB00099	cystathionine			""			""			""		Amino Acid	Methionine, Cysteine, SAM and Taurine Metabolism	cystathionine	310	15705	FALSE
HMDB00574	cysteine			""			""			""		Amino Acid	Methionine, Cysteine, SAM and Taurine Metabolism	cysteine	800	1868	FALSE
HMDB00731	cysteine s-sulfate			""			""			""		Amino Acid	Methionine, Cysteine, SAM and Taurine Metabolism	cysteine s-sulfate	100000808	22176	FALSE
HMDB00996	cysteine sulfinic acid			""			""			""		Amino Acid	Methionine, Cysteine, SAM and Taurine Metabolism	cysteine sulfinic acid	100002113	37443	FALSE
HMDB00656	cysteine-glutathione disulfide			""			""			""		Amino Acid	Glutathione Metabolism	cysteine-glutathione disulfide	100001437	35159	FALSE
HMDB00078	cysteinylglycine			""			""			""		Amino Acid	Glutathione Metabolism	cysteinylglycine	278	35637	FALSE
HMDB00709	cysteinylglycine disulfide*			""			""			""		Amino Acid	Glutathione Metabolism	cysteinylglycine disulfide*	100002466	62103	FALSE
HMDB00192	cystine			""			""			""		Amino Acid	Methionine, Cysteine, SAM and Taurine Metabolism	cystine	279	56	FALSE
HMDB00089	cytidine			""			""			""		Nucleotide	Pyrimidine Metabolism, Cytidine containing	cytidine	827	514	FALSE
HMDB41718	daidzein glucuronide*			""			""			""		Xenobiotics	Food Component/Plant	daidzein glucuronide*	100020206	62070	FALSE
""	daidzein sulfate (2)			""			""			""		Xenobiotics	Food Component/Plant	daidzein sulfate (2)	100006363	48728	FALSE
HMDB00651	decanoylcarnitine (C10)			""			""			""		Lipid	Fatty Acid Metabolism(Acyl Carnitine)	decanoylcarnitine (C10)	100001251	33941	FALSE
HMDB01032	dehydroisoandrosterone sulfate (DHEA-S)			""			""			""		Lipid	Androgenic Steroids	dehydroisoandrosterone sulfate (DHEA-S)	100000792	32425	FALSE
HMDB01161	deoxycarnitine			""			""			""		Lipid	Carnitine Metabolism	deoxycarnitine	100001662	36747	FALSE
HMDB00626	deoxycholate			""			""			""		Lipid	Secondary Bile Acid Metabolism	deoxycholate	302	1114	FALSE
HMDB14021,HMDB60576	desmethylcitalopram*			""			""			""		Xenobiotics	Drug - Psychoactive	desmethylcitalopram*	100020790	62477	FALSE
HMDB13989	desmethylnaproxen			""			""			""		Xenobiotics	Drug - Analgesics, Anesthetics	desmethylnaproxen	100001787	46331	FALSE
""	desmethylnaproxen sulfate			""			""			""		Xenobiotics	Drug - Analgesics, Anesthetics	desmethylnaproxen sulfate	100001788	46106	FALSE
""	dexlansoprazole			""			""			""		Xenobiotics	Drug - Gastrointestinal	dexlansoprazole	100015794	57668	FALSE
""	diacylglycerol (12:0/18:1, 14:0/16:1, 16:0/14:1) [1]*			""			""			""		Lipid	Diacylglycerol	diacylglycerol (12:0/18:1, 14:0/16:1, 16:0/14:1) [1]*	100010958	55002	FALSE
""	diacylglycerol (12:0/18:1, 14:0/16:1, 16:0/14:1) [2]*			""			""			""		Lipid	Diacylglycerol	diacylglycerol (12:0/18:1, 14:0/16:1, 16:0/14:1) [2]*	100010959	55001	FALSE
""	diacylglycerol (14:0/18:1, 16:0/16:1) [1]*			""			""			""		Lipid	Diacylglycerol	diacylglycerol (14:0/18:1, 16:0/16:1) [1]*	100010934	54953	FALSE
""	diacylglycerol (14:0/18:1, 16:0/16:1) [2]*			""			""			""		Lipid	Diacylglycerol	diacylglycerol (14:0/18:1, 16:0/16:1) [2]*	100010935	54954	FALSE
""	diacylglycerol (16:1/18:2 [2], 16:0/18:3 [1])*			""			""			""		Lipid	Diacylglycerol	diacylglycerol (16:1/18:2 [2], 16:0/18:3 [1])*	100010940	54966	FALSE
HMDB05060	dihomo-linoleate (20:2n6)			""			""			""		Lipid	Polyunsaturated Fatty Acid (n3 and n6)	dihomo-linoleate (20:2n6)	1231	17805	FALSE
HMDB02925	dihomo-linolenate (20:3n3 or n6)			""			""			""		Lipid	Polyunsaturated Fatty Acid (n3 and n6)	dihomo-linolenate (20:3n3 or n6)	100001739	35718	FALSE
""	dihomo-linolenoyl-choline			""			""			""		Lipid	Fatty Acid Metabolism (Acyl Choline)	dihomo-linolenoyl-choline	100009335	53262	FALSE
""	dihomo-linolenoylcarnitine (C20:3n3 or 6)*			""			""			""		Lipid	Fatty Acid Metabolism(Acyl Carnitine)	dihomo-linolenoylcarnitine (C20:3n3 or 6)*	100015840	57521	FALSE
""	dihomo-linoleoylcarnitine (C20:2)*			""			""			""		Lipid	Fatty Acid Metabolism(Acyl Carnitine)	dihomo-linoleoylcarnitine (C20:2)*	100015839	57520	FALSE
""	dihydrocaffeate sulfate (2)			""			""			""		Xenobiotics	Food Component/Plant	dihydrocaffeate sulfate (2)	100020822	62524	FALSE
""	dihydroferulic acid			""			""			""		Xenobiotics	Food Component/Plant	dihydroferulic acid	100003432	40481	FALSE
HMDB03349	dihydroorotate			""			""			""		Nucleotide	Pyrimidine Metabolism, Orotate containing	dihydroorotate	923	601	FALSE
HMDB14487	diltiazem			""			""			""		Xenobiotics	Drug - Cardiovascular	diltiazem	100004015	42981	FALSE
HMDB01539	dimethylarginine (SDMA + ADMA)			""			""			""		Amino Acid	Urea cycle; Arginine and Proline Metabolism	dimethylarginine (SDMA + ADMA)	100001810	36808	FALSE
HMDB00092	dimethylglycine			""			""			""		Amino Acid	Glycine, Serine and Threonine Metabolism	dimethylglycine	806	5086	FALSE
HMDB61714	docosadienoate (22:2n6)			""			""			""		Lipid	Polyunsaturated Fatty Acid (n3 and n6)	docosadienoate (22:2n6)	100001182	32415	FALSE
""	docosadioate (C22-DC)			""			""			""		Lipid	Fatty Acid, Dicarboxylate	docosadioate (C22-DC)	100002952	39837	FALSE
HMDB02183	docosahexaenoate (DHA; 22:6n3)			""			""			""		Lipid	Polyunsaturated Fatty Acid (n3 and n6)	docosahexaenoate (DHA; 22:6n3)	100000665	44675	FALSE
""	docosahexaenoylcholine			""			""			""		Lipid	Fatty Acid Metabolism (Acyl Choline)	docosahexaenoylcholine	100009333	53263	FALSE
HMDB06528	docosapentaenoate (n3 DPA; 22:5n3)			""			""			""		Lipid	Polyunsaturated Fatty Acid (n3 and n6)	docosapentaenoate (n3 DPA; 22:5n3)	100001181	32504	FALSE
HMDB01976	docosapentaenoate (n6 DPA; 22:5n6)			""			""			""		Lipid	Polyunsaturated Fatty Acid (n3 and n6)	docosapentaenoate (n6 DPA; 22:5n6)	100001580	37478	FALSE
""	docosapentaenoylcarnitine (C22:5n3)*			""			""			""		Lipid	Fatty Acid Metabolism(Acyl Carnitine)	docosapentaenoylcarnitine (C22:5n3)*	100015851	57529	FALSE
HMDB02823	docosatrienoate (22:3n3)			""			""			""		Lipid	Polyunsaturated Fatty Acid (n3 and n6)	docosatrienoate (22:3n3)	100001195	32417	FALSE
""	docosatrienoate (22:3n6)*			""			""			""		Lipid	Polyunsaturated Fatty Acid (n3 and n6)	docosatrienoate (22:3n6)*	100015762	57467	FALSE
""	dodecadienoate (12:2)*			""			""			""		Lipid	Fatty Acid, Dicarboxylate	dodecadienoate (12:2)*	100020478	62276	FALSE
HMDB00623	dodecanedioate (C12-DC)			""			""			""		Lipid	Fatty Acid, Dicarboxylate	dodecanedioate (C12-DC)	100001102	32388	FALSE
""	dodecenedioate (C12:1-DC)*			""			""			""		Lipid	Fatty Acid, Dicarboxylate	dodecenedioate (C12:1-DC)*	100019972	61864	FALSE
HMDB06275	dopamine 3-O-sulfate			""			""			""		Amino Acid	Tyrosine Metabolism	dopamine 3-O-sulfate	100006361	48407	FALSE
""	doxycycline			""			""			""		Xenobiotics	Drug - Antibiotic	doxycycline	100003009	39273	FALSE
""	ectoine			""			""			""		Xenobiotics	Chemical	ectoine	100001635	35651	FALSE
HMDB15109	EDTA			""			""			""		Xenobiotics	Chemical	EDTA	100001002	22163	FALSE
""	eicosanodioate (C20-DC)			""			""			""		Lipid	Fatty Acid, Dicarboxylate	eicosanodioate (C20-DC)	100002951	39831	FALSE
HMDB01999	eicosapentaenoate (EPA; 20:5n3)			""			""			""		Lipid	Polyunsaturated Fatty Acid (n3 and n6)	eicosapentaenoate (EPA; 20:5n3)	2050	18467	FALSE
""	eicosapentaenoylcholine			""			""			""		Lipid	Fatty Acid Metabolism (Acyl Choline)	eicosapentaenoylcholine	100009336	53258	FALSE
HMDB02231	eicosenoate (20:1)			""			""			""		Lipid	Long Chain Fatty Acid	eicosenoate (20:1)	100001335	33587	FALSE
""	eicosenoylcarnitine (C20:1)*			""			""			""		Lipid	Fatty Acid Metabolism(Acyl Carnitine)	eicosenoylcarnitine (C20:1)*	100015838	57519	FALSE
HMDB41886	enalaprilat*			""			""			""		Xenobiotics	Drug - Cardiovascular	enalaprilat*	100020800	62482	FALSE
""	epiandrosterone sulfate			""			""			""		Lipid	Androgenic Steroids	epiandrosterone sulfate	100001287	33973	FALSE
HMDB03045	ergothioneine			""			""			""		Xenobiotics	Food Component/Plant	ergothioneine	100002154	37459	FALSE
HMDB02068	erucate (22:1n9)			""			""			""		Lipid	Long Chain Fatty Acid	erucate (22:1n9)	1087	1552	FALSE
HMDB02994	erythritol			""			""			""		Xenobiotics	Food Component/Plant	erythritol	100000846	20699	FALSE
HMDB00613	erythronate*			""			""			""		Carbohydrate	Aminosugar Metabolism	erythronate*	100001320	42420	FALSE
HMDB05028	escitalopram			""			""			""		Xenobiotics	Drug - Psychoactive	escitalopram	100003444	40459	FALSE
HMDB01425	estrone 3-sulfate			""			""			""		Lipid	Estrogenic Steroids	estrone 3-sulfate	1230	18474	FALSE
HMDB10325	ethyl glucuronide			""			""			""		Xenobiotics	Chemical	ethyl glucuronide	100002849	39603	FALSE
HMDB00622	ethylmalonate			""			""			""		Amino Acid	Leucine, Isoleucine and Valine Metabolism	ethylmalonate	2054	15765	FALSE
HMDB04484	etiocholanolone glucuronide			""			""			""		Lipid	Androgenic Steroids	etiocholanolone glucuronide	100005403	47112	FALSE
""	eugenol sulfate			""			""			""		Xenobiotics	Food Component/Plant	eugenol sulfate	100006171	48715	FALSE
""	ezetimibe glucuronide*			""			""			""		Xenobiotics	Drug - Metabolic	ezetimibe glucuronide*	100020801	62483	FALSE
HMDB29200	ferulic acid 4-sulfate			""			""			""		Xenobiotics	Food Component/Plant	ferulic acid 4-sulfate	100005389	47114	FALSE
""	Fibrinopeptide A (5-16)*			""			""			""		Peptide	Fibrinogen Cleavage Peptide	Fibrinopeptide A (5-16)*	100020274	62148	FALSE
""	Fibrinopeptide A (7-16)*			""			""			""		Peptide	Fibrinogen Cleavage Peptide	Fibrinopeptide A (7-16)*	100020275	62149	FALSE
""	Fibrinopeptide A, des-ala(1)*			""			""			""		Peptide	Fibrinogen Cleavage Peptide	Fibrinopeptide A, des-ala(1)*	100001323	31548	FALSE
""	Fibrinopeptide A, phosphono-ser(3)*			""			""			""		Peptide	Fibrinogen Cleavage Peptide	Fibrinopeptide A, phosphono-ser(3)*	100001324	57712	FALSE
HMDB01248	flavin adenine dinucleotide (FAD)			""			""			""		Cofactors and Vitamins	Riboflavin Metabolism	flavin adenine dinucleotide (FAD)	327	2134	FALSE
""	fluoxetine			""			""			""		Xenobiotics	Drug - Psychoactive	fluoxetine	1382	44619	FALSE
HMDB00660	fructose			""			""			""		Carbohydrate	Fructose, Mannose and Galactose Metabolism	fructose	878	48195	FALSE
HMDB00134	fumarate			""			""			""		Energy	TCA Cycle	fumarate	330	1643	FALSE
HMDB01933	furosemide			""			""			""		Xenobiotics	Drug - Cardiovascular	furosemide	100004241	43009	FALSE
HMDB05015	gabapentin			""			""			""		Xenobiotics	Drug - Neurological	gabapentin	100002806	38686	FALSE
HMDB00565	galactonate			""			""			""		Carbohydrate	Fructose, Mannose and Galactose Metabolism	galactonate	100001026	27719	FALSE
HMDB01931	gamma-CEHC			""			""			""		Cofactors and Vitamins	Tocopherol Metabolism	gamma-CEHC	100002094	44876	FALSE
""	gamma-CEHC glucuronide*			""			""			""		Cofactors and Vitamins	Tocopherol Metabolism	gamma-CEHC glucuronide*	100004243	42381	FALSE
""	gamma-glutamyl-2-aminobutyrate			""			""			""		Peptide	Gamma-glutamyl Amino Acid	gamma-glutamyl-2-aminobutyrate	100001502	37092	FALSE
""	gamma-glutamyl-alpha-lysine			""			""			""		Peptide	Gamma-glutamyl Amino Acid	gamma-glutamyl-alpha-lysine	100010901	55015	FALSE
HMDB03869	gamma-glutamyl-epsilon-lysine			""			""			""		Peptide	Gamma-glutamyl Amino Acid	gamma-glutamyl-epsilon-lysine	100001262	33934	FALSE
HMDB29142	gamma-glutamylalanine			""			""			""		Peptide	Gamma-glutamyl Amino Acid	gamma-glutamylalanine	100001843	37063	FALSE
HMDB11737	gamma-glutamylglutamate			""			""			""		Peptide	Gamma-glutamyl Amino Acid	gamma-glutamylglutamate	331	36738	FALSE
HMDB11738	gamma-glutamylglutamine			""			""			""		Peptide	Gamma-glutamyl Amino Acid	gamma-glutamylglutamine	1140	2730	FALSE
HMDB11667	gamma-glutamylglycine			""			""			""		Peptide	Gamma-glutamyl Amino Acid	gamma-glutamylglycine	100001294	33949	FALSE
""	gamma-glutamylhistidine			""			""			""		Peptide	Gamma-glutamyl Amino Acid	gamma-glutamylhistidine	1235	18245	FALSE
HMDB11170	gamma-glutamylisoleucine*			""			""			""		Peptide	Gamma-glutamyl Amino Acid	gamma-glutamylisoleucine*	100001485	34456	FALSE
HMDB11171	gamma-glutamylleucine			""			""			""		Peptide	Gamma-glutamyl Amino Acid	gamma-glutamylleucine	1268	18369	FALSE
HMDB29155	gamma-glutamylmethionine			""			""			""		Peptide	Gamma-glutamyl Amino Acid	gamma-glutamylmethionine	100001313	44872	FALSE
HMDB00594	gamma-glutamylphenylalanine			""			""			""		Peptide	Gamma-glutamyl Amino Acid	gamma-glutamylphenylalanine	100000491	33422	FALSE
HMDB29159	gamma-glutamylthreonine			""			""			""		Peptide	Gamma-glutamyl Amino Acid	gamma-glutamylthreonine	100001314	33364	FALSE
HMDB29160	gamma-glutamyltryptophan			""			""			""		Peptide	Gamma-glutamyl Amino Acid	gamma-glutamyltryptophan	100001295	33947	FALSE
HMDB11741	gamma-glutamyltyrosine			""			""			""		Peptide	Gamma-glutamyl Amino Acid	gamma-glutamyltyrosine	1102	2734	FALSE
HMDB11172	gamma-glutamylvaline			""			""			""		Peptide	Gamma-glutamyl Amino Acid	gamma-glutamylvaline	100001126	43829	FALSE
""	gamma-tocopherol/beta-tocopherol			""			""			""		Cofactors and Vitamins	Tocopherol Metabolism	gamma-tocopherol/beta-tocopherol	100008998	52473	FALSE
""	genistein sulfate*			""			""			""		Xenobiotics	Food Component/Plant	genistein sulfate*	100020207	62061	FALSE
HMDB00152	gentisate			""			""			""		Amino Acid	Tyrosine Metabolism	gentisate	100000447	18280	FALSE
HMDB00625	gluconate			""			""			""		Xenobiotics	Food Component/Plant	gluconate	338	587	FALSE
HMDB00122	glucose			""			""			""		Carbohydrate	Glycolysis, Gluconeogenesis, and Pyruvate Metabolism	glucose	572	20488	FALSE
HMDB00127	glucuronate			""			""			""		Carbohydrate	Aminosugar Metabolism	glucuronate	100000257	15443	FALSE
""	glucuronide of C10H18O2 (1)*			""			""			""		Partially Characterized Molecules	Partially Characterized Molecules	glucuronide of C10H18O2 (1)*	100019990	61881	FALSE
""	glucuronide of C10H18O2 (4)*			""			""			""		Partially Characterized Molecules	Partially Characterized Molecules	glucuronide of C10H18O2 (4)*	100020011	61884	FALSE
""	glucuronide of C10H18O2 (7)*			""			""			""		Partially Characterized Molecules	Partially Characterized Molecules	glucuronide of C10H18O2 (7)*	100020014	61887	FALSE
""	glucuronide of C10H18O2 (8)*			""			""			""		Partially Characterized Molecules	Partially Characterized Molecules	glucuronide of C10H18O2 (8)*	100020015	61888	FALSE
""	glucuronide of piperine metabolite C17H21NO3 (3)*			""			""			""		Xenobiotics	Food Component/Plant	glucuronide of piperine metabolite C17H21NO3 (3)*	100020491	62290	FALSE
""	glucuronide of piperine metabolite C17H21NO3 (4)*			""			""			""		Xenobiotics	Food Component/Plant	glucuronide of piperine metabolite C17H21NO3 (4)*	100020492	62291	FALSE
""	glucuronide of piperine metabolite C17H21NO3 (5)*			""			""			""		Xenobiotics	Food Component/Plant	glucuronide of piperine metabolite C17H21NO3 (5)*	100020493	62292	FALSE
HMDB00148	glutamate			""			""			""		Amino Acid	Glutamate Metabolism	glutamate	561	57	FALSE
HMDB61715	glutamate, gamma-methyl ester			""			""			""		Amino Acid	Glutamate Metabolism	glutamate, gamma-methyl ester	100001103	33487	FALSE
HMDB00641	glutamine			""			""			""		Amino Acid	Glutamate Metabolism	glutamine	563	53	FALSE
HMDB00661	glutarate (C5-DC)			""			""			""		Lipid	Fatty Acid, Dicarboxylate	glutarate (C5-DC)	339	396	FALSE
HMDB13130	glutarylcarnitine (C5-DC)			""			""			""		Amino Acid	Lysine Metabolism	glutarylcarnitine (C5-DC)	100001593	44664	FALSE
HMDB00139	glycerate			""			""			""		Carbohydrate	Glycolysis, Gluconeogenesis, and Pyruvate Metabolism	glycerate	1052	1572	FALSE
HMDB00131	glycerol			""			""			""		Lipid	Glycerolipid Metabolism	glycerol	1254	15122	FALSE
HMDB00126	glycerol 3-phosphate			""			""			""		Lipid	Glycerolipid Metabolism	glycerol 3-phosphate	100000258	43847	FALSE
HMDB00114	glycerophosphoethanolamine			""			""			""		Lipid	Phospholipid Metabolism	glycerophosphoethanolamine	100001620	37455	FALSE
""	glycerophosphoglycerol			""			""			""		Lipid	Glycerolipid Metabolism	glycerophosphoglycerol	100001619	48857	FALSE
""	glycerophosphoinositol*			""			""			""		Lipid	Phospholipid Metabolism	glycerophosphoinositol*	100001621	52307	FALSE
HMDB00086	glycerophosphorylcholine (GPC)			""			""			""		Lipid	Phospholipid Metabolism	glycerophosphorylcholine (GPC)	100000269	15990	FALSE
""	glycerophosphoserine*			""			""			""		Lipid	Phospholipid Metabolism	glycerophosphoserine*	100015666	57404	FALSE
HMDB00123	glycine			""			""			""		Amino Acid	Glycine, Serine and Threonine Metabolism	glycine	340	58	FALSE
""	glycine conjugate of C10H14O2 (1)*			""			""			""		Partially Characterized Molecules	Partially Characterized Molecules	glycine conjugate of C10H14O2 (1)*	100020254	62146	FALSE
""	glyco-alpha-muricholate**			""			""			""		Lipid	Primary Bile Acid Metabolism	glyco-alpha-muricholate**	100020213	62065	FALSE
""	glyco-beta-muricholate**			""			""			""		Lipid	Primary Bile Acid Metabolism	glyco-beta-muricholate**	100020214	62066	FALSE
HMDB00637	glycochenodeoxycholate			""			""			""		Lipid	Primary Bile Acid Metabolism	glycochenodeoxycholate	1628	32346	FALSE
""	glycochenodeoxycholate glucuronide (1)			""			""			""		Lipid	Primary Bile Acid Metabolism	glycochenodeoxycholate glucuronide (1)	100009264	52983	FALSE
""	glycochenodeoxycholate sulfate			""			""			""		Lipid	Primary Bile Acid Metabolism	glycochenodeoxycholate sulfate	100006641	52974	FALSE
HMDB00138	glycocholate			""			""			""		Lipid	Primary Bile Acid Metabolism	glycocholate	342	18476	FALSE
""	glycocholate glucuronide (1)			""			""			""		Lipid	Primary Bile Acid Metabolism	glycocholate glucuronide (1)	100009259	52977	FALSE
""	glycocholenate sulfate*			""			""			""		Lipid	Secondary Bile Acid Metabolism	glycocholenate sulfate*	100001989	32599	FALSE
HMDB00631	glycodeoxycholate			""			""			""		Lipid	Secondary Bile Acid Metabolism	glycodeoxycholate	100000436	18477	FALSE
""	glycodeoxycholate sulfate			""			""			""		Lipid	Secondary Bile Acid Metabolism	glycodeoxycholate sulfate	100006642	52975	FALSE
""	glycohyocholate			""			""			""		Lipid	Secondary Bile Acid Metabolism	glycohyocholate	100004083	42574	FALSE
HMDB00115	glycolate (hydroxyacetate)			""			""			""		Xenobiotics	Chemical	glycolate (hydroxyacetate)	203	15737	FALSE
HMDB00698	glycolithocholate			""			""			""		Lipid	Secondary Bile Acid Metabolism	glycolithocholate	100001064	31912	FALSE
HMDB02639	glycolithocholate sulfate*			""			""			""		Lipid	Secondary Bile Acid Metabolism	glycolithocholate sulfate*	100001657	32620	FALSE
""	glycosyl ceramide (d16:1/24:1, d18:1/22:1)*			""			""			""		Lipid	Hexosylceramides (HCER)	glycosyl ceramide (d16:1/24:1, d18:1/22:1)*	100015730	57457	FALSE
""	glycosyl ceramide (d18:1/20:0, d16:1/22:0)*			""			""			""		Lipid	Hexosylceramides (HCER)	glycosyl ceramide (d18:1/20:0, d16:1/22:0)*	100015882	57595	FALSE
""	glycosyl ceramide (d18:1/23:1, d17:1/24:1)*			""			""			""		Lipid	Hexosylceramides (HCER)	glycosyl ceramide (d18:1/23:1, d17:1/24:1)*	100015751	57448	FALSE
""	glycosyl ceramide (d18:2/24:1, d18:1/24:2)*			""			""			""		Lipid	Hexosylceramides (HCER)	glycosyl ceramide (d18:2/24:1, d18:1/24:2)*	100015745	57453	FALSE
""	glycosyl-N-(2-hydroxynervonoyl)-sphingosine (d18:1/24:1(2OH))*			""			""			""		Lipid	Hexosylceramides (HCER)	glycosyl-N-(2-hydroxynervonoyl)-sphingosine (d18:1/24:1(2OH))*	100015752	57444	FALSE
""	glycosyl-N-behenoyl-sphingadienine (d18:2/22:0)*			""			""			""		Lipid	Hexosylceramides (HCER)	glycosyl-N-behenoyl-sphingadienine (d18:2/22:0)*	100015625	57421	FALSE
""	glycosyl-N-palmitoyl-sphingosine (d18:1/16:0)			""			""			""		Lipid	Hexosylceramides (HCER)	glycosyl-N-palmitoyl-sphingosine (d18:1/16:0)	100009272	53013	FALSE
""	glycosyl-N-stearoyl-sphingosine (d18:1/18:0)			""			""			""		Lipid	Hexosylceramides (HCER)	glycosyl-N-stearoyl-sphingosine (d18:1/18:0)	100001882	52234	FALSE
""	glycosyl-N-tricosanoyl-sphingadienine (d18:2/23:0)*			""			""			""		Lipid	Hexosylceramides (HCER)	glycosyl-N-tricosanoyl-sphingadienine (d18:2/23:0)*	100015748	57445	FALSE
HMDB00708	glycoursodeoxycholate			""			""			""		Lipid	Secondary Bile Acid Metabolism	glycoursodeoxycholate	100002911	39379	FALSE
HMDB28854	glycylvaline			""			""			""		Peptide	Dipeptide	glycylvaline	100000487	18357	FALSE
HMDB60013	guaiacol sulfate			""			""			""		Xenobiotics	Benzoate Metabolism	guaiacol sulfate	100004208	46111	FALSE
HMDB00128	guanidinoacetate			""			""			""		Amino Acid	Creatine Metabolism	guanidinoacetate	344	43802	FALSE
HMDB03157	guanidinosuccinate			""			""			""		Amino Acid	Guanidino and Acetamido Metabolism	guanidinosuccinate	100001212	32446	FALSE
HMDB00133	guanosine			""			""			""		Nucleotide	Purine Metabolism, Guanine containing	guanosine	1099	1573	FALSE
HMDB03290	gulonate*			""			""			""		Cofactors and Vitamins	Ascorbate and Aldarate Metabolism	gulonate*	100001586	46957	FALSE
""	heneicosapentaenoate (21:5n3)			""			""			""		Lipid	Polyunsaturated Fatty Acid (n3 and n6)	heneicosapentaenoate (21:5n3)	100015797	57658	FALSE
HMDB00666	heptanoate (7:0)			""			""			""		Lipid	Medium Chain Fatty Acid	heptanoate (7:0)	925	1644	FALSE
""	heptenedioate (C7:1-DC)*			""			""			""		Lipid	Fatty Acid, Dicarboxylate	heptenedioate (C7:1-DC)*	100019981	61866	FALSE
HMDB00477	hexadecadienoate (16:2n6)			""			""			""		Lipid	Polyunsaturated Fatty Acid (n3 and n6)	hexadecadienoate (16:2n6)	100009394	57652	FALSE
HMDB00672	hexadecanedioate (C16-DC)			""			""			""		Lipid	Fatty Acid, Dicarboxylate	hexadecanedioate (C16-DC)	100001614	35678	FALSE
""	hexadecenedioate (C16:1-DC)*			""			""			""		Lipid	Fatty Acid, Dicarboxylate	hexadecenedioate (C16:1-DC)*	100019975	61862	FALSE
HMDB00705	hexanoylcarnitine (C6)			""			""			""		Lipid	Fatty Acid Metabolism(Acyl Carnitine)	hexanoylcarnitine (C6)	100000781	32328	FALSE
""	hexanoylglutamine			""			""			""		Lipid	Fatty Acid Metabolism (Acyl Glutamine)	hexanoylglutamine	100001733	54907	FALSE
HMDB00701	hexanoylglycine			""			""			""		Lipid	Fatty Acid Metabolism(Acyl Glycine)	hexanoylglycine	100001527	35436	FALSE
HMDB00714	hippurate			""			""			""		Xenobiotics	Benzoate Metabolism	hippurate	100000014	15753	FALSE
HMDB00177	histidine			""			""			""		Amino Acid	Histidine Metabolism	histidine	355	59	FALSE
HMDB00670	homoarginine			""			""			""		Amino Acid	Urea cycle; Arginine and Proline Metabolism	homoarginine	100000961	22137	FALSE
HMDB00679	homocitrulline			""			""			""		Amino Acid	Urea cycle; Arginine and Proline Metabolism	homocitrulline	100000963	22138	FALSE
HMDB33433	homostachydrine*			""			""			""		Xenobiotics	Food Component/Plant	homostachydrine*	100001550	33009	FALSE
HMDB00434	homoveratric acid			""			""			""		Xenobiotics	Drug - Neurological	homoveratric acid	100004189	43508	FALSE
""	HWESASXX*			""			""			""		Peptide	Polypeptide	HWESASXX*	100001327	57711	FALSE
HMDB01212	hydantoin-5-propionic acid			""			""			""		Amino Acid	Histidine Metabolism	hydantoin-5-propionic acid	100002514	40473	FALSE
HMDB01928	hydrochlorothiazide			""			""			""		Xenobiotics	Drug - Cardiovascular	hydrochlorothiazide	100002734	39625	FALSE
HMDB02434	hydroquinone sulfate			""			""			""		Xenobiotics	Drug - Topical Agents	hydroquinone sulfate	100001604	35322	FALSE
""	hydroxy-CMPF*			""			""			""		Lipid	Fatty Acid, Dicarboxylate	hydroxy-CMPF*	100019794	62277	FALSE
HMDB32332	hydroxyasparagine**			""			""			""		Amino Acid	Alanine and Aspartate Metabolism	hydroxyasparagine**	100020205	62060	FALSE
HMDB01390	hydroxycotinine			""			""			""		Xenobiotics	Tobacco Metabolite	hydroxycotinine	100002717	38661	FALSE
""	hydroxypioglitazone (M-IV)			""			""			""		Xenobiotics	Drug - Metabolic	hydroxypioglitazone (M-IV)	100004177	43580	FALSE
HMDB00965	hypotaurine			""			""			""		Amino Acid	Methionine, Cysteine, SAM and Taurine Metabolism	hypotaurine	358	590	FALSE
HMDB00157	hypoxanthine			""			""			""		Nucleotide	Purine Metabolism, (Hypo)Xanthine/Inosine containing	hypoxanthine	171	3127	FALSE
HMDB04157	I-urobilinogen			""			""			""		Cofactors and Vitamins	Hemoglobin and Porphyrin Metabolism	I-urobilinogen	100001226	32426	FALSE
HMDB01925	ibuprofen			""			""			""		Xenobiotics	Drug - Analgesics, Anesthetics	ibuprofen	1487	17799	FALSE
""	ibuprofen acyl glucuronide			""			""			""		Xenobiotics	Drug - Analgesics, Anesthetics	ibuprofen acyl glucuronide	100002406	38366	FALSE
HMDB02320	imidazole lactate			""			""			""		Amino Acid	Histidine Metabolism	imidazole lactate	100000263	15716	FALSE
HMDB02271	imidazole propionate			""			""			""		Amino Acid	Histidine Metabolism	imidazole propionate	100003434	40730	FALSE
HMDB11753	iminodiacetate (IDA)			""			""			""		Xenobiotics	Chemical	iminodiacetate (IDA)	100000900	21025	FALSE
HMDB03320	indole-3-carboxylate			""			""			""		Amino Acid	Tryptophan Metabolism	indole-3-carboxylate	100002185	38116	FALSE
HMDB00197	indoleacetate			""			""			""		Amino Acid	Tryptophan Metabolism	indoleacetate	100001034	27513	FALSE
""	indoleacetylcarnitine*			""			""			""		Xenobiotics	Chemical	indoleacetylcarnitine*	100020479	62279	FALSE
HMDB13240	indoleacetylglutamine			""			""			""		Amino Acid	Tryptophan Metabolism	indoleacetylglutamine	100001731	42087	FALSE
HMDB00671	indolelactate			""			""			""		Amino Acid	Tryptophan Metabolism	indolelactate	100000463	18349	FALSE
HMDB02302	indolepropionate			""			""			""		Amino Acid	Tryptophan Metabolism	indolepropionate	100001083	32405	FALSE
HMDB59804	indoxyl glucuronide			""			""			""		Amino Acid	Tyrosine Metabolism	indoxyl glucuronide	100008931	52749	FALSE
HMDB00195	inosine			""			""			""		Nucleotide	Purine Metabolism, (Hypo)Xanthine/Inosine containing	inosine	361	1123	FALSE
HMDB00736	isobutyrylcarnitine (C4)			""			""			""		Amino Acid	Leucine, Isoleucine and Valine Metabolism	isobutyrylcarnitine (C4)	100001055	33441	FALSE
HMDB00730	isobutyrylglycine			""			""			""		Amino Acid	Leucine, Isoleucine and Valine Metabolism	isobutyrylglycine	100001590	35437	FALSE
""	isoeugenol sulfate			""			""			""		Xenobiotics	Food Component/Plant	isoeugenol sulfate	100006089	48997	FALSE
HMDB00172	isoleucine			""			""			""		Amino Acid	Leucine, Isoleucine and Valine Metabolism	isoleucine	376	1125	FALSE
HMDB28907	isoleucylglycine			""			""			""		Peptide	Dipeptide	isoleucylglycine	100003169	40008	FALSE
HMDB00686	isoursodeoxycholate			""			""			""		Lipid	Secondary Bile Acid Metabolism	isoursodeoxycholate	100002488	57577	FALSE
HMDB00718	isovalerate (i5:0)			""			""			""		Amino Acid	Leucine, Isoleucine and Valine Metabolism	isovalerate (i5:0)	100000708	44656	FALSE
HMDB00688	isovalerylcarnitine (C5)			""			""			""		Amino Acid	Leucine, Isoleucine and Valine Metabolism	isovalerylcarnitine (C5)	100001393	34407	FALSE
""	ketopioglitazone			""			""			""		Xenobiotics	Drug - Metabolic	ketopioglitazone	100004176	43579	FALSE
HMDB00715	kynurenate			""			""			""		Amino Acid	Tryptophan Metabolism	kynurenate	98	1417	FALSE
HMDB00684	kynurenine			""			""			""		Amino Acid	Tryptophan Metabolism	kynurenine	100000265	15140	FALSE
HMDB04159	L-urobilin			""			""			""		Cofactors and Vitamins	Hemoglobin and Porphyrin Metabolism	L-urobilin	100002568	40173	FALSE
HMDB00190	lactate			""			""			""		Carbohydrate	Glycolysis, Gluconeogenesis, and Pyruvate Metabolism	lactate	482	527	FALSE
""	lactosyl-N-behenoyl-sphingosine (d18:1/22:0)*			""			""			""		Lipid	Lactosylceramides (LCER)	lactosyl-N-behenoyl-sphingosine (d18:1/22:0)*	100015623	57422	FALSE
""	lactosyl-N-nervonoyl-sphingosine (d18:1/24:1)*			""			""			""		Lipid	Lactosylceramides (LCER)	lactosyl-N-nervonoyl-sphingosine (d18:1/24:1)*	100015620	57370	FALSE
""	lactosyl-N-palmitoyl-sphingosine (d18:1/16:0)			""			""			""		Lipid	Lactosylceramides (LCER)	lactosyl-N-palmitoyl-sphingosine (d18:1/16:0)	100009030	53010	FALSE
""	lanthionine			""			""			""		Amino Acid	Methionine, Cysteine, SAM and Taurine Metabolism	lanthionine	100003892	42002	FALSE
HMDB00638	laurate (12:0)			""			""			""		Lipid	Medium Chain Fatty Acid	laurate (12:0)	181	1645	FALSE
HMDB02250	laurylcarnitine (C12)			""			""			""		Lipid	Fatty Acid Metabolism(Acyl Carnitine)	laurylcarnitine (C12)	100001392	34534	FALSE
""	leucine			""			""			""		Amino Acid	Leucine, Isoleucine and Valine Metabolism	leucine	397	60	FALSE
HMDB28922	leucylalanine			""			""			""		Peptide	Dipeptide	leucylalanine	100003179	40010	FALSE
HMDB28929	leucylglycine			""			""			""		Peptide	Dipeptide	leucylglycine	100003185	40045	FALSE
""	lignoceroyl sphingomyelin (d18:1/24:0)			""			""			""		Lipid	Sphingomyelins	lignoceroyl sphingomyelin (d18:1/24:0)	100006298	57330	FALSE
""	lignoceroylcarnitine (C24)*			""			""			""		Lipid	Fatty Acid Metabolism(Acyl Carnitine)	lignoceroylcarnitine (C24)*	100015834	57515	FALSE
HMDB00673	linoleate (18:2n6)			""			""			""		Lipid	Polyunsaturated Fatty Acid (n3 and n6)	linoleate (18:2n6)	180	1105	FALSE
HMDB03073	linolenate [alpha or gamma; (18:3n3 or 6)]			""			""			""		Lipid	Polyunsaturated Fatty Acid (n3 and n6)	linolenate [alpha or gamma; (18:3n3 or 6)]	100001337	34035	FALSE
""	linolenoylcarnitine (C18:3)*			""			""			""		Lipid	Fatty Acid Metabolism(Acyl Carnitine)	linolenoylcarnitine (C18:3)*	100015831	57511	FALSE
HMDB12252	linoleoyl ethanolamide			""			""			""		Lipid	Endocannabinoid	linoleoyl ethanolamide	100006726	52608	FALSE
HMDB07257	linoleoyl-arachidonoyl-glycerol (18:2/20:4) [1]*			""			""			""		Lipid	Diacylglycerol	linoleoyl-arachidonoyl-glycerol (18:2/20:4) [1]*	100010922	54955	FALSE
HMDB07257	linoleoyl-arachidonoyl-glycerol (18:2/20:4) [2]*			""			""			""		Lipid	Diacylglycerol	linoleoyl-arachidonoyl-glycerol (18:2/20:4) [2]*	100010923	54956	FALSE
""	linoleoyl-docosahexaenoyl-glycerol (18:2/22:6) [1]*			""			""			""		Lipid	Diacylglycerol	linoleoyl-docosahexaenoyl-glycerol (18:2/22:6) [1]*	100010928	54949	FALSE
HMDB07266	linoleoyl-docosahexaenoyl-glycerol (18:2/22:6) [2]*			""			""			""		Lipid	Diacylglycerol	linoleoyl-docosahexaenoyl-glycerol (18:2/22:6) [2]*	100010929	54950	FALSE
HMDB07249	linoleoyl-linolenoyl-glycerol (18:2/18:3) [1]*			""			""			""		Lipid	Diacylglycerol	linoleoyl-linolenoyl-glycerol (18:2/18:3) [1]*	100010926	54963	FALSE
HMDB07250	linoleoyl-linolenoyl-glycerol (18:2/18:3) [2]*			""			""			""		Lipid	Diacylglycerol	linoleoyl-linolenoyl-glycerol (18:2/18:3) [2]*	100010927	54964	FALSE
HMDB07248	linoleoyl-linoleoyl-glycerol (18:2/18:2) [1]*			""			""			""		Lipid	Diacylglycerol	linoleoyl-linoleoyl-glycerol (18:2/18:2) [1]*	100010941	54968	FALSE
HMDB06469	linoleoylcarnitine (C18:2)*			""			""			""		Lipid	Fatty Acid Metabolism(Acyl Carnitine)	linoleoylcarnitine (C18:2)*	100003151	46223	FALSE
""	linoleoylcholine*			""			""			""		Lipid	Fatty Acid Metabolism (Acyl Choline)	linoleoylcholine*	100015760	57463	FALSE
""	lisinopril			""			""			""		Xenobiotics	Drug - Cardiovascular	lisinopril	100009389	54787	FALSE
""	lithocholate sulfate (1)			""			""			""		Lipid	Secondary Bile Acid Metabolism	lithocholate sulfate (1)	100020823	62526	FALSE
""	lithocholic acid sulfate (2)			""			""			""		Lipid	Secondary Bile Acid Metabolism	lithocholic acid sulfate (2)	100020824	62527	FALSE
HMDB00182	lysine			""			""			""		Amino Acid	Lysine Metabolism	lysine	407	1301	FALSE
HMDB00156	malate			""			""			""		Energy	TCA Cycle	malate	409	1303	FALSE
HMDB00176	maleate			""			""			""		Lipid	Fatty Acid, Dicarboxylate	maleate	100000707	20676	FALSE
HMDB00691	malonate			""			""			""		Lipid	Fatty Acid Synthesis	malonate	818	15872	FALSE
HMDB02095	malonylcarnitine			""			""			""		Lipid	Fatty Acid Synthesis	malonylcarnitine	100001526	37059	FALSE
HMDB00163	maltose			""			""			""		Carbohydrate	Glycogen Metabolism	maltose	913	15586	FALSE
HMDB01262	maltotriose			""			""			""		Carbohydrate	Glycogen Metabolism	maltotriose	100000276	44688	FALSE
HMDB00247	mannitol/sorbitol			""			""			""		Carbohydrate	Fructose, Mannose and Galactose Metabolism	mannitol/sorbitol	100001740	46142	FALSE
HMDB00169	mannose			""			""			""		Carbohydrate	Fructose, Mannose and Galactose Metabolism	mannose	803	48153	FALSE
HMDB02259	margarate (17:0)			""			""			""		Lipid	Long Chain Fatty Acid	margarate (17:0)	891	1121	FALSE
HMDB06210	margaroylcarnitine (C17)*			""			""			""		Lipid	Fatty Acid Metabolism(Acyl Carnitine)	margaroylcarnitine (C17)*	100004054	57512	FALSE
HMDB01921	metformin			""			""			""		Xenobiotics	Drug - Metabolic	metformin	100002405	38306	FALSE
HMDB00696	methionine			""			""			""		Amino Acid	Methionine, Cysteine, SAM and Taurine Metabolism	methionine	415	1302	FALSE
""	methionine sulfone			""			""			""		Amino Acid	Methionine, Cysteine, SAM and Taurine Metabolism	methionine sulfone	100004635	44878	FALSE
HMDB02005	methionine sulfoxide			""			""			""		Amino Acid	Methionine, Cysteine, SAM and Taurine Metabolism	methionine sulfoxide	100000039	18374	FALSE
""	methyl glucopyranoside (alpha + beta)			""			""			""		Xenobiotics	Food Component/Plant	methyl glucopyranoside (alpha + beta)	100005864	46144	FALSE
HMDB29738	methyl indole-3-acetate			""			""			""		Xenobiotics	Food Component/Plant	methyl indole-3-acetate	1104	1584	FALSE
""	methyl-4-hydroxybenzoate sulfate			""			""			""		Xenobiotics	Benzoate Metabolism	methyl-4-hydroxybenzoate sulfate	100006116	48429	FALSE
HMDB00202	methylmalonate (MMA)			""			""			""		Lipid	Fatty Acid Metabolism (also BCAA Metabolism)	methylmalonate (MMA)	418	1496	FALSE
""	methylnaphthyl sulfate (2)*			""			""			""		Xenobiotics	Chemical	methylnaphthyl sulfate (2)*	100020006	61873	FALSE
HMDB01844	methylsuccinate			""			""			""		Amino Acid	Leucine, Isoleucine and Valine Metabolism	methylsuccinate	2051	15745	FALSE
HMDB01932	metoprolol			""			""			""		Xenobiotics	Drug - Cardiovascular	metoprolol	2028	18037	FALSE
""	metoprolol acid metabolite*			""			""			""		Xenobiotics	Drug - Cardiovascular	metoprolol acid metabolite*	100001385	34109	FALSE
HMDB41936	morphine-3-glucuronide			""			""			""		Xenobiotics	Drug - Analgesics, Anesthetics	morphine-3-glucuronide	100016052	61844	FALSE
HMDB00211	myo-inositol			""			""			""		Lipid	Inositol Metabolism	myo-inositol	363	1124	FALSE
HMDB00806	myristate (14:0)			""			""			""		Lipid	Long Chain Fatty Acid	myristate (14:0)	519	1365	FALSE
HMDB02000	myristoleate (14:1n5)			""			""			""		Lipid	Long Chain Fatty Acid	myristoleate (14:1n5)	100001198	32418	FALSE
""	myristoleoylcarnitine (C14:1)*			""			""			""		Lipid	Fatty Acid Metabolism(Acyl Carnitine)	myristoleoylcarnitine (C14:1)*	100006051	48182	FALSE
HMDB12085	myristoyl dihydrosphingomyelin (d18:0/14:0)*			""			""			""		Lipid	Dihydrosphingomyelins	myristoyl dihydrosphingomyelin (d18:0/14:0)*	100009038	57365	FALSE
""	myristoyl-linoleoyl-glycerol (14:0/18:2) [1]*			""			""			""		Lipid	Diacylglycerol	myristoyl-linoleoyl-glycerol (14:0/18:2) [1]*	100015683	57407	FALSE
""	myristoyl-linoleoyl-glycerol (14:0/18:2) [2]*			""			""			""		Lipid	Diacylglycerol	myristoyl-linoleoyl-glycerol (14:0/18:2) [2]*	100015684	57408	FALSE
HMDB05066	myristoylcarnitine (C14)			""			""			""		Lipid	Fatty Acid Metabolism(Acyl Carnitine)	myristoylcarnitine (C14)	100001270	33952	FALSE
""	N,N,N-trimethyl-5-aminovalerate			""			""			""		Amino Acid	Lysine Metabolism	N,N,N-trimethyl-5-aminovalerate	100015962	57687	FALSE
HMDB00439	N-(2-furoyl)glycine			""			""			""		Xenobiotics	Food Component/Plant	N-(2-furoyl)glycine	100001086	31536	FALSE
HMDB59745	N-acetyl-2-aminooctanoate*			""			""			""		Lipid	Fatty Acid, Amino	N-acetyl-2-aminooctanoate*	100020204	62059	FALSE
""	N-acetyl-3-methylhistidine*			""			""			""		Amino Acid	Histidine Metabolism	N-acetyl-3-methylhistidine*	100002204	43256	FALSE
""	N-acetyl-beta-alanine			""			""			""		Nucleotide	Pyrimidine Metabolism, Uracil containing	N-acetyl-beta-alanine	100002102	37432	FALSE
""	N-acetyl-isoputreanine*			""			""			""		Amino Acid	Polyamine Metabolism	N-acetyl-isoputreanine*	100020487	62309	FALSE
HMDB00766	N-acetylalanine			""			""			""		Amino Acid	Alanine and Aspartate Metabolism	N-acetylalanine	1110	1585	FALSE
""	N-acetylalliin			""			""			""		Xenobiotics	Food Component/Plant	N-acetylalliin	100005367	45404	FALSE
HMDB04620	N-acetylarginine			""			""			""		Amino Acid	Urea cycle; Arginine and Proline Metabolism	N-acetylarginine	100001266	33953	FALSE
HMDB06028	N-acetylasparagine			""			""			""		Amino Acid	Alanine and Aspartate Metabolism	N-acetylasparagine	100001257	33942	FALSE
HMDB00812	N-acetylaspartate (NAA)			""			""			""		Amino Acid	Alanine and Aspartate Metabolism	N-acetylaspartate (NAA)	100000787	22185	FALSE
HMDB12881	N-acetylcarnosine			""			""			""		Amino Acid	Histidine Metabolism	N-acetylcarnosine	100004046	43488	FALSE
HMDB00856	N-acetylcitrulline			""			""			""		Amino Acid	Urea cycle; Arginine and Proline Metabolism	N-acetylcitrulline	100001577	48434	FALSE
HMDB00215	N-acetylglucosamine/N-acetylgalactosamine			""			""			""		Carbohydrate	Aminosugar Metabolism	N-acetylglucosamine/N-acetylgalactosamine	100006435	46539	FALSE
HMDB01138	N-acetylglutamate			""			""			""		Amino Acid	Glutamate Metabolism	N-acetylglutamate	100000282	15720	FALSE
HMDB06029	N-acetylglutamine			""			""			""		Amino Acid	Glutamate Metabolism	N-acetylglutamine	100001253	33943	FALSE
HMDB00532	N-acetylglycine			""			""			""		Amino Acid	Glycine, Serine and Threonine Metabolism	N-acetylglycine	100001006	27710	FALSE
HMDB32055	N-acetylhistidine			""			""			""		Amino Acid	Histidine Metabolism	N-acetylhistidine	100001293	33946	FALSE
HMDB61684	N-acetylisoleucine			""			""			""		Amino Acid	Leucine, Isoleucine and Valine Metabolism	N-acetylisoleucine	100001276	33967	FALSE
""	N-acetylkynurenine (2)			""			""			""		Amino Acid	Tryptophan Metabolism	N-acetylkynurenine (2)	100006378	48757	FALSE
HMDB11756	N-acetylleucine			""			""			""		Amino Acid	Leucine, Isoleucine and Valine Metabolism	N-acetylleucine	1082	1587	FALSE
HMDB11745	N-acetylmethionine			""			""			""		Amino Acid	Methionine, Cysteine, SAM and Taurine Metabolism	N-acetylmethionine	1083	1589	FALSE
HMDB00230	N-acetylneuraminate			""			""			""		Carbohydrate	Aminosugar Metabolism	N-acetylneuraminate	1162	32377	FALSE
HMDB00512	N-acetylphenylalanine			""			""			""		Amino Acid	Phenylalanine Metabolism	N-acetylphenylalanine	100001256	33950	FALSE
""	N-acetylproline			""			""			""		Amino Acid	Urea cycle; Arginine and Proline Metabolism	N-acetylproline	100001334	34387	FALSE
HMDB02064	N-acetylputrescine			""			""			""		Amino Acid	Polyamine Metabolism	N-acetylputrescine	192	37496	FALSE
HMDB02931	N-acetylserine			""			""			""		Amino Acid	Glycine, Serine and Threonine Metabolism	N-acetylserine	100001851	37076	FALSE
""	N-acetyltaurine			""			""			""		Amino Acid	Methionine, Cysteine, SAM and Taurine Metabolism	N-acetyltaurine	100005466	48187	FALSE
""	N-acetyltheanine			""			""			""		Xenobiotics	Food Component/Plant	N-acetyltheanine	100020514	62711	FALSE
""	N-acetylthreonine			""			""			""		Amino Acid	Glycine, Serine and Threonine Metabolism	N-acetylthreonine	100001274	33939	FALSE
HMDB13713	N-acetyltryptophan			""			""			""		Amino Acid	Tryptophan Metabolism	N-acetyltryptophan	100001254	33959	FALSE
HMDB00866	N-acetyltyrosine			""			""			""		Amino Acid	Tyrosine Metabolism	N-acetyltyrosine	100001104	32390	FALSE
HMDB11757	N-acetylvaline			""			""			""		Amino Acid	Leucine, Isoleucine and Valine Metabolism	N-acetylvaline	1084	1591	FALSE
""	N-carbamoylalanine			""			""			""		Amino Acid	Alanine and Aspartate Metabolism	N-carbamoylalanine	100006369	52340	FALSE
""	N-delta-acetylornithine			""			""			""		Amino Acid	Urea cycle; Arginine and Proline Metabolism	N-delta-acetylornithine	100004523	43249	FALSE
HMDB61007	N-desmethyl tramadol			""			""			""		Xenobiotics	Drug - Analgesics, Anesthetics	N-desmethyl tramadol	100006384	52355	FALSE
HMDB04089	N-formylanthranilic acid			""			""			""		Amino Acid	Tryptophan Metabolism	N-formylanthranilic acid	100004561	43549	FALSE
HMDB01015	N-formylmethionine			""			""			""		Amino Acid	Methionine, Cysteine, SAM and Taurine Metabolism	N-formylmethionine	194	2829	FALSE
""	N-formylphenylalanine			""			""			""		Amino Acid	Tyrosine Metabolism	N-formylphenylalanine	100006056	48433	FALSE
""	N-methylpipecolate			""			""			""		Xenobiotics	Bacterial/Fungal	N-methylpipecolate	100005383	47101	FALSE
""	N-methylproline			""			""			""		Amino Acid	Urea cycle; Arginine and Proline Metabolism	N-methylproline	100001956	37431	FALSE
""	N-methyltaurine			""			""			""		Amino Acid	Methionine, Cysteine, SAM and Taurine Metabolism	N-methyltaurine	100004056	42989	FALSE
""	N-nervonoyl-hexadecasphingosine (d16:1/24:1)*			""			""			""		Lipid	Ceramides	N-nervonoyl-hexadecasphingosine (d16:1/24:1)*	100015725	57435	FALSE
""	N-oleoylserine			""			""			""		Lipid	Endocannabinoid	N-oleoylserine	100015641	57664	FALSE
""	N-oleoyltaurine			""			""			""		Lipid	Endocannabinoid	N-oleoyltaurine	100003119	39732	FALSE
""	N-palmitoyl-heptadecasphingosine (d17:1/16:0)*			""			""			""		Lipid	Ceramides	N-palmitoyl-heptadecasphingosine (d17:1/16:0)*	100015731	57430	FALSE
""	N-palmitoyl-sphingadienine (d18:2/16:0)*			""			""			""		Lipid	Ceramides	N-palmitoyl-sphingadienine (d18:2/16:0)*	100015609	57416	FALSE
HMDB11760	N-palmitoyl-sphinganine (d18:0/16:0)			""			""			""		Lipid	Dihydroceramides	N-palmitoyl-sphinganine (d18:0/16:0)	100009028	52604	FALSE
HMDB04949	N-palmitoyl-sphingosine (d18:1/16:0)			""			""			""		Lipid	Ceramides	N-palmitoyl-sphingosine (d18:1/16:0)	1518	44877	FALSE
HMDB13034	N-palmitoylglycine			""			""			""		Lipid	Fatty Acid Metabolism(Acyl Glycine)	N-palmitoylglycine	100003686	42092	FALSE
""	N-stearoyl-sphingadienine (d18:2/18:0)*			""			""			""		Lipid	Ceramides	N-stearoyl-sphingadienine (d18:2/18:0)*	100015632	57417	FALSE
""	N-stearoyl-sphinganine (d18:0/18:0)*			""			""			""		Lipid	Dihydroceramides	N-stearoyl-sphinganine (d18:0/18:0)*	922	1759	FALSE
HMDB04950	N-stearoyl-sphingosine (d18:1/18:0)*			""			""			""		Lipid	Ceramides	N-stearoyl-sphingosine (d18:1/18:0)*	1547	54979	FALSE
""	N-stearoylserine*			""			""			""		Lipid	Endocannabinoid	N-stearoylserine*	100019957	61822	FALSE
""	N-stearoyltaurine			""			""			""		Lipid	Endocannabinoid	N-stearoyltaurine	100003240	39730	FALSE
HMDB04193	N1-Methyl-2-pyridone-5-carboxamide			""			""			""		Cofactors and Vitamins	Nicotinate and Nicotinamide Metabolism	N1-Methyl-2-pyridone-5-carboxamide	100001468	40469	FALSE
HMDB03331	N1-methyladenosine			""			""			""		Nucleotide	Purine Metabolism, Adenine containing	N1-methyladenosine	1242	15650	FALSE
HMDB02721	N1-methylinosine			""			""			""		Nucleotide	Purine Metabolism, (Hypo)Xanthine/Inosine containing	N1-methylinosine	100001409	48351	FALSE
HMDB04824	N2,N2-dimethylguanosine			""			""			""		Nucleotide	Purine Metabolism, Guanine containing	N2,N2-dimethylguanosine	100001412	35137	FALSE
""	N2,N5-diacetylornithine			""			""			""		Amino Acid	Urea cycle; Arginine and Proline Metabolism	N2,N5-diacetylornithine	100004575	43591	FALSE
HMDB05862	N2-methylguanosine			""			""			""		Nucleotide	Purine Metabolism, Guanine containing	N2-methylguanosine	100001467	35133	FALSE
HMDB05923	N4-acetylcytidine			""			""			""		Nucleotide	Pyrimidine Metabolism, Cytidine containing	N4-acetylcytidine	100001413	35130	FALSE
HMDB01325	N6,N6,N6-trimethyllysine			""			""			""		Amino Acid	Lysine Metabolism	N6,N6,N6-trimethyllysine	189	1498	FALSE
HMDB00206	N6-acetyllysine			""			""			""		Amino Acid	Lysine Metabolism	N6-acetyllysine	100001734	36752	FALSE
HMDB41623	N6-carbamoylthreonyladenosine			""			""			""		Nucleotide	Purine Metabolism, Adenine containing	N6-carbamoylthreonyladenosine	100001415	35157	FALSE
HMDB00912	N6-succinyladenosine			""			""			""		Nucleotide	Purine Metabolism, Adenine containing	N6-succinyladenosine	100001664	48130	FALSE
HMDB01923	naproxen			""			""			""		Xenobiotics	Drug - Analgesics, Anesthetics	naproxen	1384	12122	FALSE
HMDB02368	nervonate (24:1n9)*			""			""			""		Lipid	Long Chain Fatty Acid	nervonate (24:1n9)*	100001231	52674	FALSE
""	nervonoylcarnitine (C24:1)*			""			""			""		Lipid	Fatty Acid Metabolism(Acyl Carnitine)	nervonoylcarnitine (C24:1)*	100015846	57531	FALSE
HMDB01406	nicotinamide			""			""			""		Cofactors and Vitamins	Nicotinate and Nicotinamide Metabolism	nicotinamide	432	594	FALSE
""	nifedipine			""			""			""		Xenobiotics	Drug - Cardiovascular	nifedipine	100001514	34598	FALSE
HMDB02007	nisinate (24:6n3)			""			""			""		Lipid	Polyunsaturated Fatty Acid (n3 and n6)	nisinate (24:6n3)	100015785	57810	FALSE
HMDB00772	nonadecanoate (19:0)			""			""			""		Lipid	Long Chain Fatty Acid	nonadecanoate (19:0)	892	1356	FALSE
""	o-cresol sulfate			""			""			""		Xenobiotics	Benzoate Metabolism	o-cresol sulfate	100001806	36845	FALSE
HMDB60997	O-desmethyltramadol			""			""			""		Xenobiotics	Drug - Analgesics, Anesthetics	O-desmethyltramadol	100006382	53239	FALSE
""	O-desmethyltramadol glucuronide			""			""			""		Xenobiotics	Drug - Analgesics, Anesthetics	O-desmethyltramadol glucuronide	100006383	52357	FALSE
HMDB60532	O-desmethylvenlafaxine			""			""			""		Xenobiotics	Drug - Psychoactive	O-desmethylvenlafaxine	100004173	43334	FALSE
""	o-hydroxyatorvastatin			""			""			""		Xenobiotics	Drug - Metabolic	o-hydroxyatorvastatin	100005933	47883	FALSE
""	O-sulfo-L-tyrosine			""			""			""		Xenobiotics	Chemical	O-sulfo-L-tyrosine	100005384	45413	FALSE
""	octadecadienedioate (C18:2-DC)*			""			""			""		Lipid	Fatty Acid, Dicarboxylate	octadecadienedioate (C18:2-DC)*	100019982	61860	FALSE
HMDB00782	octadecanedioate (C18-DC)			""			""			""		Lipid	Fatty Acid, Dicarboxylate	octadecanedioate (C18-DC)	100001615	36754	FALSE
""	octadecanedioylcarnitine (C18-DC)*			""			""			""		Lipid	Fatty Acid Metabolism(Acyl Carnitine)	octadecanedioylcarnitine (C18-DC)*	100005998	61867	FALSE
""	octadecenedioate (C18:1-DC)*			""			""			""		Lipid	Fatty Acid, Dicarboxylate	octadecenedioate (C18:1-DC)*	100019978	61861	FALSE
""	octadecenedioylcarnitine (C18:1-DC)*			""			""			""		Lipid	Fatty Acid Metabolism(Acyl Carnitine)	octadecenedioylcarnitine (C18:1-DC)*	100005996	61865	FALSE
HMDB00791	octanoylcarnitine (C8)			""			""			""		Lipid	Fatty Acid Metabolism(Acyl Carnitine)	octanoylcarnitine (C8)	100001247	33936	FALSE
""	oleate/vaccenate (18:1)			""			""			""		Lipid	Long Chain Fatty Acid	oleate/vaccenate (18:1)	100008930	52285	FALSE
HMDB07228	oleoyl-arachidonoyl-glycerol (18:1/20:4) [1]*			""			""			""		Lipid	Diacylglycerol	oleoyl-arachidonoyl-glycerol (18:1/20:4) [1]*	100010936	54960	FALSE
HMDB07228	oleoyl-arachidonoyl-glycerol (18:1/20:4) [2]*			""			""			""		Lipid	Diacylglycerol	oleoyl-arachidonoyl-glycerol (18:1/20:4) [2]*	100010937	54961	FALSE
HMDB07220	oleoyl-linolenoyl-glycerol (18:1/18:3) [2]*			""			""			""		Lipid	Diacylglycerol	oleoyl-linolenoyl-glycerol (18:1/18:3) [2]*	100010944	54970	FALSE
HMDB07219	oleoyl-linoleoyl-glycerol (18:1/18:2) [1]			""			""			""		Lipid	Diacylglycerol	oleoyl-linoleoyl-glycerol (18:1/18:2) [1]	100002989	46798	FALSE
HMDB07219	oleoyl-linoleoyl-glycerol (18:1/18:2) [2]			""			""			""		Lipid	Diacylglycerol	oleoyl-linoleoyl-glycerol (18:1/18:2) [2]	100002990	46799	FALSE
HMDB07218	oleoyl-oleoyl-glycerol (18:1/18:1)  [1]*			""			""			""		Lipid	Diacylglycerol	oleoyl-oleoyl-glycerol (18:1/18:1)  [1]*	100010918	54945	FALSE
HMDB07218	oleoyl-oleoyl-glycerol (18:1/18:1) [2]*			""			""			""		Lipid	Diacylglycerol	oleoyl-oleoyl-glycerol (18:1/18:1) [2]*	100010919	54946	FALSE
HMDB05065	oleoylcarnitine (C18:1)			""			""			""		Lipid	Fatty Acid Metabolism(Acyl Carnitine)	oleoylcarnitine (C18:1)	100001501	35160	FALSE
""	oleoylcholine			""			""			""		Lipid	Fatty Acid Metabolism (Acyl Choline)	oleoylcholine	100009331	53260	FALSE
HMDB01913	omeprazole			""			""			""		Xenobiotics	Drug - Gastrointestinal	omeprazole	100002725	38600	FALSE
HMDB03374	ornithine			""			""			""		Amino Acid	Urea cycle; Arginine and Proline Metabolism	ornithine	444	1493	FALSE
HMDB00226	orotate			""			""			""		Nucleotide	Pyrimidine Metabolism, Orotate containing	orotate	445	1505	FALSE
HMDB00788	orotidine			""			""			""		Nucleotide	Pyrimidine Metabolism, Orotate containing	orotidine	100001416	35172	FALSE
HMDB02329	oxalate (ethanedioate)			""			""			""		Cofactors and Vitamins	Ascorbate and Aldarate Metabolism	oxalate (ethanedioate)	100000841	20694	FALSE
HMDB00786	oxypurinol			""			""			""		Xenobiotics	Drug - Metabolic	oxypurinol	100002489	41726	FALSE
HMDB11686	p-cresol glucuronide*			""			""			""		Amino Acid	Tyrosine Metabolism	p-cresol glucuronide*	100006191	48841	FALSE
HMDB11635	p-cresol sulfate			""			""			""		Xenobiotics	Benzoate Metabolism	p-cresol sulfate	100001315	36103	FALSE
""	p-hydroxyatorvastatin			""			""			""		Xenobiotics	Drug - Metabolic	p-hydroxyatorvastatin	100005939	47881	FALSE
HMDB00220	palmitate (16:0)			""			""			""		Lipid	Long Chain Fatty Acid	palmitate (16:0)	424	1336	FALSE
HMDB03229	palmitoleate (16:1n7)			""			""			""		Lipid	Long Chain Fatty Acid	palmitoleate (16:1n7)	452	33447	FALSE
""	palmitoleoyl-arachidonoyl-glycerol (16:1/20:4) [2]*			""			""			""		Lipid	Diacylglycerol	palmitoleoyl-arachidonoyl-glycerol (16:1/20:4) [2]*	100015681	57406	FALSE
HMDB07132	palmitoleoyl-linoleoyl-glycerol (16:1/18:2) [1]*			""			""			""		Lipid	Diacylglycerol	palmitoleoyl-linoleoyl-glycerol (16:1/18:2) [1]*	100010930	54967	FALSE
HMDB07131	palmitoleoyl-oleoyl-glycerol (16:1/18:1) [1]*			""			""			""		Lipid	Diacylglycerol	palmitoleoyl-oleoyl-glycerol (16:1/18:1) [1]*	100009053	52632	FALSE
""	palmitoleoyl-oleoyl-glycerol (16:1/18:1) [2]*			""			""			""		Lipid	Diacylglycerol	palmitoleoyl-oleoyl-glycerol (16:1/18:1) [2]*	100009054	52631	FALSE
""	palmitoleoylcarnitine (C16:1)*			""			""			""		Lipid	Fatty Acid Metabolism(Acyl Carnitine)	palmitoleoylcarnitine (C16:1)*	100009406	53223	FALSE
""	palmitoloelycholine			""			""			""		Lipid	Fatty Acid Metabolism (Acyl Choline)	palmitoloelycholine	100009334	53257	FALSE
""	palmitoyl dihydrosphingomyelin (d18:0/16:0)*			""			""			""		Lipid	Dihydrosphingomyelins	palmitoyl dihydrosphingomyelin (d18:0/16:0)*	100008954	52434	FALSE
""	palmitoyl sphingomyelin (d18:1/16:0)			""			""			""		Lipid	Sphingomyelins	palmitoyl sphingomyelin (d18:1/16:0)	100002107	37506	FALSE
HMDB07112	palmitoyl-arachidonoyl-glycerol (16:0/20:4) [1]*			""			""			""		Lipid	Diacylglycerol	palmitoyl-arachidonoyl-glycerol (16:0/20:4) [1]*	100010924	54957	FALSE
HMDB07112	palmitoyl-arachidonoyl-glycerol (16:0/20:4) [2]*			""			""			""		Lipid	Diacylglycerol	palmitoyl-arachidonoyl-glycerol (16:0/20:4) [2]*	100010925	54958	FALSE
HMDB07121	palmitoyl-docosahexaenoyl-glycerol (16:0/22:6) [1]*			""			""			""		Lipid	Diacylglycerol	palmitoyl-docosahexaenoyl-glycerol (16:0/22:6) [1]*	100015618	57373	FALSE
HMDB07105	palmitoyl-linolenoyl-glycerol (16:0/18:3) [2]*			""			""			""		Lipid	Diacylglycerol	palmitoyl-linolenoyl-glycerol (16:0/18:3) [2]*	100010939	54965	FALSE
HMDB07103	palmitoyl-linoleoyl-glycerol (16:0/18:2) [1]*			""			""			""		Lipid	Diacylglycerol	palmitoyl-linoleoyl-glycerol (16:0/18:2) [1]*	100009052	52633	FALSE
HMDB07103	palmitoyl-linoleoyl-glycerol (16:0/18:2) [2]*			""			""			""		Lipid	Diacylglycerol	palmitoyl-linoleoyl-glycerol (16:0/18:2) [2]*	100009055	52634	FALSE
""	palmitoyl-myristoyl-glycerol (16:0/14:0) [1]*			""			""			""		Lipid	Diacylglycerol	palmitoyl-myristoyl-glycerol (16:0/14:0) [1]*	100015682	61709	FALSE
HMDB07095	palmitoyl-myristoyl-glycerol (16:0/14:0) [2]			""			""			""		Lipid	Diacylglycerol	palmitoyl-myristoyl-glycerol (16:0/14:0) [2]	100015610	57364	FALSE
HMDB07102	palmitoyl-oleoyl-glycerol (16:0/18:1) [1]*			""			""			""		Lipid	Diacylglycerol	palmitoyl-oleoyl-glycerol (16:0/18:1) [1]*	100010916	54943	FALSE
HMDB07102	palmitoyl-oleoyl-glycerol (16:0/18:1) [2]*			""			""			""		Lipid	Diacylglycerol	palmitoyl-oleoyl-glycerol (16:0/18:1) [2]*	100010917	54942	FALSE
HMDB07098	palmitoyl-palmitoyl-glycerol (16:0/16:0) [1]*			""			""			""		Lipid	Diacylglycerol	palmitoyl-palmitoyl-glycerol (16:0/16:0) [1]*	100010947	54991	FALSE
HMDB07098	palmitoyl-palmitoyl-glycerol (16:0/16:0) [2]*			""			""			""		Lipid	Diacylglycerol	palmitoyl-palmitoyl-glycerol (16:0/16:0) [2]*	100010948	54990	FALSE
HMDB00222	palmitoylcarnitine (C16)			""			""			""		Lipid	Fatty Acid Metabolism(Acyl Carnitine)	palmitoylcarnitine (C16)	100000776	44681	FALSE
""	palmitoylcholine			""			""			""		Lipid	Fatty Acid Metabolism (Acyl Choline)	palmitoylcholine	100009233	52944	FALSE
HMDB00210	pantothenate			""			""			""		Cofactors and Vitamins	Pantothenate and CoA Metabolism	pantothenate	1024	1508	FALSE
HMDB01860	paraxanthine			""			""			""		Xenobiotics	Xanthine Metabolism	paraxanthine	100000453	18254	FALSE
HMDB00826	pentadecanoate (15:0)			""			""			""		Lipid	Long Chain Fatty Acid	pentadecanoate (15:0)	980	1361	FALSE
HMDB59586	perfluorooctanesulfonate (PFOS)			""			""			""		Xenobiotics	Chemical	perfluorooctanesulfonate (PFOS)	100010955	57564	FALSE
HMDB59587	perfluorooctanoate (PFOA)*			""			""			""		Xenobiotics	Chemical	perfluorooctanoate (PFOA)*	100020208	62071	FALSE
HMDB14928	perindopril			""			""			""		Xenobiotics	Drug - Cardiovascular	perindopril	100006237	52372	FALSE
HMDB60014	phenol glucuronide			""			""			""		Amino Acid	Tyrosine Metabolism	phenol glucuronide	100006679	52747	FALSE
HMDB60015	phenol sulfate			""			""			""		Amino Acid	Tyrosine Metabolism	phenol sulfate	100001510	32553	FALSE
HMDB00209	phenylacetate			""			""			""		Amino Acid	Phenylalanine Metabolism	phenylacetate	100000011	57745	FALSE
""	phenylacetylcarnitine			""			""			""		Peptide	Acetylated Peptides	phenylacetylcarnitine	100006108	48425	FALSE
HMDB59772	phenylacetylglutamate			""			""			""		Peptide	Acetylated Peptides	phenylacetylglutamate	100009045	52925	FALSE
HMDB06344	phenylacetylglutamine			""			""			""		Peptide	Acetylated Peptides	phenylacetylglutamine	100001417	35126	FALSE
HMDB00159	phenylalanine			""			""			""		Amino Acid	Phenylalanine Metabolism	phenylalanine	460	64	FALSE
HMDB28995	phenylalanylglycine			""			""			""		Peptide	Dipeptide	phenylalanylglycine	100003588	41370	FALSE
HMDB00779	phenyllactate (PLA)			""			""			""		Amino Acid	Phenylalanine Metabolism	phenyllactate (PLA)	100000774	22130	FALSE
HMDB00205	phenylpyruvate			""			""			""		Amino Acid	Phenylalanine Metabolism	phenylpyruvate	241	566	FALSE
HMDB01429	phosphate			""			""			""		Energy	Oxidative Phosphorylation	phosphate	461	42109	FALSE
HMDB00224	phosphoethanolamine			""			""			""		Lipid	Phospholipid Metabolism	phosphoethanolamine	1026	1600	FALSE
HMDB00801	phytanate			""			""			""		Xenobiotics	Food Component/Plant	phytanate	466	598	FALSE
HMDB00857	pimelate (C7-DC)			""			""			""		Lipid	Fatty Acid, Dicarboxylate	pimelate (C7-DC)	100000101	15704	FALSE
HMDB15264	pioglitazone			""			""			""		Xenobiotics	Drug - Metabolic	pioglitazone	100001317	33139	FALSE
HMDB00070	pipecolate			""			""			""		Amino Acid	Lysine Metabolism	pipecolate	1025	1444	FALSE
HMDB29377	piperine			""			""			""		Xenobiotics	Food Component/Plant	piperine	100001267	33935	FALSE
""	pregabalin			""			""			""		Xenobiotics	Drug - Neurological	pregabalin	100008943	52913	FALSE
HMDB10318	pregnanediol-3-glucuronide			""			""			""		Lipid	Progestin Steroids	pregnanediol-3-glucuronide	100003470	40708	FALSE
""	pregnenediol disulfate (C21H34O8S2)*			""			""			""		Lipid	Pregnenolone Steroids	pregnenediol disulfate (C21H34O8S2)*	100001993	32562	FALSE
""	pregnenediol sulfate (C21H34O5S)*			""			""			""		Lipid	Pregnenolone Steroids	pregnenediol sulfate (C21H34O5S)*	100002067	32619	FALSE
HMDB00774	pregnenolone sulfate			""			""			""		Lipid	Pregnenolone Steroids	pregnenolone sulfate	100002129	38170	FALSE
HMDB00795	pristanate			""			""			""		Lipid	Fatty Acid, Branched	pristanate	477	38271	FALSE
HMDB06695	pro-hydroxy-pro			""			""			""		Amino Acid	Urea cycle; Arginine and Proline Metabolism	pro-hydroxy-pro	100001167	35127	FALSE
HMDB00162	proline			""			""			""		Amino Acid	Urea cycle; Arginine and Proline Metabolism	proline	480	1898	FALSE
HMDB11178	prolylglycine			""			""			""		Peptide	Dipeptide	prolylglycine	100003674	40703	FALSE
HMDB00824	propionylcarnitine (C3)			""			""			""		Lipid	Fatty Acid Metabolism (also BCAA Metabolism)	propionylcarnitine (C3)	100001162	32452	FALSE
HMDB00783	propionylglycine			""			""			""		Lipid	Fatty Acid Metabolism (also BCAA Metabolism)	propionylglycine	100001150	31932	FALSE
HMDB32574	propyl 4-hydroxybenzoate			""			""			""		Xenobiotics	Benzoate Metabolism	propyl 4-hydroxybenzoate	100006205	48480	FALSE
""	propyl 4-hydroxybenzoate sulfate			""			""			""		Xenobiotics	Benzoate Metabolism	propyl 4-hydroxybenzoate sulfate	100006264	48460	FALSE
HMDB00767	pseudouridine			""			""			""		Nucleotide	Pyrimidine Metabolism, Uracil containing	pseudouridine	821	33442	FALSE
HMDB00017	pyridoxate			""			""			""		Cofactors and Vitamins	Vitamin B6 Metabolism	pyridoxate	100001121	31555	FALSE
""	pyroglutamine*			""			""			""		Amino Acid	Glutamate Metabolism	pyroglutamine*	100001540	46225	FALSE
HMDB33143	pyrraline			""			""			""		Xenobiotics	Food Component/Plant	pyrraline	100001767	48428	FALSE
HMDB00243	pyruvate			""			""			""		Carbohydrate	Glycolysis, Gluconeogenesis, and Pyruvate Metabolism	pyruvate	823	48990	FALSE
HMDB03072	quinate			""			""			""		Xenobiotics	Food Component/Plant	quinate	100000442	18335	FALSE
""	quinine			""			""			""		Xenobiotics	Drug - Antibiotic	quinine	100002968	39767	FALSE
HMDB00232	quinolinate			""			""			""		Cofactors and Vitamins	Nicotinate and Nicotinamide Metabolism	quinolinate	182	1899	FALSE
HMDB01930	ranitidine			""			""			""		Xenobiotics	Drug - Gastrointestinal	ranitidine	100002735	38595	FALSE
""	ranitidine N-oxide*			""			""			""		Xenobiotics	Drug - Gastrointestinal	ranitidine N-oxide*	100020810	62485	FALSE
HMDB01358	retinal			""			""			""		Cofactors and Vitamins	Vitamin A Metabolism	retinal	100004088	40807	FALSE
HMDB00305	retinol (Vitamin A)			""			""			""		Cofactors and Vitamins	Vitamin A Metabolism	retinol (Vitamin A)	498	1806	FALSE
HMDB00508	ribitol			""			""			""		Carbohydrate	Pentose Metabolism	ribitol	100000406	15772	FALSE
HMDB00244	riboflavin (Vitamin B2)			""			""			""		Cofactors and Vitamins	Riboflavin Metabolism	riboflavin (Vitamin B2)	500	1827	FALSE
HMDB00867	ribonate			""			""			""		Carbohydrate	Pentose Metabolism	ribonate	100001007	27731	FALSE
""	ribulonate/xylulonate*			""			""			""		Carbohydrate	Pentose Metabolism	ribulonate/xylulonate*	100019968	61858	FALSE
""	rivaroxaban			""			""			""		Xenobiotics	Drug - Cardiovascular	rivaroxaban	100008950	52958	FALSE
HMDB01301	S-1-pyrroline-5-carboxylate			""			""			""		Amino Acid	Glutamate Metabolism	S-1-pyrroline-5-carboxylate	35	42370	FALSE
HMDB00939	S-adenosylhomocysteine (SAH)			""			""			""		Amino Acid	Methionine, Cysteine, SAM and Taurine Metabolism	S-adenosylhomocysteine (SAH)	197	42382	FALSE
HMDB34323	S-allylcysteine			""			""			""		Xenobiotics	Food Component/Plant	S-allylcysteine	100004509	43239	FALSE
HMDB02108	S-methylcysteine			""			""			""		Amino Acid	Methionine, Cysteine, SAM and Taurine Metabolism	S-methylcysteine	100002749	39592	FALSE
HMDB29432	S-methylcysteine sulfoxide			""			""			""		Amino Acid	Methionine, Cysteine, SAM and Taurine Metabolism	S-methylcysteine sulfoxide	100002927	43378	FALSE
HMDB29723	saccharin			""			""			""		Xenobiotics	Food Component/Plant	saccharin	100000870	21151	FALSE
HMDB01895	salicylate			""			""			""		Xenobiotics	Drug - Topical Agents	salicylate	501	1515	FALSE
""	salicyluric glucuronide*			""			""			""		Xenobiotics	Drug - Analgesics, Anesthetics	salicyluric glucuronide*	100001332	33384	FALSE
HMDB00271	sarcosine			""			""			""		Amino Acid	Glycine, Serine and Threonine Metabolism	sarcosine	1023	1516	FALSE
HMDB00792	sebacate (C10-DC)			""			""			""		Lipid	Fatty Acid, Dicarboxylate	sebacate (C10-DC)	100001211	32398	FALSE
HMDB00187	serine			""			""			""		Amino Acid	Glycine, Serine and Threonine Metabolism	serine	503	1648	FALSE
HMDB00259	serotonin			""			""			""		Amino Acid	Tryptophan Metabolism	serotonin	504	2342	FALSE
HMDB05039	sildenafil			""			""			""		Xenobiotics	Drug - Cardiovascular	sildenafil	100008971	52961	FALSE
""	sitagliptin			""			""			""		Xenobiotics	Drug - Metabolic	sitagliptin	100008964	52954	FALSE
HMDB03236	solanidine			""			""			""		Xenobiotics	Food Component/Plant	solanidine	100002773	39788	FALSE
""	sphingadienine			""			""			""		Lipid	Sphingolipid Synthesis	sphingadienine	100015643	57426	FALSE
HMDB00269	sphinganine			""			""			""		Lipid	Sphingolipid Synthesis	sphinganine	313	17769	FALSE
HMDB01383	sphinganine-1-phosphate			""			""			""		Lipid	Sphingolipid Synthesis	sphinganine-1-phosphate	100001876	52605	FALSE
""	sphingomyelin (d17:1/14:0, d16:1/15:0)*			""			""			""		Lipid	Sphingomyelins	sphingomyelin (d17:1/14:0, d16:1/15:0)*	100020276	62152	FALSE
""	sphingomyelin (d17:1/16:0, d18:1/15:0, d16:1/17:0)*			""			""			""		Lipid	Sphingomyelins	sphingomyelin (d17:1/16:0, d18:1/15:0, d16:1/17:0)*	100006314	52433	FALSE
""	sphingomyelin (d17:2/16:0, d18:2/15:0)*			""			""			""		Lipid	Sphingomyelins	sphingomyelin (d17:2/16:0, d18:2/15:0)*	100015793	57483	FALSE
HMDB12087	sphingomyelin (d18:0/18:0, d19:0/17:0)*			""			""			""		Lipid	Dihydrosphingomyelins	sphingomyelin (d18:0/18:0, d19:0/17:0)*	100009027	57473	FALSE
""	sphingomyelin (d18:0/20:0, d16:0/22:0)*			""			""			""		Lipid	Dihydrosphingomyelins	sphingomyelin (d18:0/20:0, d16:0/22:0)*	100015786	57476	FALSE
HMDB12097	sphingomyelin (d18:1/14:0, d16:1/16:0)*			""			""			""		Lipid	Sphingomyelins	sphingomyelin (d18:1/14:0, d16:1/16:0)*	100004328	42463	FALSE
""	sphingomyelin (d18:1/17:0, d17:1/18:0, d19:1/16:0)			""			""			""		Lipid	Sphingomyelins	sphingomyelin (d18:1/17:0, d17:1/18:0, d19:1/16:0)	100008920	52615	FALSE
HMDB12101	sphingomyelin (d18:1/18:1, d18:2/18:0)			""			""			""		Lipid	Sphingomyelins	sphingomyelin (d18:1/18:1, d18:2/18:0)	100002106	37529	FALSE
""	sphingomyelin (d18:1/19:0, d19:1/18:0)*			""			""			""		Lipid	Sphingomyelins	sphingomyelin (d18:1/19:0, d19:1/18:0)*	100015787	57475	FALSE
HMDB12102	sphingomyelin (d18:1/20:0, d16:1/22:0)*			""			""			""		Lipid	Sphingomyelins	sphingomyelin (d18:1/20:0, d16:1/22:0)*	100006290	48490	FALSE
""	sphingomyelin (d18:1/20:1, d18:2/20:0)*			""			""			""		Lipid	Sphingomyelins	sphingomyelin (d18:1/20:1, d18:2/20:0)*	100006292	48491	FALSE
""	sphingomyelin (d18:1/20:2, d18:2/20:1, d16:1/22:2)*			""			""			""		Lipid	Sphingomyelins	sphingomyelin (d18:1/20:2, d18:2/20:1, d16:1/22:2)*	100006293	57481	FALSE
""	sphingomyelin (d18:1/21:0, d17:1/22:0, d16:1/23:0)*			""			""			""		Lipid	Sphingomyelins	sphingomyelin (d18:1/21:0, d17:1/22:0, d16:1/23:0)*	100009025	52495	FALSE
HMDB12104	sphingomyelin (d18:1/22:1, d18:2/22:0, d16:1/24:1)*			""			""			""		Lipid	Sphingomyelins	sphingomyelin (d18:1/22:1, d18:2/22:0, d16:1/24:1)*	100006295	48493	FALSE
""	sphingomyelin (d18:1/22:2, d18:2/22:1, d16:1/24:2)*			""			""			""		Lipid	Sphingomyelins	sphingomyelin (d18:1/22:2, d18:2/22:1, d16:1/24:2)*	100006296	57477	FALSE
HMDB12107	sphingomyelin (d18:1/24:1, d18:2/24:0)*			""			""			""		Lipid	Sphingomyelins	sphingomyelin (d18:1/24:1, d18:2/24:0)*	100005986	47153	FALSE
""	sphingomyelin (d18:1/25:0, d19:0/24:1, d20:1/23:0, d19:1/24:0)*			""			""			""		Lipid	Sphingomyelins	sphingomyelin (d18:1/25:0, d19:0/24:1, d20:1/23:0, d19:1/24:0)*	100015792	57478	FALSE
""	sphingomyelin (d18:2/14:0, d18:1/14:1)*			""			""			""		Lipid	Sphingomyelins	sphingomyelin (d18:2/14:0, d18:1/14:1)*	100005985	47154	FALSE
""	sphingomyelin (d18:2/16:0, d18:1/16:1)*			""			""			""		Lipid	Sphingomyelins	sphingomyelin (d18:2/16:0, d18:1/16:1)*	100004329	42459	FALSE
""	sphingomyelin (d18:2/18:1)*			""			""			""		Lipid	Sphingomyelins	sphingomyelin (d18:2/18:1)*	100015788	57474	FALSE
""	sphingomyelin (d18:2/21:0, d16:2/23:0)*			""			""			""		Lipid	Sphingomyelins	sphingomyelin (d18:2/21:0, d16:2/23:0)*	100015790	57480	FALSE
""	sphingomyelin (d18:2/23:0, d18:1/23:1, d17:1/24:1)*			""			""			""		Lipid	Sphingomyelins	sphingomyelin (d18:2/23:0, d18:1/23:1, d17:1/24:1)*	100008956	52435	FALSE
""	sphingomyelin (d18:2/23:1)*			""			""			""		Lipid	Sphingomyelins	sphingomyelin (d18:2/23:1)*	100015791	57482	FALSE
""	sphingomyelin (d18:2/24:1, d18:1/24:2)*			""			""			""		Lipid	Sphingomyelins	sphingomyelin (d18:2/24:1, d18:1/24:2)*	100008957	52437	FALSE
""	sphingomyelin (d18:2/24:2)*			""			""			""		Lipid	Sphingomyelins	sphingomyelin (d18:2/24:2)*	100015789	57479	FALSE
HMDB00252	sphingosine			""			""			""		Lipid	Sphingosines	sphingosine	297	17747	FALSE
HMDB00277	sphingosine 1-phosphate			""			""			""		Lipid	Sphingosines	sphingosine 1-phosphate	100000626	34445	FALSE
HMDB04827	stachydrine			""			""			""		Xenobiotics	Food Component/Plant	stachydrine	100001296	34384	FALSE
HMDB00827	stearate (18:0)			""			""			""		Lipid	Long Chain Fatty Acid	stearate (18:0)	439	1358	FALSE
HMDB06547	stearidonate (18:4n3)			""			""			""		Lipid	Polyunsaturated Fatty Acid (n3 and n6)	stearidonate (18:4n3)	100001229	33969	FALSE
HMDB01348	stearoyl sphingomyelin (d18:1/18:0)			""			""			""		Lipid	Sphingomyelins	stearoyl sphingomyelin (d18:1/18:0)	1538	19503	FALSE
""	stearoyl-arachidonoyl-glycerol (18:0/20:4) [1]*			""			""			""		Lipid	Diacylglycerol	stearoyl-arachidonoyl-glycerol (18:0/20:4) [1]*	100010949	57450	FALSE
""	stearoyl-arachidonoyl-glycerol (18:0/20:4) [2]*			""			""			""		Lipid	Diacylglycerol	stearoyl-arachidonoyl-glycerol (18:0/20:4) [2]*	100010950	57449	FALSE
HMDB00848	stearoylcarnitine (C18)			""			""			""		Lipid	Fatty Acid Metabolism(Acyl Carnitine)	stearoylcarnitine (C18)	100001391	34409	FALSE
""	stearoylcholine*			""			""			""		Lipid	Fatty Acid Metabolism (Acyl Choline)	stearoylcholine*	100015759	57464	FALSE
HMDB00893	suberate (C8-DC)			""			""			""		Lipid	Fatty Acid, Dicarboxylate	suberate (C8-DC)	100000016	15730	FALSE
""	suberoylcarnitine (C8-DC)			""			""			""		Lipid	Fatty Acid Metabolism(Acyl Carnitine)	suberoylcarnitine (C8-DC)	100006627	52990	FALSE
HMDB00254	succinate			""			""			""		Energy	TCA Cycle	succinate	252	1437	FALSE
""	succinimide			""			""			""		Xenobiotics	Chemical	succinimide	100003696	41888	FALSE
HMDB61717	succinylcarnitine (C4-DC)			""			""			""		Energy	TCA Cycle	succinylcarnitine (C4-DC)	100001948	37058	FALSE
""	sulfate of piperine metabolite C16H19NO3 (2)*			""			""			""		Xenobiotics	Food Component/Plant	sulfate of piperine metabolite C16H19NO3 (2)*	100020496	62295	FALSE
""	sulfate of piperine metabolite C16H19NO3 (3)*			""			""			""		Xenobiotics	Food Component/Plant	sulfate of piperine metabolite C16H19NO3 (3)*	100020497	62296	FALSE
""	sulfate of piperine metabolite C18H21NO3 (1)*			""			""			""		Xenobiotics	Food Component/Plant	sulfate of piperine metabolite C18H21NO3 (1)*	100020502	62297	FALSE
""	sulfate of piperine metabolite C18H21NO3 (3)*			""			""			""		Xenobiotics	Food Component/Plant	sulfate of piperine metabolite C18H21NO3 (3)*	100020504	62299	FALSE
HMDB01448	sulfate*			""			""			""		Xenobiotics	Chemical	sulfate*	100002528	46960	FALSE
""	tadalafil			""			""			""		Xenobiotics	Drug - Cardiovascular	tadalafil	100008974	52950	FALSE
HMDB00956	tartarate			""			""			""		Xenobiotics	Food Component/Plant	tartarate	100000295	15336	FALSE
HMDB35227	tartronate (hydroxymalonate)			""			""			""		Xenobiotics	Bacterial/Fungal	tartronate (hydroxymalonate)	100000840	20693	FALSE
HMDB00251	taurine			""			""			""		Amino Acid	Methionine, Cysteine, SAM and Taurine Metabolism	taurine	512	2125	FALSE
HMDB00932	tauro-beta-muricholate			""			""			""		Lipid	Primary Bile Acid Metabolism	tauro-beta-muricholate	100001250	33983	FALSE
HMDB00951	taurochenodeoxycholate			""			""			""		Lipid	Primary Bile Acid Metabolism	taurochenodeoxycholate	1629	18494	FALSE
HMDB00036	taurocholate			""			""			""		Lipid	Primary Bile Acid Metabolism	taurocholate	1648	18497	FALSE
""	taurocholenate sulfate*			""			""			""		Lipid	Secondary Bile Acid Metabolism	taurocholenate sulfate*	100001990	32807	FALSE
HMDB00896	taurodeoxycholate			""			""			""		Lipid	Secondary Bile Acid Metabolism	taurodeoxycholate	1668	12261	FALSE
HMDB02580	taurolithocholate 3-sulfate			""			""			""		Lipid	Secondary Bile Acid Metabolism	taurolithocholate 3-sulfate	100001658	36850	FALSE
HMDB00874	tauroursodeoxycholate			""			""			""		Lipid	Secondary Bile Acid Metabolism	tauroursodeoxycholate	100002912	39378	FALSE
HMDB00872	tetradecanedioate (C14-DC)			""			""			""		Lipid	Fatty Acid, Dicarboxylate	tetradecanedioate (C14-DC)	100001613	35669	FALSE
""	THC carboxylic acid			""			""			""		Xenobiotics	Drug - Psychoactive	THC carboxylic acid	100016048	61836	FALSE
HMDB34365	theanine			""			""			""		Xenobiotics	Food Component/Plant	theanine	100000784	22206	FALSE
HMDB01889	theophylline			""			""			""		Xenobiotics	Xanthine Metabolism	theophylline	100000437	18394	FALSE
""	thioproline			""			""			""		Xenobiotics	Chemical	thioproline	100009232	53231	FALSE
HMDB00943	threonate			""			""			""		Cofactors and Vitamins	Ascorbate and Aldarate Metabolism	threonate	100001022	27738	FALSE
HMDB00167	threonine			""			""			""		Amino Acid	Glycine, Serine and Threonine Metabolism	threonine	564	1284	FALSE
HMDB29068	threonylphenylalanine			""			""			""		Peptide	Dipeptide	threonylphenylalanine	100001125	31530	FALSE
HMDB01878	thymol sulfate			""			""			""		Xenobiotics	Food Component/Plant	thymol sulfate	100001757	36095	FALSE
HMDB01918	thyroxine			""			""			""		Amino Acid	Tyrosine Metabolism	thyroxine	1094	2761	FALSE
HMDB02366	tiglylcarnitine (C5:1-DC)			""			""			""		Amino Acid	Leucine, Isoleucine and Valine Metabolism	tiglylcarnitine (C5:1-DC)	100001597	35428	FALSE
HMDB14339	tramadol			""			""			""		Xenobiotics	Drug - Analgesics, Anesthetics	tramadol	100006381	53241	FALSE
HMDB00725	trans-4-hydroxyproline			""			""			""		Amino Acid	Urea cycle; Arginine and Proline Metabolism	trans-4-hydroxyproline	1001	32306	FALSE
HMDB00301	trans-urocanate			""			""			""		Amino Acid	Histidine Metabolism	trans-urocanate	537	607	FALSE
HMDB14794	trazadone			""			""			""		Xenobiotics	Drug - Psychoactive	trazadone	100015783	57691	FALSE
HMDB12105	tricosanoyl sphingomyelin (d18:1/23:0)*			""			""			""		Lipid	Sphingomyelins	tricosanoyl sphingomyelin (d18:1/23:0)*	100008955	52436	FALSE
HMDB32538	triethanolamine			""			""			""		Xenobiotics	Chemical	triethanolamine	100000989	22202	FALSE
HMDB00875	trigonelline (N'-methylnicotinate)			""			""			""		Cofactors and Vitamins	Nicotinate and Nicotinamide Metabolism	trigonelline (N'-methylnicotinate)	100001092	32401	FALSE
HMDB00925	trimethylamine N-oxide			""			""			""		Lipid	Phospholipid Metabolism	trimethylamine N-oxide	100003397	40406	FALSE
HMDB00929	tryptophan			""			""			""		Amino Acid	Tryptophan Metabolism	tryptophan	565	54	FALSE
HMDB61115	tryptophan betaine			""			""			""		Amino Acid	Tryptophan Metabolism	tryptophan betaine	100001743	37097	FALSE
HMDB06409	tyramine O-sulfate			""			""			""		Amino Acid	Tyrosine Metabolism	tyramine O-sulfate	100006092	48408	FALSE
HMDB00158	tyrosine			""			""			""		Amino Acid	Tyrosine Metabolism	tyrosine	815	1299	FALSE
""	umbelliferone sulfate			""			""			""		Xenobiotics	Food Component/Plant	umbelliferone sulfate	100006282	48674	FALSE
HMDB00300	uracil			""			""			""		Nucleotide	Pyrimidine Metabolism, Uracil containing	uracil	825	605	FALSE
HMDB00289	urate			""			""			""		Nucleotide	Purine Metabolism, (Hypo)Xanthine/Inosine containing	urate	1134	1604	FALSE
HMDB00294	urea			""			""			""		Amino Acid	Urea cycle; Arginine and Proline Metabolism	urea	533	1670	FALSE
HMDB00296	uridine			""			""			""		Nucleotide	Pyrimidine Metabolism, Uracil containing	uridine	535	606	FALSE
HMDB00946	ursodeoxycholate			""			""			""		Lipid	Secondary Bile Acid Metabolism	ursodeoxycholate	1135	1605	FALSE
HMDB00883	valine			""			""			""		Amino Acid	Leucine, Isoleucine and Valine Metabolism	valine	566	1649	FALSE
HMDB29127	valylglycine			""			""			""		Peptide	Dipeptide	valylglycine	100003641	40475	FALSE
HMDB00913	vanillactate			""			""			""		Amino Acid	Tyrosine Metabolism	vanillactate	100006129	54910	FALSE
HMDB00291	vanillylmandelate (VMA)			""			""			""		Amino Acid	Tyrosine Metabolism	vanillylmandelate (VMA)	1111	1567	FALSE
HMDB05016	venlafaxine			""			""			""		Xenobiotics	Drug - Psychoactive	venlafaxine	100002807	38623	FALSE
HMDB01850	verapamil			""			""			""		Xenobiotics	Drug - Cardiovascular	verapamil	100004028	42990	FALSE
HMDB01935	warfarin			""			""			""		Xenobiotics	Drug - Cardiovascular	warfarin	100004175	43335	FALSE
HMDB00292	xanthine			""			""			""		Nucleotide	Purine Metabolism, (Hypo)Xanthine/Inosine containing	xanthine	1004	3147	FALSE
HMDB00299	xanthosine			""			""			""		Nucleotide	Purine Metabolism, (Hypo)Xanthine/Inosine containing	xanthosine	100000299	15136	FALSE
HMDB00881	xanthurenate			""			""			""		Amino Acid	Tryptophan Metabolism	xanthurenate	100000015	15679	FALSE
""	ximenoylcarnitine (C26:1)*			""			""			""		Lipid	Fatty Acid Metabolism(Acyl Carnitine)	ximenoylcarnitine (C26:1)*	100015836	57517	FALSE
""	X - 07765			""			""			""		""	""	X - 07765		46590	FALSE
""	X - 09789			""			""			""		""	""	X - 09789		46355	FALSE
""	X - 11261			""			""			""		""	""	X - 11261		32578	FALSE
""	X - 11299			""			""			""		""	""	X - 11299		46592	FALSE
""	X - 11308			""			""			""		""	""	X - 11308		46390	FALSE
""	X - 11315			""			""			""		""	""	X - 11315		49592	FALSE
""	X - 11372			""			""			""		""	""	X - 11372		46594	FALSE
""	X - 11378			""			""			""		""	""	X - 11378		46595	FALSE
""	X - 11381			""			""			""		""	""	X - 11381		32698	FALSE
""	X - 11407			""			""			""		""	""	X - 11407		46596	FALSE
""	X - 11438			""			""			""		""	""	X - 11438		46598	FALSE
""	X - 11440			""			""			""		""	""	X - 11440		46599	FALSE
""	X - 11441			""			""			""		""	""	X - 11441		46360	FALSE
""	X - 11442			""			""			""		""	""	X - 11442		46443	FALSE
""	X - 11444			""			""			""		""	""	X - 11444		46460	FALSE
""	X - 11470			""			""			""		""	""	X - 11470		46601	FALSE
""	X - 11478			""			""			""		""	""	X - 11478		46602	FALSE
""	X - 11483			""			""			""		""	""	X - 11483		47650	FALSE
""	X - 11491			""			""			""		""	""	X - 11491		47651	FALSE
""	X - 11522			""			""			""		""	""	X - 11522		46914	FALSE
""	X - 11530			""			""			""		""	""	X - 11530		46603	FALSE
""	X - 11549			""			""			""		""	""	X - 11549		47652	FALSE
""	X - 11564			""			""			""		""	""	X - 11564		46260	FALSE
""	X - 11787			""			""			""		""	""	X - 11787		33132	FALSE
""	X - 11795			""			""			""		""	""	X - 11795		33140	FALSE
""	X - 11805			""			""			""		""	""	X - 11805		46509	FALSE
""	X - 11843			""			""			""		""	""	X - 11843		46466	FALSE
""	X - 11847			""			""			""		""	""	X - 11847		46488	FALSE
""	X - 11849			""			""			""		""	""	X - 11849		46607	FALSE
""	X - 11850			""			""			""		""	""	X - 11850		46507	FALSE
""	X - 11852			""			""			""		""	""	X - 11852		46521	FALSE
""	X - 11858			""			""			""		""	""	X - 11858		47654	FALSE
""	X - 11880			""			""			""		""	""	X - 11880		46608	FALSE
""	X - 12007			""			""			""		""	""	X - 12007		46610	FALSE
""	X - 12013			""			""			""		""	""	X - 12013		46611	FALSE
""	X - 12015			""			""			""		""	""	X - 12015		47390	FALSE
""	X - 12026			""			""			""		""	""	X - 12026		47905	FALSE
""	X - 12063			""			""			""		""	""	X - 12063		46588	FALSE
""	X - 12100			""			""			""		""	""	X - 12100		47687	FALSE
""	X - 12101			""			""			""		""	""	X - 12101		47642	FALSE
""	X - 12104			""			""			""		""	""	X - 12104		52597	FALSE
""	X - 12117			""			""			""		""	""	X - 12117		47695	FALSE
""	X - 12126			""			""			""		""	""	X - 12126		46966	FALSE
""	X - 12127			""			""			""		""	""	X - 12127		47702	FALSE
""	X - 12170			""			""			""		""	""	X - 12170		47909	FALSE
""	X - 12193			""			""			""		""	""	X - 12193		46985	FALSE
""	X - 12206			""			""			""		""	""	X - 12206		46612	FALSE
""	X - 12212			""			""			""		""	""	X - 12212		46358	FALSE
""	X - 12216			""			""			""		""	""	X - 12216		46613	FALSE
""	X - 12230			""			""			""		""	""	X - 12230		46614	FALSE
""	X - 12261			""			""			""		""	""	X - 12261		47657	FALSE
""	X - 12306			""			""			""		""	""	X - 12306		47917	FALSE
""	X - 12329			""			""			""		""	""	X - 12329		47659	FALSE
""	X - 12407			""			""			""		""	""	X - 12407		46615	FALSE
""	X - 12410			""			""			""		""	""	X - 12410		47921	FALSE
""	X - 12411			""			""			""		""	""	X - 12411		46616	FALSE
""	X - 12442			""			""			""		""	""	X - 12442		46618	FALSE
""	X - 12456			""			""			""		""	""	X - 12456		47639	FALSE
""	X - 12459			""			""			""		""	""	X - 12459		33904	FALSE
""	X - 12462			""			""			""		""	""	X - 12462		46620	FALSE
""	X - 12472			""			""			""		""	""	X - 12472		46628	FALSE
""	X - 12524			""			""			""		""	""	X - 12524		46621	FALSE
""	X - 12543			""			""			""		""	""	X - 12543		47922	FALSE
""	X - 12544			""			""			""		""	""	X - 12544		46510	FALSE
""	X - 12680			""			""			""		""	""	X - 12680		47201	FALSE
""	X - 12707			""			""			""		""	""	X - 12707		47929	FALSE
""	X - 12714			""			""			""		""	""	X - 12714		46318	FALSE
""	X - 12718			""			""			""		""	""	X - 12718		46973	FALSE
""	X - 12729			""			""			""		""	""	X - 12729		46623	FALSE
""	X - 12730			""			""			""		""	""	X - 12730		47937	FALSE
""	X - 12731			""			""			""		""	""	X - 12731		47938	FALSE
""	X - 12739			""			""			""		""	""	X - 12739		46626	FALSE
""	X - 12740			""			""			""		""	""	X - 12740		46627	FALSE
""	X - 12798			""			""			""		""	""	X - 12798		46624	FALSE
""	X - 12812			""			""			""		""	""	X - 12812		46986	FALSE
""	X - 12816			""			""			""		""	""	X - 12816		46630	FALSE
""	X - 12822			""			""			""		""	""	X - 12822		46997	FALSE
""	X - 12830			""			""			""		""	""	X - 12830		47662	FALSE
""	X - 12839			""			""			""		""	""	X - 12839		47014	FALSE
""	X - 12844			""			""			""		""	""	X - 12844		46633	FALSE
""	X - 12846			""			""			""		""	""	X - 12846		46634	FALSE
""	X - 12847			""			""			""		""	""	X - 12847		46364	FALSE
""	X - 12849			""			""			""		""	""	X - 12849		46636	FALSE
""	X - 12851			""			""			""		""	""	X - 12851		46639	FALSE
""	X - 12906			""			""			""		""	""	X - 12906		47955	FALSE
""	X - 13431			""			""			""		""	""	X - 13431		47788	FALSE
""	X - 13553			""			""			""		""	""	X - 13553		47959	FALSE
""	X - 13684			""			""			""		""	""	X - 13684		47790	FALSE
""	X - 13689			""			""			""		""	""	X - 13689		47774	FALSE
""	X - 13726			""			""			""		""	""	X - 13726		47967	FALSE
""	X - 13728			""			""			""		""	""	X - 13728		46645	FALSE
""	X - 13729			""			""			""		""	""	X - 13729		47971	FALSE
""	X - 13737			""			""			""		""	""	X - 13737		47441	FALSE
""	X - 13835			""			""			""		""	""	X - 13835		46646	FALSE
""	X - 13844			""			""			""		""	""	X - 13844		47977	FALSE
""	X - 13866			""			""			""		""	""	X - 13866		46417	FALSE
""	X - 14056			""			""			""		""	""	X - 14056		46632	FALSE
""	X - 14082			""			""			""		""	""	X - 14082		47984	FALSE
""	X - 14626			""			""			""		""	""	X - 14626		46655	FALSE
""	X - 14658			""			""			""		""	""	X - 14658		46652	FALSE
""	X - 14662			""			""			""		""	""	X - 14662		46656	FALSE
""	X - 14838			""			""			""		""	""	X - 14838		47787	FALSE
""	X - 14939			""			""			""		""	""	X - 14939		46657	FALSE
""	X - 15220			""			""			""		""	""	X - 15220		46658	FALSE
""	X - 15245			""			""			""		""	""	X - 15245		46661	FALSE
""	X - 15469			""			""			""		""	""	X - 15469		46640	FALSE
""	X - 15486			""			""			""		""	""	X - 15486		46266	FALSE
""	X - 15492			""			""			""		""	""	X - 15492		46662	FALSE
""	X - 15503			""			""			""		""	""	X - 15503		46977	FALSE
""	X - 15674			""			""			""		""	""	X - 15674		46665	FALSE
""	X - 15728			""			""			""		""	""	X - 15728		46666	FALSE
""	X - 16071			""			""			""		""	""	X - 16071		46738	FALSE
""	X - 16087			""			""			""		""	""	X - 16087		47988	FALSE
""	X - 16123			""			""			""		""	""	X - 16123		46668	FALSE
""	X - 16124			""			""			""		""	""	X - 16124		46461	FALSE
""	X - 16343			""			""			""		""	""	X - 16343		47275	FALSE
""	X - 16397			""			""			""		""	""	X - 16397		47802	FALSE
""	X - 16570			""			""			""		""	""	X - 16570		47013	FALSE
""	X - 16580			""			""			""		""	""	X - 16580		47804	FALSE
""	X - 16649			""			""			""		""	""	X - 16649		47992	FALSE
""	X - 16654			""			""			""		""	""	X - 16654		46677	FALSE
""	X - 16935			""			""			""		""	""	X - 16935		46681	FALSE
""	X - 16938			""			""			""		""	""	X - 16938		46511	FALSE
""	X - 16944			""			""			""		""	""	X - 16944		46683	FALSE
""	X - 16946			""			""			""		""	""	X - 16946		46517	FALSE
""	X - 16964			""			""			""		""	""	X - 16964		46685	FALSE
""	X - 17010			""			""			""		""	""	X - 17010		47993	FALSE
""	X - 17145			""			""			""		""	""	X - 17145		46689	FALSE
""	X - 17166			""			""			""		""	""	X - 17166		46692	FALSE
""	X - 17167			""			""			""		""	""	X - 17167		46693	FALSE
""	X - 17178			""			""			""		""	""	X - 17178		46406	FALSE
""	X - 17179			""			""			""		""	""	X - 17179		46698	FALSE
""	X - 17185			""			""			""		""	""	X - 17185		46490	FALSE
""	X - 17189			""			""			""		""	""	X - 17189		46412	FALSE
""	X - 17299			""			""			""		""	""	X - 17299		40097	FALSE
""	X - 17325			""			""			""		""	""	X - 17325		46672	FALSE
""	X - 17327			""			""			""		""	""	X - 17327		47000	FALSE
""	X - 17328			""			""			""		""	""	X - 17328		47818	FALSE
""	X - 17335			""			""			""		""	""	X - 17335		47820	FALSE
""	X - 17337			""			""			""		""	""	X - 17337		47821	FALSE
""	X - 17340			""			""			""		""	""	X - 17340		47872	FALSE
""	X - 17346			""			""			""		""	""	X - 17346		47997	FALSE
""	X - 17348			""			""			""		""	""	X - 17348		46989	FALSE
""	X - 17351			""			""			""		""	""	X - 17351		48001	FALSE
""	X - 17353			""			""			""		""	""	X - 17353		48003	FALSE
""	X - 17354			""			""			""		""	""	X - 17354		47009	FALSE
""	X - 17357			""			""			""		""	""	X - 17357		48009	FALSE
""	X - 17359			""			""			""		""	""	X - 17359		48011	FALSE
""	X - 17361			""			""			""		""	""	X - 17361		48013	FALSE
""	X - 17367			""			""			""		""	""	X - 17367		46994	FALSE
""	X - 17438			""			""			""		""	""	X - 17438		46705	FALSE
""	X - 17612			""			""			""		""	""	X - 17612		48052	FALSE
""	X - 17653			""			""			""		""	""	X - 17653		46707	FALSE
""	X - 17654			""			""			""		""	""	X - 17654		46709	FALSE
""	X - 17655			""			""			""		""	""	X - 17655		48019	FALSE
""	X - 17676			""			""			""		""	""	X - 17676		46970	FALSE
""	X - 17677			""			""			""		""	""	X - 17677		48022	FALSE
""	X - 17682			""			""			""		""	""	X - 17682		48024	FALSE
""	X - 17685			""			""			""		""	""	X - 17685		48025	FALSE
""	X - 17690			""			""			""		""	""	X - 17690		46710	FALSE
""	X - 17765			""			""			""		""	""	X - 17765		48055	FALSE
""	X - 18249			""			""			""		""	""	X - 18249		46366	FALSE
""	X - 18345			""			""			""		""	""	X - 18345		47342	FALSE
""	X - 18779			""			""			""		""	""	X - 18779		46687	FALSE
""	X - 18886			""			""			""		""	""	X - 18886		48047	FALSE
""	X - 18887			""			""			""		""	""	X - 18887		47301	FALSE
""	X - 18899			""			""			""		""	""	X - 18899		47670	FALSE
""	X - 18901			""			""			""		""	""	X - 18901		46690	FALSE
""	X - 18913			""			""			""		""	""	X - 18913		46695	FALSE
""	X - 18914			""			""			""		""	""	X - 18914		46368	FALSE
""	X - 18921			""			""			""		""	""	X - 18921		47671	FALSE
""	X - 18922			""			""			""		""	""	X - 18922		46700	FALSE
""	X - 18935			""			""			""		""	""	X - 18935		48049	FALSE
""	X - 18938			""			""			""		""	""	X - 18938		48050	FALSE
""	X - 19141			""			""			""		""	""	X - 19141		46701	FALSE
""	X - 21258			""			""			""		""	""	X - 21258		46259	FALSE
""	X - 21285			""			""			""		""	""	X - 21285		46294	FALSE
""	X - 21286			""			""			""		""	""	X - 21286		46295	FALSE
""	X - 21295			""			""			""		""	""	X - 21295		46316	FALSE
""	X - 21310			""			""			""		""	""	X - 21310		46354	FALSE
""	X - 21312			""			""			""		""	""	X - 21312		46356	FALSE
""	X - 21315			""			""			""		""	""	X - 21315		46359	FALSE
""	X - 21319			""			""			""		""	""	X - 21319		46363	FALSE
""	X - 21339			""			""			""		""	""	X - 21339		46384	FALSE
""	X - 21353			""			""			""		""	""	X - 21353		46398	FALSE
""	X - 21364			""			""			""		""	""	X - 21364		46409	FALSE
""	X - 21383			""			""			""		""	""	X - 21383		46428	FALSE
""	X - 21410			""			""			""		""	""	X - 21410		46455	FALSE
""	X - 21411			""			""			""		""	""	X - 21411		46456	FALSE
""	X - 21441			""			""			""		""	""	X - 21441		46486	FALSE
""	X - 21442			""			""			""		""	""	X - 21442		46487	FALSE
""	X - 21448			""			""			""		""	""	X - 21448		46493	FALSE
""	X - 21458			""			""			""		""	""	X - 21458		46503	FALSE
""	X - 21467			""			""			""		""	""	X - 21467		46512	FALSE
""	X - 21470			""			""			""		""	""	X - 21470		46515	FALSE
""	X - 21471			""			""			""		""	""	X - 21471		46516	FALSE
""	X - 21607			""			""			""		""	""	X - 21607		46674	FALSE
""	X - 21626			""			""			""		""	""	X - 21626		46694	FALSE
""	X - 21628			""			""			""		""	""	X - 21628		46696	FALSE
""	X - 21729			""			""			""		""	""	X - 21729		46898	FALSE
""	X - 21733			""			""			""		""	""	X - 21733		46902	FALSE
""	X - 21735			""			""			""		""	""	X - 21735		46904	FALSE
""	X - 21736			""			""			""		""	""	X - 21736		46905	FALSE
""	X - 21742			""			""			""		""	""	X - 21742		46911	FALSE
""	X - 21752			""			""			""		""	""	X - 21752		46923	FALSE
""	X - 21785			""			""			""		""	""	X - 21785		46961	FALSE
""	X - 21792			""			""			""		""	""	X - 21792		46968	FALSE
""	X - 21796			""			""			""		""	""	X - 21796		46972	FALSE
""	X - 21803			""			""			""		""	""	X - 21803		46980	FALSE
""	X - 21815			""			""			""		""	""	X - 21815		46992	FALSE
""	X - 21821			""			""			""		""	""	X - 21821		46998	FALSE
""	X - 21829			""			""			""		""	""	X - 21829		47006	FALSE
""	X - 21831			""			""			""		""	""	X - 21831		47008	FALSE
""	X - 21834			""			""			""		""	""	X - 21834		47011	FALSE
""	X - 21839			""			""			""		""	""	X - 21839		47016	FALSE
""	X - 21840			""			""			""		""	""	X - 21840		47017	FALSE
""	X - 21845			""			""			""		""	""	X - 21845		47022	FALSE
""	X - 21851			""			""			""		""	""	X - 21851		47028	FALSE
""	X - 22143			""			""			""		""	""	X - 22143		47389	FALSE
""	X - 22162			""			""			""		""	""	X - 22162		47417	FALSE
""	X - 22508			""			""			""		""	""	X - 22508		47772	FALSE
""	X - 22509			""			""			""		""	""	X - 22509		47773	FALSE
""	X - 22512			""			""			""		""	""	X - 22512		47776	FALSE
""	X - 22520			""			""			""		""	""	X - 22520		47784	FALSE
""	X - 22764			""			""			""		""	""	X - 22764		48067	FALSE
""	X - 22771			""			""			""		""	""	X - 22771		48076	FALSE
""	X - 22775			""			""			""		""	""	X - 22775		48080	FALSE
""	X - 22834			""			""			""		""	""	X - 22834		48185	FALSE
""	X - 22918			""			""			""		""	""	X - 22918		52659	FALSE
""	X - 23046			""			""			""		""	""	X - 23046		48570	FALSE
""	X - 23157			""			""			""		""	""	X - 23157		48771	FALSE
""	X - 23159			""			""			""		""	""	X - 23159		48773	FALSE
""	X - 23160			""			""			""		""	""	X - 23160		48774	FALSE
""	X - 23196			""			""			""		""	""	X - 23196		48892	FALSE
""	X - 23276			""			""			""		""	""	X - 23276		48972	FALSE
""	X - 23293			""			""			""		""	""	X - 23293		48992	FALSE
""	X - 23294			""			""			""		""	""	X - 23294		48993	FALSE
""	X - 23295			""			""			""		""	""	X - 23295		48994	FALSE
""	X - 23296			""			""			""		""	""	X - 23296		48995	FALSE
""	X - 23297			""			""			""		""	""	X - 23297		48996	FALSE
""	X - 23314			""			""			""		""	""	X - 23314		49014	FALSE
""	X - 23369			""			""			""		""	""	X - 23369		49228	FALSE
""	X - 23585			""			""			""		""	""	X - 23585		49461	FALSE
""	X - 23587			""			""			""		""	""	X - 23587		49463	FALSE
""	X - 23590			""			""			""		""	""	X - 23590		49466	FALSE
""	X - 23593			""			""			""		""	""	X - 23593		49469	FALSE
""	X - 23636			""			""			""		""	""	X - 23636		49512	FALSE
""	X - 23639			""			""			""		""	""	X - 23639		49515	FALSE
""	X - 23641			""			""			""		""	""	X - 23641		49517	FALSE
""	X - 23644			""			""			""		""	""	X - 23644		49521	FALSE
""	X - 23662			""			""			""		""	""	X - 23662		49539	FALSE
""	X - 23666			""			""			""		""	""	X - 23666		49543	FALSE
""	X - 23680			""			""			""		""	""	X - 23680		49557	FALSE
""	X - 23739			""			""			""		""	""	X - 23739		49637	FALSE
""	X - 23782			""			""			""		""	""	X - 23782		49681	FALSE
""	X - 23787			""			""			""		""	""	X - 23787		49688	FALSE
""	X - 24106			""			""			""		""	""	X - 24106		52135	FALSE
""	X - 24241			""			""			""		""	""	X - 24241		52280	FALSE
""	X - 24243			""			""			""		""	""	X - 24243		52286	FALSE
""	X - 24293			""			""			""		""	""	X - 24293		52297	FALSE
""	X - 24295			""			""			""		""	""	X - 24295		52483	FALSE
""	X - 24309			""			""			""		""	""	X - 24309		52504	FALSE
""	X - 24328			""			""			""		""	""	X - 24328		52524	FALSE
""	X - 24329			""			""			""		""	""	X - 24329		52525	FALSE
""	X - 24334			""			""			""		""	""	X - 24334		52530	FALSE
""	X - 24337			""			""			""		""	""	X - 24337		52533	FALSE
""	X - 24348			""			""			""		""	""	X - 24348		52544	FALSE
""	X - 24352			""			""			""		""	""	X - 24352		52548	FALSE
""	X - 24418			""			""			""		""	""	X - 24418		52647	FALSE
""	X - 24432			""			""			""		""	""	X - 24432		52662	FALSE
""	X - 24435			""			""			""		""	""	X - 24435		52665	FALSE
""	X - 24452			""			""			""		""	""	X - 24452		52769	FALSE
""	X - 24473			""			""			""		""	""	X - 24473		52790	FALSE
""	X - 24494			""			""			""		""	""	X - 24494		52813	FALSE
""	X - 24514			""			""			""		""	""	X - 24514		52835	FALSE
""	X - 24527			""			""			""		""	""	X - 24527		52848	FALSE
""	X - 24542			""			""			""		""	""	X - 24542		52863	FALSE
""	X - 24544			""			""			""		""	""	X - 24544		52865	FALSE
""	X - 24546			""			""			""		""	""	X - 24546		52867	FALSE
""	X - 24549			""			""			""		""	""	X - 24549		52870	FALSE
""	X - 24556			""			""			""		""	""	X - 24556		52877	FALSE
""	X - 24571			""			""			""		""	""	X - 24571		52892	FALSE
""	X - 24588			""			""			""		""	""	X - 24588		52909	FALSE
""	X - 24637			""			""			""		""	""	X - 24637		53065	FALSE
""	X - 24669			""			""			""		""	""	X - 24669		53097	FALSE
""	X - 24686			""			""			""		""	""	X - 24686		53114	FALSE
""	X - 24699			""			""			""		""	""	X - 24699		53127	FALSE
""	X - 24728			""			""			""		""	""	X - 24728		53157	FALSE
""	X - 24736			""			""			""		""	""	X - 24736		53172	FALSE
""	X - 24747			""			""			""		""	""	X - 24747		53266	FALSE
""	X - 24748			""			""			""		""	""	X - 24748		53267	FALSE
""	X - 24757			""			""			""		""	""	X - 24757		54695	FALSE
""	X - 24766			""			""			""		""	""	X - 24766		54704	FALSE
""	X - 24803			""			""			""		""	""	X - 24803		54831	FALSE
""	X - 24804			""			""			""		""	""	X - 24804		54832	FALSE
""	X - 24813			""			""			""		""	""	X - 24813		54841	FALSE
""	X - 24831			""			""			""		""	""	X - 24831		54859	FALSE
""	X - 24849			""			""			""		""	""	X - 24849		54877	FALSE
""	X - 24870			""			""			""		""	""	X - 24870		54977	FALSE
""	X - 24947			""			""			""		""	""	X - 24947		57714	FALSE
""	X - 24948			""			""			""		""	""	X - 24948		57715	FALSE
""	X - 24949			""			""			""		""	""	X - 24949		57716	FALSE
""	X - 24951			""			""			""		""	""	X - 24951		57718	FALSE
""	X - 24952			""			""			""		""	""	X - 24952		57719	FALSE
""	X - 24972			""			""			""		""	""	X - 24972		57756	FALSE
""	X - 24974			""			""			""		""	""	X - 24974		57815	FALSE
""	X - 24983			""			""			""		""	""	X - 24983		57839	FALSE
""	X - 25182			""			""			""		""	""	X - 25182		62249	FALSE
""	X - 25217			""			""			""		""	""	X - 25217		62403	FALSE
""	X - 25259			""			""			""		""	""	X - 25259		62488	FALSE
""	X - 25279			""			""			""		""	""	X - 25279		62521	FALSE
""	X - 25309 - replaced with X-11805			""			""			""		""	""	X - 25309 - replaced with X-11805		62602	FALSE
""	X - 25316			""			""			""		""	""	X - 25316		62609	FALSE
""	X - 25396			""			""			""		""	""	X - 25396		62689	FALSE
""	X - 25404			""			""			""		""	""	X - 25404		62697	FALSE
""	X - 25416			""			""			""		""	""	X - 25416		62713	FALSE
""	X - 25433			""			""			""		""	""	X - 25433		62749	FALSE
HMDB0001301	S-1-pyrroline-5-carboxylate			""			""			""		Amino Acid	Glutamate Metabolism	S-1-pyrroline-5-carboxylate	35	42370	FALSE
HMDB0000699	1-methylnicotinamide			""			""			""		Cofactors and Vitamins	Nicotinate and Nicotinamide Metabolism	1-methylnicotinamide	55	27665	FALSE
HMDB0004705	12,13-DiHOME			""			""			""		Lipid	Fatty Acid, Dihydroxy	12,13-DiHOME	62	38395	FALSE
HMDB0000763	5-hydroxyindoleacetate			""			""			""		Amino Acid	Tryptophan Metabolism	5-hydroxyindoleacetate	71	437	FALSE
HMDB0000208	alpha-ketoglutarate			""			""			""		Energy	TCA Cycle	alpha-ketoglutarate	93	528	FALSE
HMDB0000715	kynurenate			""			""			""		Amino Acid	Tryptophan Metabolism	kynurenate	98	1417	FALSE
HMDB0000023,HMDB0000336	3-hydroxyisobutyrate			""			""			""		Amino Acid	Leucine, Isoleucine and Valine Metabolism	3-hydroxyisobutyrate	111	1549	FALSE
HMDB0000355	3-hydroxy-3-methylglutarate			""			""			""		Lipid	Mevalonate Metabolism	3-hydroxy-3-methylglutarate	112	531	FALSE
HMDB0000619	cholate			""			""			""		Lipid	Primary Bile Acid Metabolism	cholate	136	22842	FALSE
HMDB0000020	4-hydroxyphenylacetate			""			""			""		Amino Acid	Phenylalanine Metabolism	4-hydroxyphenylacetate	144	541	FALSE
HMDB0000079	5,6-dihydrothymine			""			""			""		Nucleotide	Pyrimidine Metabolism, Thymine containing	5,6-dihydrothymine	158	1418	FALSE
HMDB0000157	hypoxanthine			""			""			""		Nucleotide	Purine Metabolism, (Hypo)Xanthine/Inosine containing	hypoxanthine	171	3127	FALSE
HMDB0004704	9,10-DiHOME			""			""			""		Lipid	Fatty Acid, Dihydroxy	9,10-DiHOME	179	38399	FALSE
HMDB0006270,HMDB0000673	linoleate (18:2n6)			""			""			""		Lipid	Long Chain Polyunsaturated Fatty Acid (n3 and n6)	linoleate (18:2n6)	180	1105	FALSE
HMDB0000638	laurate (12:0)			""			""			""		Lipid	Medium Chain Fatty Acid	laurate (12:0)	181	1645	FALSE
HMDB0000232	quinolinate			""			""			""		Cofactors and Vitamins	Nicotinate and Nicotinamide Metabolism	quinolinate	182	1899	FALSE
HMDB0001325	N6,N6,N6-trimethyllysine			""			""			""		Amino Acid	Lysine Metabolism	N6,N6,N6-trimethyllysine	189	1498	FALSE
HMDB0002064	N-acetylputrescine			""			""			""		Amino Acid	Polyamine Metabolism	N-acetylputrescine	192	37496	FALSE
HMDB0001015	N-formylmethionine			""			""			""		Amino Acid	Methionine, Cysteine, SAM and Taurine Metabolism	N-formylmethionine	194	2829	FALSE
HMDB0000939	S-adenosylhomocysteine (SAH)			""			""			""		Amino Acid	Methionine, Cysteine, SAM and Taurine Metabolism	S-adenosylhomocysteine (SAH)	197	42382	FALSE
HMDB0000115	glycolate (hydroxyacetate)			""			""			""		Xenobiotics	Chemical	glycolate (hydroxyacetate)	203	15737	FALSE
HMDB0001173	5-methylthioadenosine (MTA)			""			""			""		Amino Acid	Polyamine Metabolism	5-methylthioadenosine (MTA)	212	1419	FALSE
HMDB0001043	arachidonate (20:4n6)			""			""			""		Lipid	Long Chain Polyunsaturated Fatty Acid (n3 and n6)	arachidonate (20:4n6)	229	1110	FALSE
HMDB0000517	arginine			""			""			""		Amino Acid	Urea cycle; Arginine and Proline Metabolism	arginine	231	1638	FALSE
HMDB0000191	aspartate			""			""			""		Amino Acid	Alanine and Aspartate Metabolism	aspartate	234	443	FALSE
HMDB0000669	2-hydroxyphenylacetate			""			""			""		Amino Acid	Phenylalanine Metabolism	2-hydroxyphenylacetate	235	1432	FALSE
HMDB0000755	3-(4-hydroxyphenyl)lactate			""			""			""		Amino Acid	Tyrosine Metabolism	3-(4-hydroxyphenyl)lactate	240	32197	FALSE
HMDB0000205	phenylpyruvate			""			""			""		Amino Acid	Phenylalanine Metabolism	phenylpyruvate	241	566	FALSE
HMDB0000056	beta-alanine			""			""			""		Nucleotide	Pyrimidine Metabolism, Uracil containing	beta-alanine	244	55	FALSE
HMDB0001008	biliverdin			""			""			""		Cofactors and Vitamins	Hemoglobin and Porphyrin Metabolism	biliverdin	250	2137	FALSE
HMDB0000254	succinate			""			""			""		Energy	TCA Cycle	succinate	252	1437	FALSE
HMDB0000442,HMDB0000357,HMDB0000011	3-hydroxybutyrate (BHBA)			""			""			""		Lipid	Ketone Bodies	3-hydroxybutyrate (BHBA)	254	542	FALSE
HMDB0000067	cholesterol			""			""			""		Lipid	Sterol	cholesterol	266	63	FALSE
HMDB0001565	choline phosphate			""			""			""		Lipid	Phospholipid Metabolism	choline phosphate	267	34396	FALSE
HMDB0001547	corticosterone			""			""			""		Lipid	Corticosteroids	corticosterone	272	5983	FALSE
HMDB0002802	cortisone			""			""			""		Lipid	Corticosteroids	cortisone	273	1769	FALSE
HMDB0000562	creatinine			""			""			""		Amino Acid	Creatine Metabolism	creatinine	275	513	FALSE
HMDB0000078	cysteinylglycine			""			""			""		Amino Acid	Glutathione Metabolism	cysteinylglycine	278	35637	FALSE
HMDB0000192	cystine			""			""			""		Amino Acid	Methionine, Cysteine, SAM and Taurine Metabolism	cystine	279	56	FALSE
HMDB0000252	sphingosine			""			""			""		Lipid	Sphingosines	sphingosine	297	17747	FALSE
HMDB0000626	deoxycholate			""			""			""		Lipid	Secondary Bile Acid Metabolism	deoxycholate	302	1114	FALSE
HMDB0000099	cystathionine			""			""			""		Amino Acid	Methionine, Cysteine, SAM and Taurine Metabolism	cystathionine	310	15705	FALSE
HMDB0000269	sphinganine			""			""			""		Lipid	Sphingolipid Synthesis	sphinganine	313	17769	FALSE
HMDB0001248	flavin adenine dinucleotide (FAD)			""			""			""		Cofactors and Vitamins	Riboflavin Metabolism	flavin adenine dinucleotide (FAD)	327	2134	FALSE
HMDB0000134	fumarate			""			""			""		Energy	TCA Cycle	fumarate	330	1643	FALSE
HMDB0011737	gamma-glutamylglutamate			""			""			""		Peptide	Gamma-glutamyl Amino Acid	gamma-glutamylglutamate	331	36738	FALSE
HMDB0000625	gluconate			""			""			""		Xenobiotics	Food Component/Plant	gluconate	338	587	FALSE
HMDB0000661	glutarate (C5-DC)			""			""			""		Lipid	Fatty Acid, Dicarboxylate	glutarate (C5-DC)	339	396	FALSE
HMDB0000123	glycine			""			""			""		Amino Acid	Glycine, Serine and Threonine Metabolism	glycine	340	58	FALSE
HMDB0000138	glycocholate			""			""			""		Lipid	Primary Bile Acid Metabolism	glycocholate	342	18476	FALSE
HMDB0000128	guanidinoacetate			""			""			""		Amino Acid	Creatine Metabolism	guanidinoacetate	344	43802	FALSE
HMDB0000177	histidine			""			""			""		Amino Acid	Histidine Metabolism	histidine	355	59	FALSE
HMDB0000063	cortisol			""			""			""		Lipid	Corticosteroids	cortisol	356	1712	FALSE
HMDB0000965	hypotaurine			""			""			""		Amino Acid	Methionine, Cysteine, SAM and Taurine Metabolism	hypotaurine	358	590	FALSE
HMDB0000195	inosine			""			""			""		Nucleotide	Purine Metabolism, (Hypo)Xanthine/Inosine containing	inosine	361	1123	FALSE
HMDB0000211	myo-inositol			""			""			""		Lipid	Inositol Metabolism	myo-inositol	363	1124	FALSE
HMDB0000172	isoleucine			""			""			""		Amino Acid	Leucine, Isoleucine and Valine Metabolism	isoleucine	376	1125	FALSE
HMDB0000510	2-aminoadipate			""			""			""		Amino Acid	Lysine Metabolism	2-aminoadipate	381	6146	FALSE
HMDB0002757	3-sulfo-alanine			""			""			""		Amino Acid	Methionine, Cysteine, SAM and Taurine Metabolism	3-sulfo-alanine	382	47089	FALSE
HMDB0000904	citrulline			""			""			""		Amino Acid	Urea cycle; Arginine and Proline Metabolism	citrulline	391	2132	FALSE
HMDB0000687	leucine			""			""			""		Amino Acid	Leucine, Isoleucine and Valine Metabolism	leucine	397	60	FALSE
HMDB0003405	lysine			""			""			""		Amino Acid	Lysine Metabolism	lysine	407	1301	FALSE
HMDB0031518,HMDB0000156,HMDB0000744	malate			""			""			""		Energy	TCA Cycle	malate	409	1303	FALSE
HMDB0000696	methionine			""			""			""		Amino Acid	Methionine, Cysteine, SAM and Taurine Metabolism	methionine	415	1302	FALSE
HMDB0000202	methylmalonate (MMA)			""			""			""		Lipid	Fatty Acid Metabolism (also BCAA Metabolism)	methylmalonate (MMA)	418	1496	FALSE
HMDB0000220	palmitate (16:0)			""			""			""		Lipid	Long Chain Saturated Fatty Acid	palmitate (16:0)	424	1336	FALSE
HMDB0001406	nicotinamide			""			""			""		Cofactors and Vitamins	Nicotinate and Nicotinamide Metabolism	nicotinamide	432	594	FALSE
HMDB0000827	stearate (18:0)			""			""			""		Lipid	Long Chain Saturated Fatty Acid	stearate (18:0)	439	1358	FALSE
HMDB0000214	ornithine			""			""			""		Amino Acid	Urea cycle; Arginine and Proline Metabolism	ornithine	444	1493	FALSE
HMDB0000226	orotate			""			""			""		Nucleotide	Pyrimidine Metabolism, Orotate containing	orotate	445	1505	FALSE
HMDB0003229	palmitoleate (16:1n7)			""			""			""		Lipid	Long Chain Monounsaturated Fatty Acid	palmitoleate (16:1n7)	452	33447	FALSE
HMDB0000159	phenylalanine			""			""			""		Amino Acid	Phenylalanine Metabolism	phenylalanine	460	64	FALSE
HMDB0001429	phosphate			""			""			""		Energy	Oxidative Phosphorylation	phosphate	461	42109	FALSE
HMDB0000801	phytanate			""			""			""		Xenobiotics	Food Component/Plant	phytanate	466	598	FALSE
HMDB0000795	pristanate			""			""			""		Lipid	Fatty Acid, Branched	pristanate	477	38271	FALSE
HMDB0000162,HMDB0003411	proline			""			""			""		Amino Acid	Urea cycle; Arginine and Proline Metabolism	proline	480	1898	FALSE
HMDB0000190	lactate			""			""			""		Carbohydrate	Glycolysis, Gluconeogenesis, and Pyruvate Metabolism	lactate	482	527	FALSE
HMDB0000305	retinol (vitamin A)			""			""			""		Cofactors and Vitamins	Vitamin A Metabolism	retinol (vitamin A)	498	1806	FALSE
HMDB0000244	riboflavin (vitamin B2)			""			""			""		Cofactors and Vitamins	Riboflavin Metabolism	riboflavin (vitamin B2)	500	1827	FALSE
HMDB0001895	salicylate			""			""			""		Xenobiotics	Drug - Topical Agents	salicylate	501	1515	FALSE
HMDB0000187	serine			""			""			""		Amino Acid	Glycine, Serine and Threonine Metabolism	serine	503	1648	FALSE
HMDB0000259	serotonin			""			""			""		Amino Acid	Tryptophan Metabolism	serotonin	504	2342	FALSE
HMDB0000251	taurine			""			""			""		Amino Acid	Methionine, Cysteine, SAM and Taurine Metabolism	taurine	512	2125	FALSE
HMDB0000806	myristate (14:0)			""			""			""		Lipid	Long Chain Saturated Fatty Acid	myristate (14:0)	519	1365	FALSE
HMDB0000294	urea			""			""			""		Amino Acid	Urea cycle; Arginine and Proline Metabolism	urea	533	1670	FALSE
HMDB0000296	uridine			""			""			""		Nucleotide	Pyrimidine Metabolism, Uracil containing	uridine	535	606	FALSE
HMDB0000012	2'-deoxyuridine			""			""			""		Nucleotide	Pyrimidine Metabolism, Uracil containing	2'-deoxyuridine	536	52602	FALSE
HMDB0000301	trans-urocanate			""			""			""		Amino Acid	Histidine Metabolism	trans-urocanate	537	607	FALSE
HMDB0000148	glutamate			""			""			""		Amino Acid	Glutamate Metabolism	glutamate	561	57	FALSE
HMDB0000641	glutamine			""			""			""		Amino Acid	Glutamate Metabolism	glutamine	563	53	FALSE
HMDB0000167	threonine			""			""			""		Amino Acid	Glycine, Serine and Threonine Metabolism	threonine	564	1284	FALSE
HMDB0000929	tryptophan			""			""			""		Amino Acid	Tryptophan Metabolism	tryptophan	565	54	FALSE
HMDB0000883	valine			""			""			""		Amino Acid	Leucine, Isoleucine and Valine Metabolism	valine	566	1649	FALSE
HMDB0000122	glucose			""			""			""		Carbohydrate	Glycolysis, Gluconeogenesis, and Pyruvate Metabolism	glucose	572	20488	FALSE
HMDB0000005	alpha-ketobutyrate			""			""			""		Amino Acid	Methionine, Cysteine, SAM and Taurine Metabolism	alpha-ketobutyrate	796	4968	FALSE
HMDB0000043	betaine			""			""			""		Amino Acid	Glycine, Serine and Threonine Metabolism	betaine	799	3141	FALSE
HMDB0000574	cysteine			""			""			""		Amino Acid	Methionine, Cysteine, SAM and Taurine Metabolism	cysteine	800	1868	FALSE
HMDB0000169	mannose			""			""			""		Carbohydrate	Fructose, Mannose and Galactose Metabolism	mannose	803	48153	FALSE
HMDB0000092	dimethylglycine			""			""			""		Amino Acid	Glycine, Serine and Threonine Metabolism	dimethylglycine	806	5086	FALSE
HMDB0000161	alanine			""			""			""		Amino Acid	Alanine and Aspartate Metabolism	alanine	811	1126	FALSE
HMDB0000158	tyrosine			""			""			""		Amino Acid	Tyrosine Metabolism	tyrosine	815	1299	FALSE
HMDB0000691	malonate			""			""			""		Lipid	Fatty Acid Synthesis	malonate	818	15872	FALSE
HMDB0000767	pseudouridine			""			""			""		Nucleotide	Pyrimidine Metabolism, Uracil containing	pseudouridine	821	33442	FALSE
HMDB0000243	pyruvate			""			""			""		Carbohydrate	Glycolysis, Gluconeogenesis, and Pyruvate Metabolism	pyruvate	823	48990	FALSE
HMDB0000300	uracil			""			""			""		Nucleotide	Pyrimidine Metabolism, Uracil containing	uracil	825	605	FALSE
HMDB0000089	cytidine			""			""			""		Nucleotide	Pyrimidine Metabolism, Cytidine containing	cytidine	827	514	FALSE
HMDB0001046	cotinine			""			""			""		Xenobiotics	Tobacco Metabolite	cotinine	848	553	FALSE
HMDB0001847	caffeine			""			""			""		Xenobiotics	Xanthine Metabolism	caffeine	849	569	FALSE
HMDB0000660	fructose			""			""			""		Carbohydrate	Fructose, Mannose and Galactose Metabolism	fructose	878	48195	FALSE
HMDB0000034	adenine			""			""			""		Nucleotide	Purine Metabolism, Adenine containing	adenine	880	554	FALSE
HMDB0000511	caprate (10:0)			""			""			""		Lipid	Medium Chain Fatty Acid	caprate (10:0)	888	1642	FALSE
HMDB0002259	margarate (17:0)			""			""			""		Lipid	Long Chain Saturated Fatty Acid	margarate (17:0)	891	1121	FALSE
HMDB0000772	nonadecanoate (19:0)			""			""			""		Lipid	Long Chain Saturated Fatty Acid	nonadecanoate (19:0)	892	1356	FALSE
HMDB0002212	arachidate (20:0)			""			""			""		Lipid	Long Chain Saturated Fatty Acid	arachidate (20:0)	893	1118	FALSE
HMDB0000163	maltose			""			""			""		Carbohydrate	Glycogen Metabolism	maltose	913	15586	FALSE
HMDB0000168	asparagine			""			""			""		Amino Acid	Alanine and Aspartate Metabolism	asparagine	917	512	FALSE
HMDB0011761	N-stearoyl-sphinganine (d18:0/18:0)*			""			""			""		Lipid	Dihydroceramides	N-stearoyl-sphinganine (d18:0/18:0)*	922	1759	FALSE
HMDB03349	dihydroorotate			""			""			""		Nucleotide	Pyrimidine Metabolism, Orotate containing	dihydroorotate	923	601	FALSE
HMDB0000666	heptanoate (7:0)			""			""			""		Lipid	Medium Chain Fatty Acid	heptanoate (7:0)	925	1644	FALSE
HMDB0000535	caproate (6:0)			""			""			""		Lipid	Medium Chain Fatty Acid	caproate (6:0)	926	32489	FALSE
HMDB0000482	caprylate (8:0)			""			""			""		Lipid	Medium Chain Fatty Acid	caprylate (8:0)	932	32492	FALSE
HMDB0000826	pentadecanoate (15:0)			""			""			""		Lipid	Long Chain Saturated Fatty Acid	pentadecanoate (15:0)	980	1361	FALSE
HMDB0000725	trans-4-hydroxyproline			""			""			""		Amino Acid	Urea cycle; Arginine and Proline Metabolism	trans-4-hydroxyproline	1001	32306	FALSE
HMDB0000462	allantoin			""			""			""		Nucleotide	Purine Metabolism, (Hypo)Xanthine/Inosine containing	allantoin	1002	1107	FALSE
HMDB0000292	xanthine			""			""			""		Nucleotide	Purine Metabolism, (Hypo)Xanthine/Inosine containing	xanthine	1004	3147	FALSE
HMDB0000267	5-oxoproline			""			""			""		Amino Acid	Glutathione Metabolism	5-oxoproline	1021	1494	FALSE
HMDB0000271	sarcosine			""			""			""		Amino Acid	Glycine, Serine and Threonine Metabolism	sarcosine	1023	1516	FALSE
HMDB0000210	pantothenate			""			""			""		Cofactors and Vitamins	Pantothenate and CoA Metabolism	pantothenate	1024	1508	FALSE
HMDB0000070	pipecolate			""			""			""		Amino Acid	Lysine Metabolism	pipecolate	1025	1444	FALSE
HMDB0000224	phosphoethanolamine			""			""			""		Lipid	Phospholipid Metabolism	phosphoethanolamine	1026	1600	FALSE
HMDB0000139,HMDB0006372	glycerate			""			""			""		Carbohydrate	Glycolysis, Gluconeogenesis, and Pyruvate Metabolism	glycerate	1052	1572	FALSE
HMDB0000026	3-ureidopropionate			""			""			""		Nucleotide	Pyrimidine Metabolism, Uracil containing	3-ureidopropionate	1053	3155	FALSE
HMDB0011756	N-acetylleucine			""			""			""		Amino Acid	Leucine, Isoleucine and Valine Metabolism	N-acetylleucine	1082	1587	FALSE
HMDB0011745	N-acetylmethionine			""			""			""		Amino Acid	Methionine, Cysteine, SAM and Taurine Metabolism	N-acetylmethionine	1083	1589	FALSE
HMDB0011757	N-acetylvaline			""			""			""		Amino Acid	Leucine, Isoleucine and Valine Metabolism	N-acetylvaline	1084	1591	FALSE
HMDB0002068	erucate (22:1n9)			""			""			""		Lipid	Long Chain Monounsaturated Fatty Acid	erucate (22:1n9)	1087	1552	FALSE
HMDB0000054	bilirubin (Z,Z)			""			""			""		Cofactors and Vitamins	Hemoglobin and Porphyrin Metabolism	bilirubin (Z,Z)	1090	43807	FALSE
HMDB0000248	thyroxine			""			""			""		Amino Acid	Tyrosine Metabolism	thyroxine	1094	2761	FALSE
HMDB0000133	guanosine			""			""			""		Nucleotide	Purine Metabolism, Guanine containing	guanosine	1099	1573	FALSE
HMDB0011741	gamma-glutamyltyrosine			""			""			""		Peptide	Gamma-glutamyl Amino Acid	gamma-glutamyltyrosine	1102	2734	FALSE
HMDB0029738	methyl indole-3-acetate			""			""			""		Xenobiotics	Food Component/Plant	methyl indole-3-acetate	1104	1584	FALSE
HMDB0001893	alpha-tocopherol			""			""			""		Cofactors and Vitamins	Tocopherol Metabolism	alpha-tocopherol	1105	1561	FALSE
HMDB0000766	N-acetylalanine			""			""			""		Amino Acid	Alanine and Aspartate Metabolism	N-acetylalanine	1110	1585	FALSE
HMDB0000291	vanillylmandelate (VMA)			""			""			""		Amino Acid	Tyrosine Metabolism	vanillylmandelate (VMA)	1111	1567	FALSE
HMDB0003681	4-acetamidobutanoate			""			""			""		Amino Acid	Polyamine Metabolism	4-acetamidobutanoate	1113	1558	FALSE
HMDB0002166	3-aminoisobutyrate			""			""			""		Nucleotide	Pyrimidine Metabolism, Thymine containing	3-aminoisobutyrate	1114	1566	FALSE
HMDB0000518	chenodeoxycholate			""			""			""		Lipid	Primary Bile Acid Metabolism	chenodeoxycholate	1123	1563	FALSE
HMDB0000094	citrate			""			""			""		Energy	TCA Cycle	citrate	1124	1564	FALSE
HMDB0000076	5,6-dihydrouracil			""			""			""		Nucleotide	Pyrimidine Metabolism, Uracil containing	5,6-dihydrouracil	1125	1559	FALSE
HMDB0000452	2-aminobutyrate			""			""			""		Amino Acid	Glutathione Metabolism	2-aminobutyrate	1128	42374	FALSE
HMDB0000289	urate			""			""			""		Nucleotide	Purine Metabolism, (Hypo)Xanthine/Inosine containing	urate	1134	1604	FALSE
HMDB0000946	ursodeoxycholate			""			""			""		Lipid	Secondary Bile Acid Metabolism	ursodeoxycholate	1135	1605	FALSE
HMDB0011738	gamma-glutamylglutamine			""			""			""		Peptide	Gamma-glutamyl Amino Acid	gamma-glutamylglutamine	1140	2730	FALSE
HMDB0000707	4-hydroxyphenylpyruvate			""			""			""		Amino Acid	Tyrosine Metabolism	4-hydroxyphenylpyruvate	1141	1669	FALSE
HMDB0000230	N-acetylneuraminate			""			""			""		Carbohydrate	Aminosugar Metabolism	N-acetylneuraminate	1162	32377	FALSE
HMDB0000064	creatine			""			""			""		Amino Acid	Creatine Metabolism	creatine	1221	27718	FALSE
""	cys-gly, oxidized			""			""			""		Amino Acid	Glutathione Metabolism	cys-gly, oxidized	1224	18368	FALSE
HMDB0001425	estrone 3-sulfate			""			""			""		Lipid	Estrogenic Steroids	estrone 3-sulfate	1230	18474	FALSE
HMDB0005060	dihomo-linoleate (20:2n6)			""			""			""		Lipid	Long Chain Polyunsaturated Fatty Acid (n3 and n6)	dihomo-linoleate (20:2n6)	1231	17805	FALSE
HMDB0029151	gamma-glutamylhistidine			""			""			""		Peptide	Gamma-glutamyl Amino Acid	gamma-glutamylhistidine	1235	18245	FALSE
HMDB0062549	2-hydroxystearate			""			""			""		Lipid	Fatty Acid, Monohydroxy	2-hydroxystearate	1239	17945	FALSE
HMDB0003331	N1-methyladenosine			""			""			""		Nucleotide	Purine Metabolism, Adenine containing	N1-methyladenosine	1242	15650	FALSE
HMDB0000131	glycerol			""			""			""		Lipid	Glycerolipid Metabolism	glycerol	1254	15122	FALSE
HMDB0000097	choline			""			""			""		Lipid	Phospholipid Metabolism	choline	1256	15506	FALSE
HMDB0012535	12-HHTrE			""			""			""		Lipid	Eicosanoid	12-HHTrE	1261	57393	FALSE
HMDB0011171	gamma-glutamylleucine			""			""			""		Peptide	Gamma-glutamyl Amino Acid	gamma-glutamylleucine	1268	18369	FALSE
HMDB0001434	3-methoxytyrosine			""			""			""		Amino Acid	Tyrosine Metabolism	3-methoxytyrosine	1342	12017	FALSE
HMDB0014615	fluoxetine			""			""			""		Xenobiotics	Drug - Psychoactive	fluoxetine	1382	44619	FALSE
HMDB0001859	4-acetamidophenol			""			""			""		Xenobiotics	Drug - Analgesics, Anesthetics	4-acetamidophenol	1383	12032	FALSE
HMDB0001923	naproxen			""			""			""		Xenobiotics	Drug - Analgesics, Anesthetics	naproxen	1384	12122	FALSE
HMDB0000754	beta-hydroxyisovalerate			""			""			""		Amino Acid	Leucine, Isoleucine and Valine Metabolism	beta-hydroxyisovalerate	1442	12129	FALSE
HMDB0001925	ibuprofen			""			""			""		Xenobiotics	Drug - Analgesics, Anesthetics	ibuprofen	1487	17799	FALSE
HMDB0004080	arachidonoyl ethanolamide			""			""			""		Lipid	Endocannabinoid	arachidonoyl ethanolamide	1488	32463	FALSE
HMDB0004949	N-palmitoyl-sphingosine (d18:1/16:0)			""			""			""		Lipid	Ceramides	N-palmitoyl-sphingosine (d18:1/16:0)	1518	44877	FALSE
HMDB0005320	1-palmitoyl-2-oleoyl-GPE (16:0/18:1)			""			""			""		Lipid	Phosphatidylethanolamine (PE)	1-palmitoyl-2-oleoyl-GPE (16:0/18:1)	1526	19263	FALSE
HMDB0009784	1-palmitoyl-2-linoleoyl-GPI (16:0/18:2)			""			""			""		Lipid	Phosphatidylinositol (PI)	1-palmitoyl-2-linoleoyl-GPI (16:0/18:2)	1528	52450	FALSE
HMDB0007973	1-palmitoyl-2-linoleoyl-GPC (16:0/18:2)			""			""			""		Lipid	Phosphatidylcholine (PC)	1-palmitoyl-2-linoleoyl-GPC (16:0/18:2)	1537	42446	FALSE
HMDB0001348	stearoyl sphingomyelin (d18:1/18:0)			""			""			""		Lipid	Sphingomyelins	stearoyl sphingomyelin (d18:1/18:0)	1538	19503	FALSE
HMDB0007972	1-palmitoyl-2-oleoyl-GPC (16:0/18:1)			""			""			""		Lipid	Phosphatidylcholine (PC)	1-palmitoyl-2-oleoyl-GPC (16:0/18:1)	1539	52461	FALSE
HMDB0004950	N-stearoyl-sphingosine (d18:1/18:0)*			""			""			""		Lipid	Ceramides	N-stearoyl-sphingosine (d18:1/18:0)*	1547	54979	FALSE
HMDB0000637	glycochenodeoxycholate			""			""			""		Lipid	Primary Bile Acid Metabolism	glycochenodeoxycholate	1628	32346	FALSE
HMDB0000951	taurochenodeoxycholate			""			""			""		Lipid	Primary Bile Acid Metabolism	taurochenodeoxycholate	1629	18494	FALSE
HMDB0000036	taurocholate			""			""			""		Lipid	Primary Bile Acid Metabolism	taurocholate	1648	18497	FALSE
HMDB0000896	taurodeoxycholate			""			""			""		Lipid	Secondary Bile Acid Metabolism	taurodeoxycholate	1668	12261	FALSE
HMDB0000840	2-hydroxyhippurate (salicylurate)			""			""			""		Xenobiotics	Benzoate Metabolism	2-hydroxyhippurate (salicylurate)	1869	18281	FALSE
HMDB0001932	metoprolol			""			""			""		Xenobiotics	Drug - Cardiovascular	metoprolol	2028	18037	FALSE
HMDB0000784	azelate (C9-DC)			""			""			""		Lipid	Fatty Acid, Dicarboxylate	azelate (C9-DC)	2029	18362	FALSE
""	3-(N-acetyl-cystein-S-yl) acetaminophen			""			""			""		Xenobiotics	Drug - Analgesics, Anesthetics	3-(N-acetyl-cystein-S-yl) acetaminophen	2048	45721	FALSE
HMDB0059911	4-acetaminophen sulfate			""			""			""		Xenobiotics	Drug - Analgesics, Anesthetics	4-acetaminophen sulfate	2049	37475	FALSE
HMDB0001999	eicosapentaenoate (EPA; 20:5n3)			""			""			""		Lipid	Long Chain Polyunsaturated Fatty Acid (n3 and n6)	eicosapentaenoate (EPA; 20:5n3)	2050	18467	FALSE
HMDB0001844	methylsuccinate			""			""			""		Amino Acid	Leucine, Isoleucine and Valine Metabolism	methylsuccinate	2051	15745	FALSE
HMDB0000622	ethylmalonate			""			""			""		Amino Acid	Leucine, Isoleucine and Valine Metabolism	ethylmalonate	2054	15765	FALSE
HMDB0000062	carnitine			""			""			""		Lipid	Carnitine Metabolism	carnitine	100000007	15500	FALSE
HMDB0001870	benzoate			""			""			""		Xenobiotics	Benzoate Metabolism	benzoate	100000008	15778	FALSE
HMDB0000764	3-phenylpropionate (hydrocinnamate)			""			""			""		Xenobiotics	Benzoate Metabolism	3-phenylpropionate (hydrocinnamate)	100000010	15749	FALSE
HMDB0000209	phenylacetate			""			""			""		Amino Acid	Phenylalanine Metabolism	phenylacetate	100000011	57745	FALSE
HMDB0000714	hippurate			""			""			""		Xenobiotics	Benzoate Metabolism	hippurate	100000014	15753	FALSE
HMDB0000881	xanthurenate			""			""			""		Amino Acid	Tryptophan Metabolism	xanthurenate	100000015	15679	FALSE
HMDB0000893	suberate (C8-DC)			""			""			""		Lipid	Fatty Acid, Dicarboxylate	suberate (C8-DC)	100000016	15730	FALSE
HMDB0000491	3-methyl-2-oxovalerate			""			""			""		Amino Acid	Leucine, Isoleucine and Valine Metabolism	3-methyl-2-oxovalerate	100000036	15676	FALSE
HMDB0002005	methionine sulfoxide			""			""			""		Amino Acid	Methionine, Cysteine, SAM and Taurine Metabolism	methionine sulfoxide	100000039	18374	FALSE
HMDB0000479	3-methylhistidine			""			""			""		Amino Acid	Histidine Metabolism	3-methylhistidine	100000042	15677	FALSE
HMDB0010316	4-acetamidophenylglucuronide			""			""			""		Xenobiotics	Drug - Analgesics, Anesthetics	4-acetamidophenylglucuronide	100000043	15736	FALSE
HMDB0000450	5-hydroxylysine			""			""			""		Amino Acid	Lysine Metabolism	5-hydroxylysine	100000054	15685	FALSE
HMDB0003464	4-guanidinobutanoate			""			""			""		Amino Acid	Guanidino and Acetamido Metabolism	4-guanidinobutanoate	100000096	15681	FALSE
HMDB0000857	pimelate (C7-DC)			""			""			""		Lipid	Fatty Acid, Dicarboxylate	pimelate (C7-DC)	100000101	15704	FALSE
HMDB0000127	glucuronate			""			""			""		Carbohydrate	Aminosugar Metabolism	glucuronate	100000257	15443	FALSE
HMDB0000126	glycerol 3-phosphate			""			""			""		Lipid	Glycerolipid Metabolism	glycerol 3-phosphate	100000258	43847	FALSE
HMDB0002320	imidazole lactate			""			""			""		Amino Acid	Histidine Metabolism	imidazole lactate	100000263	15716	FALSE
HMDB0000684	kynurenine			""			""			""		Amino Acid	Tryptophan Metabolism	kynurenine	100000265	15140	FALSE
HMDB0000086	glycerophosphorylcholine (GPC)			""			""			""		Lipid	Phospholipid Metabolism	glycerophosphorylcholine (GPC)	100000269	15990	FALSE
HMDB0001262	maltotriose			""			""			""		Carbohydrate	Glycogen Metabolism	maltotriose	100000276	44688	FALSE
HMDB0001138	N-acetylglutamate			""			""			""		Amino Acid	Glutamate Metabolism	N-acetylglutamate	100000282	15720	FALSE
HMDB0000956,HMDB0062642	tartarate			""			""			""		Xenobiotics	Food Component/Plant	tartarate	100000295	15336	FALSE
HMDB0000299	xanthosine			""			""			""		Nucleotide	Purine Metabolism, (Hypo)Xanthine/Inosine containing	xanthosine	100000299	15136	FALSE
HMDB0002917,HMDB0001851,HMDB0000568,HMDB0000508	ribitol			""			""			""		Carbohydrate	Pentose Metabolism	ribitol	100000406	15772	FALSE
HMDB0000402	2-isopropylmalate			""			""			""		Xenobiotics	Food Component/Plant	2-isopropylmalate	100000409	15667	FALSE
HMDB00631	glycodeoxycholate			""			""			""		Lipid	Secondary Bile Acid Metabolism	glycodeoxycholate	100000436	18477	FALSE
HMDB0001889	theophylline			""			""			""		Xenobiotics	Xanthine Metabolism	theophylline	100000437	18394	FALSE
HMDB0003072	quinate			""			""			""		Xenobiotics	Food Component/Plant	quinate	100000442	18335	FALSE
HMDB0000152	gentisate			""			""			""		Amino Acid	Tyrosine Metabolism	gentisate	100000447	18280	FALSE
HMDB0001860	paraxanthine			""			""			""		Xenobiotics	Xanthine Metabolism	paraxanthine	100000453	18254	FALSE
HMDB0000671	indolelactate			""			""			""		Amino Acid	Tryptophan Metabolism	indolelactate	100000463	18349	FALSE
HMDB0000682	3-indoxyl sulfate			""			""			""		Amino Acid	Tryptophan Metabolism	3-indoxyl sulfate	100000467	27672	FALSE
HMDB0028854	glycylvaline			""			""			""		Peptide	Dipeptide	glycylvaline	100000487	18357	FALSE
HMDB0000594	gamma-glutamylphenylalanine			""			""			""		Peptide	Gamma-glutamyl Amino Acid	gamma-glutamylphenylalanine	100000491	33422	FALSE
HMDB0000695	4-methyl-2-oxopentanoate			""			""			""		Amino Acid	Leucine, Isoleucine and Valine Metabolism	4-methyl-2-oxopentanoate	100000551	22116	FALSE
HMDB0002712	1,5-anhydroglucitol (1,5-AG)			""			""			""		Carbohydrate	Glycolysis, Gluconeogenesis, and Pyruvate Metabolism	1,5-anhydroglucitol (1,5-AG)	100000580	20675	FALSE
HMDB0004666	2-arachidonoylglycerol (20:4)			""			""			""		Lipid	Monoacylglycerol	2-arachidonoylglycerol (20:4)	100000584	19266	FALSE
HMDB0009815	1-stearoyl-2-arachidonoyl-GPI (18:0/20:4)			""			""			""		Lipid	Phosphatidylinositol (PI)	1-stearoyl-2-arachidonoyl-GPI (18:0/20:4)	100000616	52449	FALSE
HMDB0000277	sphingosine 1-phosphate			""			""			""		Lipid	Sphingosines	sphingosine 1-phosphate	100000626	34445	FALSE
HMDB0010163	1-stearoyl-2-oleoyl-GPS (18:0/18:1)			""			""			""		Lipid	Phosphatidylserine (PS)	1-stearoyl-2-oleoyl-GPS (18:0/18:1)	100000639	19265	FALSE
HMDB0240261	1-stearoyl-GPI (18:0)			""			""			""		Lipid	Lysophospholipid	1-stearoyl-GPI (18:0)	100000656	19324	FALSE
HMDB0000564	1,2-dipalmitoyl-GPC (16:0/16:0)			""			""			""		Lipid	Phosphatidylcholine (PC)	1,2-dipalmitoyl-GPC (16:0/16:0)	100000657	19130	FALSE
HMDB0002183	docosahexaenoate (DHA; 22:6n3)			""			""			""		Lipid	Long Chain Polyunsaturated Fatty Acid (n3 and n6)	docosahexaenoate (DHA; 22:6n3)	100000665	44675	FALSE
HMDB0007869	1-myristoyl-2-palmitoyl-GPC (14:0/16:0)			""			""			""		Lipid	Phosphatidylcholine (PC)	1-myristoyl-2-palmitoyl-GPC (14:0/16:0)	100000672	19258	FALSE
HMDB0000665,HMDB00746,HMDB0000624	alpha-hydroxyisocaproate			""			""			""		Amino Acid	Leucine, Isoleucine and Valine Metabolism	alpha-hydroxyisocaproate	100000706	22132	FALSE
HMDB0000176	maleate			""			""			""		Lipid	Fatty Acid, Dicarboxylate	maleate	100000707	20676	FALSE
HMDB0000718	isovalerate (i5:0)			""			""			""		Amino Acid	Leucine, Isoleucine and Valine Metabolism	isovalerate (i5:0)	100000708	44656	FALSE
""	4-acetylphenol sulfate			""			""			""		Xenobiotics	Benzoate Metabolism	4-acetylphenol sulfate	100000711	44620	FALSE
HMDB0002264	2-hydroxyoctanoate			""			""			""		Lipid	Fatty Acid, Monohydroxy	2-hydroxyoctanoate	100000743	22036	FALSE
HMDB0001954	3-hydroxyoctanoate			""			""			""		Lipid	Fatty Acid, Monohydroxy	3-hydroxyoctanoate	100000773	22001	FALSE
HMDB0000779,HMDB0000563	phenyllactate (PLA)			""			""			""		Amino Acid	Phenylalanine Metabolism	phenyllactate (PLA)	100000774	22130	FALSE
HMDB0000222	palmitoylcarnitine (C16)			""			""			""		Lipid	Fatty Acid Metabolism (Acyl Carnitine, Long Chain Saturated)	palmitoylcarnitine (C16)	100000776	44681	FALSE
HMDB0000756	hexanoylcarnitine (C6)			""			""			""		Lipid	Fatty Acid Metabolism (Acyl Carnitine, Medium Chain)	hexanoylcarnitine (C6)	100000781	32328	FALSE
HMDB0034365	theanine			""			""			""		Xenobiotics	Food Component/Plant	theanine	100000784	22206	FALSE
HMDB0000812	N-acetylaspartate (NAA)			""			""			""		Amino Acid	Alanine and Aspartate Metabolism	N-acetylaspartate (NAA)	100000787	22185	FALSE
HMDB0001032	dehydroepiandrosterone sulfate (DHEA-S)			""			""			""		Lipid	Androgenic Steroids	dehydroepiandrosterone sulfate (DHEA-S)	100000792	32425	FALSE
HMDB0000201	acetylcarnitine (C2)			""			""			""		Lipid	Fatty Acid Metabolism (Acyl Carnitine, Short Chain)	acetylcarnitine (C2)	100000802	32198	FALSE
HMDB0000731	cysteine s-sulfate			""			""			""		Amino Acid	Methionine, Cysteine, SAM and Taurine Metabolism	cysteine s-sulfate	100000808	22176	FALSE
HMDB0032133	bisphenol A			""			""			""		Xenobiotics	Chemical	bisphenol A	100000823	21125	FALSE
HMDB0011564	1-palmitoylglycerol (16:0)			""			""			""		Lipid	Monoacylglycerol	1-palmitoylglycerol (16:0)	100000827	21127	FALSE
HMDB0035227	tartronate (hydroxymalonate)			""			""			""		Xenobiotics	Food Component/Plant	tartronate (hydroxymalonate)	100000840	20693	FALSE
HMDB0002329	oxalate (ethanedioate)			""			""			""		Cofactors and Vitamins	Ascorbate and Aldarate Metabolism	oxalate (ethanedioate)	100000841	20694	FALSE
HMDB0002994	erythritol			""			""			""		Xenobiotics	Food Component/Plant	erythritol	100000846	20699	FALSE
HMDB0000500	4-hydroxybenzoate			""			""			""		Xenobiotics	Benzoate Metabolism	4-hydroxybenzoate	100000862	21133	FALSE
HMDB0029723	saccharin			""			""			""		Xenobiotics	Food Component/Plant	saccharin	100000870	21151	FALSE
HMDB0011753	iminodiacetate (IDA)			""			""			""		Xenobiotics	Chemical	iminodiacetate (IDA)	100000900	21025	FALSE
HMDB0011567	1-oleoylglycerol (18:1)			""			""			""		Lipid	Monoacylglycerol	1-oleoylglycerol (18:1)	100000924	21184	FALSE
HMDB0000019	3-methyl-2-oxobutyrate			""			""			""		Amino Acid	Leucine, Isoleucine and Valine Metabolism	3-methyl-2-oxobutyrate	100000936	44526	FALSE
HMDB0011537	2-oleoylglycerol (18:1)			""			""			""		Lipid	Monoacylglycerol	2-oleoylglycerol (18:1)	100000943	21232	FALSE
HMDB0000670	homoarginine			""			""			""		Amino Acid	Urea cycle; Arginine and Proline Metabolism	homoarginine	100000961	22137	FALSE
HMDB0000679	homocitrulline			""			""			""		Amino Acid	Urea cycle; Arginine and Proline Metabolism	homocitrulline	100000963	22138	FALSE
HMDB0011538	2-linoleoylglycerol (18:2)			""			""			""		Lipid	Monoacylglycerol	2-linoleoylglycerol (18:2)	100000987	32506	FALSE
HMDB0032538	triethanolamine			""			""			""		Xenobiotics	Chemical	triethanolamine	100000989	22202	FALSE
HMDB0002203	3-hydroxydecanoate			""			""			""		Lipid	Fatty Acid, Monohydroxy	3-hydroxydecanoate	100000997	22053	FALSE
HMDB0015109	EDTA			""			""			""		Xenobiotics	Chemical	EDTA	100001002	22163	FALSE
HMDB0000532	N-acetylglycine			""			""			""		Amino Acid	Glycine, Serine and Threonine Metabolism	N-acetylglycine	100001006	27710	FALSE
HMDB0000867	ribonate			""			""			""		Carbohydrate	Pentose Metabolism	ribonate	100001007	27731	FALSE
HMDB0062620,HMDB0000943	threonate			""			""			""		Cofactors and Vitamins	Ascorbate and Aldarate Metabolism	threonate	100001022	27738	FALSE
HMDB0000565	galactonate			""			""			""		Carbohydrate	Fructose, Mannose and Galactose Metabolism	galactonate	100001026	27719	FALSE
HMDB0000852	beta-sitosterol			""			""			""		Lipid	Sterol	beta-sitosterol	100001033	27414	FALSE
HMDB0000197	indoleacetate			""			""			""		Amino Acid	Tryptophan Metabolism	indoleacetate	100001034	27513	FALSE
HMDB0011568	1-linoleoylglycerol (18:2)			""			""			""		Lipid	Monoacylglycerol	1-linoleoylglycerol (18:2)	100001040	27447	FALSE
HMDB0000001	1-methylhistidine			""			""			""		Amino Acid	Histidine Metabolism	1-methylhistidine	100001051	30460	FALSE
HMDB0002013	butyrylcarnitine (C4)			""			""			""		Lipid	Fatty Acid Metabolism (also BCAA Metabolism)	butyrylcarnitine (C4)	100001054	32412	FALSE
HMDB0000736	isobutyrylcarnitine (C4)			""			""			""		Amino Acid	Leucine, Isoleucine and Valine Metabolism	isobutyrylcarnitine (C4)	100001055	33441	FALSE
HMDB0000391	7-ketodeoxycholate			""			""			""		Lipid	Secondary Bile Acid Metabolism	7-ketodeoxycholate	100001063	31904	FALSE
HMDB0000698	glycolithocholate			""			""			""		Lipid	Secondary Bile Acid Metabolism	glycolithocholate	100001064	31912	FALSE
HMDB0000467	7-ketolithocholate			""			""			""		Lipid	Secondary Bile Acid Metabolism	7-ketolithocholate	100001069	43830	FALSE
HMDB0002759	androsterone sulfate			""			""			""		Lipid	Androgenic Steroids	androsterone sulfate	100001073	31591	FALSE
HMDB0002039	2-pyrrolidinone			""			""			""		Amino Acid	Glutamate Metabolism	2-pyrrolidinone	100001081	31675	FALSE
HMDB0002302	indolepropionate			""			""			""		Amino Acid	Tryptophan Metabolism	indolepropionate	100001083	32405	FALSE
HMDB0000439	N-(2-furoyl)glycine			""			""			""		Xenobiotics	Food Component/Plant	N-(2-furoyl)glycine	100001086	31536	FALSE
HMDB0000875	trigonelline (N'-methylnicotinate)			""			""			""		Cofactors and Vitamins	Nicotinate and Nicotinamide Metabolism	trigonelline (N'-methylnicotinate)	100001092	32401	FALSE
HMDB0000623	dodecanedioate (C12-DC)			""			""			""		Lipid	Fatty Acid, Dicarboxylate	dodecanedioate (C12-DC)	100001102	32388	FALSE
HMDB0061715	glutamate, gamma-methyl ester			""			""			""		Amino Acid	Glutamate Metabolism	glutamate, gamma-methyl ester	100001103	33487	FALSE
HMDB0000866	N-acetyltyrosine			""			""			""		Amino Acid	Tyrosine Metabolism	N-acetyltyrosine	100001104	32390	FALSE
HMDB0001857	1,3-dimethylurate			""			""			""		Xenobiotics	Xanthine Metabolism	1,3-dimethylurate	100001106	32391	FALSE
HMDB0001886	3-methylxanthine			""			""			""		Xenobiotics	Xanthine Metabolism	3-methylxanthine	100001108	32445	FALSE
HMDB0000387	3-hydroxylaurate			""			""			""		Lipid	Fatty Acid, Monohydroxy	3-hydroxylaurate	100001112	32457	FALSE
HMDB0000017	pyridoxate			""			""			""		Cofactors and Vitamins	Vitamin B6 Metabolism	pyridoxate	100001121	31555	FALSE
HMDB0029068	threonylphenylalanine			""			""			""		Peptide	Dipeptide	threonylphenylalanine	100001125	31530	FALSE
HMDB0011172	gamma-glutamylvaline			""			""			""		Peptide	Gamma-glutamyl Amino Acid	gamma-glutamylvaline	100001126	43829	FALSE
HMDB0000350	3-hydroxysebacate			""			""			""		Lipid	Fatty Acid, Monohydroxy	3-hydroxysebacate	100001145	31943	FALSE
HMDB0000409,HMDB0000525	5-hydroxyhexanoate			""			""			""		Lipid	Fatty Acid, Monohydroxy	5-hydroxyhexanoate	100001148	31938	FALSE
HMDB0000783	propionylglycine			""			""			""		Lipid	Fatty Acid Metabolism (also BCAA Metabolism)	propionylglycine	100001150	31932	FALSE
HMDB0000808	butyrylglycine			""			""			""		Lipid	Fatty Acid Metabolism (also BCAA Metabolism)	butyrylglycine	100001151	31850	FALSE
HMDB0000339	2-methylbutyrylglycine			""			""			""		Amino Acid	Leucine, Isoleucine and Valine Metabolism	2-methylbutyrylglycine	100001155	31928	FALSE
HMDB0000824	propionylcarnitine (C3)			""			""			""		Lipid	Fatty Acid Metabolism (also BCAA Metabolism)	propionylcarnitine (C3)	100001162	32452	FALSE
HMDB0006695	pro-hydroxy-pro			""			""			""		Amino Acid	Urea cycle; Arginine and Proline Metabolism	pro-hydroxy-pro	100001167	35127	FALSE
HMDB0000396	3-hydroxy-2-ethylpropionate			""			""			""		Amino Acid	Leucine, Isoleucine and Valine Metabolism	3-hydroxy-2-ethylpropionate	100001170	32397	FALSE
HMDB0061112	3-carboxy-4-methyl-5-propyl-2-furanpropanoate (CMPF)			""			""			""		Lipid	Fatty Acid, Dicarboxylate	3-carboxy-4-methyl-5-propyl-2-furanpropanoate (CMPF)	100001178	31787	FALSE
HMDB0006528,HMDB0001976	docosapentaenoate (n3 DPA; 22:5n3)			""			""			""		Lipid	Long Chain Polyunsaturated Fatty Acid (n3 and n6)	docosapentaenoate (n3 DPA; 22:5n3)	100001181	32504	FALSE
HMDB0061714	docosadienoate (22:2n6)			""			""			""		Lipid	Long Chain Polyunsaturated Fatty Acid (n3 and n6)	docosadienoate (22:2n6)	100001182	32415	FALSE
HMDB0002226	adrenate (22:4n6)			""			""			""		Lipid	Long Chain Polyunsaturated Fatty Acid (n3 and n6)	adrenate (22:4n6)	100001193	32980	FALSE
HMDB0002823	docosatrienoate (22:3n3)			""			""			""		Lipid	Long Chain Polyunsaturated Fatty Acid (n3 and n6)	docosatrienoate (22:3n3)	100001195	32417	FALSE
HMDB0033724	10-undecenoate (11:1n1)			""			""			""		Lipid	Medium Chain Fatty Acid	10-undecenoate (11:1n1)	100001197	32497	FALSE
HMDB0002000	myristoleate (14:1n5)			""			""			""		Lipid	Long Chain Monounsaturated Fatty Acid	myristoleate (14:1n5)	100001198	32418	FALSE
HMDB0002024	4-imidazoleacetate			""			""			""		Amino Acid	Histidine Metabolism	4-imidazoleacetate	100001207	32349	FALSE
HMDB0002820	1-methyl-4-imidazoleacetate			""			""			""		Amino Acid	Histidine Metabolism	1-methyl-4-imidazoleacetate	100001208	32350	FALSE
HMDB0000792	sebacate (C10-DC)			""			""			""		Lipid	Fatty Acid, Dicarboxylate	sebacate (C10-DC)	100001211	32398	FALSE
HMDB0003157	guanidinosuccinate			""			""			""		Amino Acid	Guanidino and Acetamido Metabolism	guanidinosuccinate	100001212	32446	FALSE
HMDB0004157	I-urobilinogen			""			""			""		Cofactors and Vitamins	Hemoglobin and Porphyrin Metabolism	I-urobilinogen	100001226	32426	FALSE
HMDB0006547	stearidonate (18:4n3)			""			""			""		Lipid	Long Chain Polyunsaturated Fatty Acid (n3 and n6)	stearidonate (18:4n3)	100001229	33969	FALSE
HMDB0002368	nervonate (24:1n9)*			""			""			""		Lipid	Long Chain Monounsaturated Fatty Acid	nervonate (24:1n9)*	100001231	52674	FALSE
HMDB0000529	5-dodecenoate (12:1n7)			""			""			""		Lipid	Medium Chain Fatty Acid	5-dodecenoate (12:1n7)	100001232	33968	FALSE
HMDB0000791	octanoylcarnitine (C8)			""			""			""		Lipid	Fatty Acid Metabolism (Acyl Carnitine, Medium Chain)	octanoylcarnitine (C8)	100001247	33936	FALSE
HMDB0000932	tauro-beta-muricholate			""			""			""		Lipid	Primary Bile Acid Metabolism	tauro-beta-muricholate	100001250	33983	FALSE
HMDB0000651	decanoylcarnitine (C10)			""			""			""		Lipid	Fatty Acid Metabolism (Acyl Carnitine, Medium Chain)	decanoylcarnitine (C10)	100001251	33941	FALSE
HMDB0006029	N-acetylglutamine			""			""			""		Amino Acid	Glutamate Metabolism	N-acetylglutamine	100001253	33943	FALSE
HMDB0013713	N-acetyltryptophan			""			""			""		Amino Acid	Tryptophan Metabolism	N-acetyltryptophan	100001254	33959	FALSE
HMDB0000512	N-acetylphenylalanine			""			""			""		Amino Acid	Phenylalanine Metabolism	N-acetylphenylalanine	100001256	33950	FALSE
HMDB0006028	N-acetylasparagine			""			""			""		Amino Acid	Alanine and Aspartate Metabolism	N-acetylasparagine	100001257	33942	FALSE
HMDB0003869	gamma-glutamyl-epsilon-lysine			""			""			""		Peptide	Gamma-glutamyl Amino Acid	gamma-glutamyl-epsilon-lysine	100001262	33934	FALSE
HMDB0010382	1-palmitoyl-GPC (16:0)			""			""			""		Lipid	Lysophospholipid	1-palmitoyl-GPC (16:0)	100001263	33955	FALSE
HMDB0004620	N-acetylarginine			""			""			""		Amino Acid	Urea cycle; Arginine and Proline Metabolism	N-acetylarginine	100001266	33953	FALSE
HMDB0029377	piperine			""			""			""		Xenobiotics	Food Component/Plant	piperine	100001267	33935	FALSE
HMDB0002869	campesterol			""			""			""		Lipid	Sterol	campesterol	100001269	33997	FALSE
HMDB0005066	myristoylcarnitine (C14)			""			""			""		Lipid	Fatty Acid Metabolism (Acyl Carnitine, Long Chain Saturated)	myristoylcarnitine (C14)	100001270	33952	FALSE
HMDB0010384	1-stearoyl-GPC (18:0)			""			""			""		Lipid	Lysophospholipid	1-stearoyl-GPC (18:0)	100001271	33961	FALSE
HMDB0002815	1-oleoyl-GPC (18:1)			""			""			""		Lipid	Lysophospholipid	1-oleoyl-GPC (18:1)	100001272	48258	FALSE
HMDB0062557	N-acetylthreonine			""			""			""		Amino Acid	Glycine, Serine and Threonine Metabolism	N-acetylthreonine	100001274	33939	FALSE
HMDB0061684	N-acetylisoleucine			""			""			""		Amino Acid	Leucine, Isoleucine and Valine Metabolism	N-acetylisoleucine	100001276	33967	FALSE
HMDB0013622	10-nonadecenoate (19:1n9)			""			""			""		Lipid	Long Chain Monounsaturated Fatty Acid	10-nonadecenoate (19:1n9)	100001277	33972	FALSE
HMDB0060038	10-heptadecenoate (17:1n7)			""			""			""		Lipid	Long Chain Monounsaturated Fatty Acid	10-heptadecenoate (17:1n7)	100001278	33971	FALSE
HMDB0062657	epiandrosterone sulfate			""			""			""		Lipid	Androgenic Steroids	epiandrosterone sulfate	100001287	33973	FALSE
HMDB04246	bradykinin, des-arg(9)			""			""			""		Peptide	Polypeptide	bradykinin, des-arg(9)	100001292	34420	FALSE
HMDB0032055	N-acetylhistidine			""			""			""		Amino Acid	Histidine Metabolism	N-acetylhistidine	100001293	33946	FALSE
HMDB0011667	gamma-glutamylglycine			""			""			""		Peptide	Gamma-glutamyl Amino Acid	gamma-glutamylglycine	100001294	33949	FALSE
HMDB0029160	gamma-glutamyltryptophan			""			""			""		Peptide	Gamma-glutamyl Amino Acid	gamma-glutamyltryptophan	100001295	33947	FALSE
HMDB0004827	stachydrine			""			""			""		Xenobiotics	Food Component/Plant	stachydrine	100001296	34384	FALSE
HMDB0000407	alpha-hydroxyisovalerate			""			""			""		Amino Acid	Leucine, Isoleucine and Valine Metabolism	alpha-hydroxyisovalerate	100001300	46537	FALSE
HMDB0029155	gamma-glutamylmethionine			""			""			""		Peptide	Gamma-glutamyl Amino Acid	gamma-glutamylmethionine	100001313	44872	FALSE
HMDB0029159	gamma-glutamylthreonine			""			""			""		Peptide	Gamma-glutamyl Amino Acid	gamma-glutamylthreonine	100001314	33364	FALSE
HMDB0011635	p-cresol sulfate			""			""			""		Xenobiotics	Benzoate Metabolism	p-cresol sulfate	100001315	36103	FALSE
HMDB0015264	pioglitazone			""			""			""		Xenobiotics	Drug - Metabolic	pioglitazone	100001317	33139	FALSE
HMDB0000613	erythronate*			""			""			""		Carbohydrate	Aminosugar Metabolism	erythronate*	100001320	42420	FALSE
""	fibrinopeptide A, des-ala(1)*			""			""			""		Peptide	Fibrinogen Cleavage Peptide	fibrinopeptide A, des-ala(1)*	100001323	31548	FALSE
""	fibrinopeptide A, phosphono-ser(3)*			""			""			""		Peptide	Fibrinogen Cleavage Peptide	fibrinopeptide A, phosphono-ser(3)*	100001324	57712	FALSE
""	HWESASXX*			""			""			""		Peptide	Polypeptide	HWESASXX*	100001327	57711	FALSE
HMDB0240252	salicyluric glucuronide*			""			""			""		Xenobiotics	Drug - Analgesics, Anesthetics	salicyluric glucuronide*	100001332	33384	FALSE
HMDB0094701	N-acetylproline			""			""			""		Amino Acid	Urea cycle; Arginine and Proline Metabolism	N-acetylproline	100001334	34387	FALSE
HMDB0002231,HMDB0062436	eicosenoate (20:1)			""			""			""		Lipid	Long Chain Monounsaturated Fatty Acid	eicosenoate (20:1)	100001335	33587	FALSE
HMDB0003073,HMDB0001388	linolenate [alpha or gamma; (18:3n3 or 6)]			""			""			""		Lipid	Long Chain Polyunsaturated Fatty Acid (n3 and n6)	linolenate [alpha or gamma; (18:3n3 or 6)]	100001337	34035	FALSE
HMDB0000958,HMDB000072	aconitate [cis or trans]			""			""			""		Energy	TCA Cycle	aconitate [cis or trans]	100001359	46173	FALSE
""	metoprolol acid metabolite*			""			""			""		Xenobiotics	Drug - Cardiovascular	metoprolol acid metabolite*	100001385	34109	FALSE
HMDB0000848	stearoylcarnitine (C18)			""			""			""		Lipid	Fatty Acid Metabolism (Acyl Carnitine, Long Chain Saturated)	stearoylcarnitine (C18)	100001391	34409	FALSE
HMDB000225	laurylcarnitine (C12)			""			""			""		Lipid	Fatty Acid Metabolism (Acyl Carnitine, Medium Chain)	laurylcarnitine (C12)	100001392	34534	FALSE
HMDB0000688	isovalerylcarnitine (C5)			""			""			""		Amino Acid	Leucine, Isoleucine and Valine Metabolism	isovalerylcarnitine (C5)	100001393	34407	FALSE
HMDB0010386	1-linoleoyl-GPC (18:2)			""			""			""		Lipid	Lysophospholipid	1-linoleoyl-GPC (18:2)	100001395	34419	FALSE
HMDB0001991	7-methylxanthine			""			""			""		Xenobiotics	Xanthine Metabolism	7-methylxanthine	100001396	34390	FALSE
HMDB0002123	1,3,7-trimethylurate			""			""			""		Xenobiotics	Xanthine Metabolism	1,3,7-trimethylurate	100001397	34404	FALSE
HMDB0001982	3,7-dimethylurate			""			""			""		Xenobiotics	Xanthine Metabolism	3,7-dimethylurate	100001398	34399	FALSE
HMDB0011103	1,7-dimethylurate			""			""			""		Xenobiotics	Xanthine Metabolism	1,7-dimethylurate	100001399	34400	FALSE
HMDB0003099	1-methylurate			""			""			""		Xenobiotics	Xanthine Metabolism	1-methylurate	100001400	34395	FALSE
HMDB0011105	5-acetylamino-6-formylamino-3-methyluracil			""			""			""		Xenobiotics	Xanthine Metabolism	5-acetylamino-6-formylamino-3-methyluracil	100001402	34401	FALSE
HMDB0004400	5-acetylamino-6-amino-3-methyluracil			""			""			""		Xenobiotics	Xanthine Metabolism	5-acetylamino-6-amino-3-methyluracil	100001403	34424	FALSE
HMDB0010738	1-methylxanthine			""			""			""		Xenobiotics	Xanthine Metabolism	1-methylxanthine	100001405	34389	FALSE
HMDB0002721	N1-methylinosine			""			""			""		Nucleotide	Purine Metabolism, (Hypo)Xanthine/Inosine containing	N1-methylinosine	100001409	48351	FALSE
HMDB0013222	beta-guanidinopropanoate			""			""			""		Xenobiotics	Food Component/Plant	beta-guanidinopropanoate	100001411	35101	FALSE
HMDB0004824	N2,N2-dimethylguanosine			""			""			""		Nucleotide	Purine Metabolism, Guanine containing	N2,N2-dimethylguanosine	100001412	35137	FALSE
HMDB0005923	N4-acetylcytidine			""			""			""		Nucleotide	Pyrimidine Metabolism, Cytidine containing	N4-acetylcytidine	100001413	35130	FALSE
HMDB0041623	N6-carbamoylthreonyladenosine			""			""			""		Nucleotide	Purine Metabolism, Adenine containing	N6-carbamoylthreonyladenosine	100001415	35157	FALSE
HMDB0000788	orotidine			""			""			""		Nucleotide	Pyrimidine Metabolism, Orotate containing	orotidine	100001416	35172	FALSE
HMDB0006344	phenylacetylglutamine			""			""			""		Peptide	Acetylated Peptides	phenylacetylglutamine	100001417	35126	FALSE
HMDB0013678	4-hydroxyhippurate			""			""			""		Xenobiotics	Benzoate Metabolism	4-hydroxyhippurate	100001423	35527	FALSE
HMDB0000497	5,6-dihydrouridine			""			""			""		Nucleotide	Pyrimidine Metabolism, Uracil containing	5,6-dihydrouridine	100001425	61833	FALSE
HMDB11578	1-arachidonylglycerol (20:4)			""			""			""		Lipid	Monoacylglycerol	1-arachidonylglycerol (20:4)	100001433	34397	FALSE
HMDB0011569	1-linolenoylglycerol (18:3)			""			""			""		Lipid	Monoacylglycerol	1-linolenoylglycerol (18:3)	100001435	34393	FALSE
HMDB0000656	cysteine-glutathione disulfide			""			""			""		Amino Acid	Glutathione Metabolism	cysteine-glutathione disulfide	100001437	35159	FALSE
HMDB00327	1-palmitoyl-GPA (16:0)			""			""			""		Lipid	Lysophospholipid	1-palmitoyl-GPA (16:0)	100001445	34428	FALSE
HMDB0000884	5-methyluridine (ribothymidine)			""			""			""		Nucleotide	Pyrimidine Metabolism, Uracil containing	5-methyluridine (ribothymidine)	100001446	35136	FALSE
HMDB0000897	7-methylguanine			""			""			""		Nucleotide	Purine Metabolism, Guanine containing	7-methylguanine	100001456	35114	FALSE
HMDB0011130	1-stearoyl-GPE (18:0)			""			""			""		Lipid	Lysophospholipid	1-stearoyl-GPE (18:0)	100001461	42398	FALSE
""	1-stearoyl-GPG (18:0)			""			""			""		Lipid	Lysophospholipid	1-stearoyl-GPG (18:0)	100001462	34437	FALSE
HMDB0005862	N2-methylguanosine			""			""			""		Nucleotide	Purine Metabolism, Guanine containing	N2-methylguanosine	100001467	35133	FALSE
HMDB0004193	N1-methyl-2-pyridone-5-carboxamide			""			""			""		Cofactors and Vitamins	Nicotinate and Nicotinamide Metabolism	N1-methyl-2-pyridone-5-carboxamide	100001468	40469	FALSE
HMDB0011587	1-docosahexaenoylglycerol (22:6)			""			""			""		Lipid	Monoacylglycerol	1-docosahexaenoylglycerol (22:6)	100001481	35153	FALSE
""	1-dihomo-linoleoylglycerol (20:2)			""			""			""		Lipid	Monoacylglycerol	1-dihomo-linoleoylglycerol (20:2)	100001483	35103	FALSE
HMDB0011170	gamma-glutamylisoleucine*			""			""			""		Peptide	Gamma-glutamyl Amino Acid	gamma-glutamylisoleucine*	100001485	34456	FALSE
HMDB0005065	oleoylcarnitine (C18:1)			""			""			""		Lipid	Fatty Acid Metabolism (Acyl Carnitine, Monounsaturated)	oleoylcarnitine (C18:1)	100001501	35160	FALSE
""	gamma-glutamyl-2-aminobutyrate			""			""			""		Peptide	Gamma-glutamyl Amino Acid	gamma-glutamyl-2-aminobutyrate	100001502	37092	FALSE
HMDB0000378	2-methylbutyrylcarnitine (C5)			""			""			""		Amino Acid	Leucine, Isoleucine and Valine Metabolism	2-methylbutyrylcarnitine (C5)	100001509	45095	FALSE
HMDB0060015	phenol sulfate			""			""			""		Amino Acid	Tyrosine Metabolism	phenol sulfate	100001510	32553	FALSE
HMDB0010383	1-palmitoleoyl-GPC (16:1)*			""			""			""		Lipid	Lysophospholipid	1-palmitoleoyl-GPC (16:1)*	100001511	33230	FALSE
""	nifedipine			""			""			""		Xenobiotics	Drug - Cardiovascular	nifedipine	100001514	34598	FALSE
HMDB0002095	malonylcarnitine			""			""			""		Lipid	Fatty Acid Synthesis	malonylcarnitine	100001526	37059	FALSE
HMDB0000701	hexanoylglycine			""			""			""		Lipid	Fatty Acid Metabolism (Acyl Glycine)	hexanoylglycine	100001527	35436	FALSE
""	glutamine_degradant*			""			""			""		Partially Characterized Molecules	Partially Characterized Molecules	glutamine_degradant*	100001540	46225	FALSE
HMDB0000317	2-hydroxy-3-methylvalerate			""			""			""		Amino Acid	Leucine, Isoleucine and Valine Metabolism	2-hydroxy-3-methylvalerate	100001541	36746	FALSE
HMDB0033433	homostachydrine*			""			""			""		Xenobiotics	Food Component/Plant	homostachydrine*	100001550	33009	FALSE
HMDB0010395	1-arachidonoyl-GPC (20:4n6)*			""			""			""		Lipid	Lysophospholipid	1-arachidonoyl-GPC (20:4n6)*	100001551	33228	FALSE
HMDB10383	2-palmitoleoyl-GPC (16:1)*			""			""			""		Lipid	Lysophospholipid	2-palmitoleoyl-GPC (16:1)*	100001561	47118	FALSE
HMDB0061702	2-palmitoyl-GPC (16:0)*			""			""			""		Lipid	Lysophospholipid	2-palmitoyl-GPC (16:0)*	100001562	35253	FALSE
HMDB0011503	1-palmitoyl-GPE (16:0)			""			""			""		Lipid	Lysophospholipid	1-palmitoyl-GPE (16:0)	100001567	35631	FALSE
HMDB0011506	1-oleoyl-GPE (18:1)			""			""			""		Lipid	Lysophospholipid	1-oleoyl-GPE (18:1)	100001569	35628	FALSE
HMDB0011507	1-linoleoyl-GPE (18:2)*			""			""			""		Lipid	Lysophospholipid	1-linoleoyl-GPE (18:2)*	100001570	36600	FALSE
HMDB0011517	1-arachidonoyl-GPE (20:4n6)*			""			""			""		Lipid	Lysophospholipid	1-arachidonoyl-GPE (20:4n6)*	100001571	35186	FALSE
HMDB0000856	N-acetylcitrulline			""			""			""		Amino Acid	Urea cycle; Arginine and Proline Metabolism	N-acetylcitrulline	100001577	48434	FALSE
HMDB0031057	2-hydroxypalmitate			""			""			""		Lipid	Fatty Acid, Monohydroxy	2-hydroxypalmitate	100001579	35675	FALSE
HMDB0001976	docosapentaenoate (n6 DPA; 22:5n6)			""			""			""		Lipid	Long Chain Polyunsaturated Fatty Acid (n3 and n6)	docosapentaenoate (n6 DPA; 22:5n6)	100001580	37478	FALSE
HMDB0003290	gulonate*			""			""			""		Cofactors and Vitamins	Ascorbate and Aldarate Metabolism	gulonate*	100001586	46957	FALSE
HMDB0000730	isobutyrylglycine			""			""			""		Amino Acid	Leucine, Isoleucine and Valine Metabolism	isobutyrylglycine	100001590	35437	FALSE
HMDB0013130	glutarylcarnitine (C5-DC)			""			""			""		Amino Acid	Lysine Metabolism	glutarylcarnitine (C5-DC)	100001593	44664	FALSE
HMDB0002366	tiglylcarnitine (C5:1-DC)			""			""			""		Amino Acid	Leucine, Isoleucine and Valine Metabolism	tiglylcarnitine (C5:1-DC)	100001597	35428	FALSE
HMDB0240263	hydroquinone sulfate			""			""			""		Xenobiotics	Drug - Topical Agents	hydroquinone sulfate	100001604	35322	FALSE
HMDB0059724	catechol sulfate			""			""			""		Xenobiotics	Benzoate Metabolism	catechol sulfate	100001605	35320	FALSE
HMDB0012458	7alpha-hydroxy-3-oxo-4-cholestenoate (7-Hoca)			""			""			""		Lipid	Sterol	7alpha-hydroxy-3-oxo-4-cholestenoate (7-Hoca)	100001609	36776	FALSE
HMDB0012454	3beta,7alpha-dihydroxy-5-cholestenoate			""			""			""		Lipid	Sterol	3beta,7alpha-dihydroxy-5-cholestenoate	100001611	36803	FALSE
HMDB0000872	tetradecanedioate (C14-DC)			""			""			""		Lipid	Fatty Acid, Dicarboxylate	tetradecanedioate (C14-DC)	100001613	35669	FALSE
HMDB0000672	hexadecanedioate (C16-DC)			""			""			""		Lipid	Fatty Acid, Dicarboxylate	hexadecanedioate (C16-DC)	100001614	35678	FALSE
HMDB0000782	octadecanedioate (C18-DC)			""			""			""		Lipid	Fatty Acid, Dicarboxylate	octadecanedioate (C18-DC)	100001615	36754	FALSE
HMDB0011561	1-myristoylglycerol (14:0)			""			""			""		Lipid	Monoacylglycerol	1-myristoylglycerol (14:0)	100001618	35625	FALSE
HMDB0240316	glycerophosphoglycerol			""			""			""		Lipid	Glycerolipid Metabolism	glycerophosphoglycerol	100001619	48857	FALSE
HMDB0000114	glycerophosphoethanolamine			""			""			""		Lipid	Phospholipid Metabolism	glycerophosphoethanolamine	100001620	37455	FALSE
""	glycerophosphoinositol*			""			""			""		Lipid	Phospholipid Metabolism	glycerophosphoinositol*	100001621	52307	FALSE
HMDB0000375	3-(3-hydroxyphenyl)propionate			""			""			""		Xenobiotics	Benzoate Metabolism	3-(3-hydroxyphenyl)propionate	100001624	35635	FALSE
HMDB0240650	ectoine			""			""			""		Xenobiotics	Chemical	ectoine	100001635	35651	FALSE
HMDB0061690	1-arachidonoyl-GPI (20:4)*			""			""			""		Lipid	Lysophospholipid	1-arachidonoyl-GPI (20:4)*	100001654	34214	FALSE
HMDB0061695	1-palmitoyl-GPI (16:0)			""			""			""		Lipid	Lysophospholipid	1-palmitoyl-GPI (16:0)	100001655	35305	FALSE
HMDB0002639	glycolithocholate sulfate*			""			""			""		Lipid	Secondary Bile Acid Metabolism	glycolithocholate sulfate*	100001657	32620	FALSE
HMDB0002580	taurolithocholate 3-sulfate			""			""			""		Lipid	Secondary Bile Acid Metabolism	taurolithocholate 3-sulfate	100001658	36850	FALSE
HMDB0001161	deoxycarnitine			""			""			""		Lipid	Carnitine Metabolism	deoxycarnitine	100001662	36747	FALSE
HMDB0000912	N6-succinyladenosine			""			""			""		Nucleotide	Purine Metabolism, Adenine containing	N6-succinyladenosine	100001664	48130	FALSE
HMDB0002331	1-ribosyl-imidazoleacetate*			""			""			""		Amino Acid	Histidine Metabolism	1-ribosyl-imidazoleacetate*	100001668	61868	FALSE
""	1-oleoyl-GPA (18:1)			""			""			""		Lipid	Lysophospholipid	1-oleoyl-GPA (18:1)	100001671	36812	FALSE
HMDB0001624	alpha-hydroxycaproate			""			""			""		Lipid	Fatty Acid, Monohydroxy	alpha-hydroxycaproate	100001723	37073	FALSE
HMDB0013240	indoleacetylglutamine			""			""			""		Amino Acid	Tryptophan Metabolism	indoleacetylglutamine	100001731	42087	FALSE
""	hexanoylglutamine			""			""			""		Lipid	Fatty Acid Metabolism (Acyl Glutamine)	hexanoylglutamine	100001733	54907	FALSE
HMDB0000206	N6-acetyllysine			""			""			""		Amino Acid	Lysine Metabolism	N6-acetyllysine	100001734	36752	FALSE
HMDB0002925	dihomo-linolenate (20:3n3 or n6)			""			""			""		Lipid	Long Chain Polyunsaturated Fatty Acid (n3 and n6)	dihomo-linolenate (20:3n3 or n6)	100001739	35718	FALSE
HMDB0000247,HMDB0000765	mannitol/sorbitol			""			""			""		Carbohydrate	Fructose, Mannose and Galactose Metabolism	mannitol/sorbitol	100001740	46142	FALSE
HMDB0061115	tryptophan betaine			""			""			""		Amino Acid	Tryptophan Metabolism	tryptophan betaine	100001743	37097	FALSE
HMDB0062775	4-vinylphenol sulfate			""			""			""		Xenobiotics	Benzoate Metabolism	4-vinylphenol sulfate	100001755	36098	FALSE
HMDB0062551	4-ethylphenylsulfate			""			""			""		Xenobiotics	Benzoate Metabolism	4-ethylphenylsulfate	100001756	36099	FALSE
HMDB0062720	thymol sulfate			""			""			""		Xenobiotics	Food Component/Plant	thymol sulfate	100001757	36095	FALSE
HMDB0000555	3-methyladipate			""			""			""		Lipid	Fatty Acid, Dicarboxylate	3-methyladipate	100001765	36749	FALSE
HMDB0033143	pyrraline			""			""			""		Xenobiotics	Food Component/Plant	pyrraline	100001767	48428	FALSE
HMDB0061693	1-oleoyl-GPI (18:1)			""			""			""		Lipid	Lysophospholipid	1-oleoyl-GPI (18:1)	100001777	36602	FALSE
HMDB0240597	1-linoleoyl-GPI (18:2)*			""			""			""		Lipid	Lysophospholipid	1-linoleoyl-GPI (18:2)*	100001778	36594	FALSE
HMDB0013989	desmethylnaproxen			""			""			""		Xenobiotics	Drug - Analgesics, Anesthetics	desmethylnaproxen	100001787	46331	FALSE
""	desmethylnaproxen sulfate			""			""			""		Xenobiotics	Drug - Analgesics, Anesthetics	desmethylnaproxen sulfate	100001788	46106	FALSE
HMDB0062547	2-hydroxyacetaminophen sulfate*			""			""			""		Xenobiotics	Drug - Analgesics, Anesthetics	2-hydroxyacetaminophen sulfate*	100001791	33173	FALSE
HMDB0062550	2-methoxyacetaminophen sulfate*			""			""			""		Xenobiotics	Drug - Analgesics, Anesthetics	2-methoxyacetaminophen sulfate*	100001793	47031	FALSE
HMDB0240215	2-methoxyacetaminophen glucuronide*			""			""			""		Xenobiotics	Drug - Analgesics, Anesthetics	2-methoxyacetaminophen glucuronide*	100001795	33161	FALSE
HMDB0240217	3-(cystein-S-yl)acetaminophen*			""			""			""		Xenobiotics	Drug - Analgesics, Anesthetics	3-(cystein-S-yl)acetaminophen*	100001797	34365	FALSE
HMDB0011635	o-cresol sulfate			""			""			""		Xenobiotics	Benzoate Metabolism	o-cresol sulfate	100001806	36845	FALSE
HMDB0062721	3-ethylphenylsulfate			""			""			""		Xenobiotics	Benzoate Metabolism	3-ethylphenylsulfate	100001808	36848	FALSE
HMDB0003334,HMDB0001539	dimethylarginine (SDMA + ADMA)			""			""			""		Amino Acid	Urea cycle; Arginine and Proline Metabolism	dimethylarginine (SDMA + ADMA)	100001810	36808	FALSE
HMDB0029142	gamma-glutamylalanine			""			""			""		Peptide	Gamma-glutamyl Amino Acid	gamma-glutamylalanine	100001843	37063	FALSE
HMDB0002931	N-acetylserine			""			""			""		Amino Acid	Glycine, Serine and Threonine Metabolism	N-acetylserine	100001851	37076	FALSE
HMDB0008993	1-stearoyl-2-oleoyl-GPE (18:0/18:1)			""			""			""		Lipid	Phosphatidylethanolamine (PE)	1-stearoyl-2-oleoyl-GPE (18:0/18:1)	100001856	42448	FALSE
HMDB0240209	chiro-inositol			""			""			""		Lipid	Inositol Metabolism	chiro-inositol	100001859	37112	FALSE
""	4-allylphenol sulfate			""			""			""		Xenobiotics	Food Component/Plant	4-allylphenol sulfate	100001868	37181	FALSE
HMDB0008048	1-stearoyl-2-arachidonoyl-GPC (18:0/20:4)			""			""			""		Lipid	Phosphatidylcholine (PC)	1-stearoyl-2-arachidonoyl-GPC (18:0/20:4)	100001869	42450	FALSE
HMDB0005322	1-palmitoyl-2-linoleoyl-GPE (16:0/18:2)			""			""			""		Lipid	Phosphatidylethanolamine (PE)	1-palmitoyl-2-linoleoyl-GPE (16:0/18:2)	100001870	42449	FALSE
HMDB0001383	sphinganine-1-phosphate			""			""			""		Lipid	Sphingolipid Synthesis	sphinganine-1-phosphate	100001876	52605	FALSE
""	glycosyl-N-stearoyl-sphingosine (d18:1/18:0)			""			""			""		Lipid	Hexosylceramides (HCER)	glycosyl-N-stearoyl-sphingosine (d18:1/18:0)	100001882	52234	FALSE
HMDB0014704	carbamazepine			""			""			""		Xenobiotics	Drug - Neurological	carbamazepine	100001933	37033	FALSE
HMDB0061717	succinylcarnitine (C4-DC)			""			""			""		Energy	TCA Cycle	succinylcarnitine (C4-DC)	100001948	37058	FALSE
HMDB0240584	bilirubin (E,E)*			""			""			""		Cofactors and Vitamins	Hemoglobin and Porphyrin Metabolism	bilirubin (E,E)*	100001950	32586	FALSE
HMDB0000488	bilirubin (E,Z or Z,E)*			""			""			""		Cofactors and Vitamins	Hemoglobin and Porphyrin Metabolism	bilirubin (E,Z or Z,E)*	100001951	47886	FALSE
HMDB0094696	N-methylproline			""			""			""		Amino Acid	Urea cycle; Arginine and Proline Metabolism	N-methylproline	100001956	37431	FALSE
HMDB0033844	beta-cryptoxanthin			""			""			""		Cofactors and Vitamins	Vitamin A Metabolism	beta-cryptoxanthin	100001977	57591	FALSE
HMDB00493	5alpha-androstan-3beta,17beta-diol disulfate			""			""			""		Lipid	Androgenic Steroids	5alpha-androstan-3beta,17beta-diol disulfate	100001987	37190	FALSE
HMDB0094650	5alpha-pregnan-3beta,20alpha-diol disulfate			""			""			""		Lipid	Progestin Steroids	5alpha-pregnan-3beta,20alpha-diol disulfate	100001988	37198	FALSE
""	glycocholenate sulfate*			""			""			""		Lipid	Secondary Bile Acid Metabolism	glycocholenate sulfate*	100001989	32599	FALSE
""	taurocholenate sulfate*			""			""			""		Lipid	Secondary Bile Acid Metabolism	taurocholenate sulfate*	100001990	32807	FALSE
HMDB0240313	androstenediol (3beta,17beta) disulfate (1)			""			""			""		Lipid	Androgenic Steroids	androstenediol (3beta,17beta) disulfate (1)	100001992	37202	FALSE
""	pregnenediol disulfate (C21H34O8S2)*			""			""			""		Lipid	Pregnenolone Steroids	pregnenediol disulfate (C21H34O8S2)*	100001993	32562	FALSE
HMDB0240313	androstenediol (3beta,17beta) disulfate (2)			""			""			""		Lipid	Androgenic Steroids	androstenediol (3beta,17beta) disulfate (2)	100001994	37203	FALSE
""	21-hydroxypregnenolone disulfate			""			""			""		Lipid	Pregnenolone Steroids	21-hydroxypregnenolone disulfate	100001999	46115	FALSE
HMDB0000412	5alpha-androstan-3alpha,17alpha-diol monosulfate			""			""			""		Lipid	Androgenic Steroids	5alpha-androstan-3alpha,17alpha-diol monosulfate	100002008	37183	FALSE
HMDB0240580	5alpha-pregnan-3beta,20beta-diol monosulfate (1)			""			""			""		Lipid	Progestin Steroids	5alpha-pregnan-3beta,20beta-diol monosulfate (1)	100002009	37196	FALSE
""	5alpha-pregnan-3beta,20alpha-diol monosulfate (2)			""			""			""		Lipid	Progestin Steroids	5alpha-pregnan-3beta,20alpha-diol monosulfate (2)	100002014	37200	FALSE
HMDB0240581,HMDB0240582	5alpha-pregnan-diol disulfate			""			""			""		Lipid	Progestin Steroids	5alpha-pregnan-diol disulfate	100002015	46172	FALSE
HMDB0094682	5alpha-androstan-3alpha,17beta-diol disulfate			""			""			""		Lipid	Androgenic Steroids	5alpha-androstan-3alpha,17beta-diol disulfate	100002017	37184	FALSE
""	5alpha-androstan-3alpha,17beta-diol monosulfate (1)			""			""			""		Lipid	Androgenic Steroids	5alpha-androstan-3alpha,17beta-diol monosulfate (1)	100002018	37186	FALSE
HMDB0094682	5alpha-androstan-3beta,17alpha-diol disulfate			""			""			""		Lipid	Androgenic Steroids	5alpha-androstan-3beta,17alpha-diol disulfate	100002021	37187	FALSE
""	5alpha-androstan-3beta,17beta-diol monosulfate (2)			""			""			""		Lipid	Androgenic Steroids	5alpha-androstan-3beta,17beta-diol monosulfate (2)	100002024	37192	FALSE
""	androstenediol (3alpha, 17alpha) monosulfate (2)			""			""			""		Lipid	Androgenic Steroids	androstenediol (3alpha, 17alpha) monosulfate (2)	100002026	37207	FALSE
""	androstenediol (3alpha, 17alpha) monosulfate (3)			""			""			""		Lipid	Androgenic Steroids	androstenediol (3alpha, 17alpha) monosulfate (3)	100002027	37209	FALSE
HMDB0240429	androstenediol (3beta,17beta) monosulfate (1)			""			""			""		Lipid	Androgenic Steroids	androstenediol (3beta,17beta) monosulfate (1)	100002028	37211	FALSE
HMDB0240429,HMDB0186954	androstenediol (3beta,17beta) monosulfate (2)			""			""			""		Lipid	Androgenic Steroids	androstenediol (3beta,17beta) monosulfate (2)	100002029	37210	FALSE
""	4-hydroxycoumarin			""			""			""		Xenobiotics	Drug - Cardiovascular	4-hydroxycoumarin	100002049	37445	FALSE
HMDB0000774	pregnenediol sulfate (C21H34O5S)*			""			""			""		Lipid	Pregnenolone Steroids	pregnenediol sulfate (C21H34O5S)*	100002067	32619	FALSE
HMDB0059655	2-hydroxyglutarate			""			""			""		Lipid	Fatty Acid, Dicarboxylate	2-hydroxyglutarate	100002070	37253	FALSE
HMDB0001931	gamma-CEHC			""			""			""		Cofactors and Vitamins	Tocopherol Metabolism	gamma-CEHC	100002094	44876	FALSE
HMDB0061880	N-acetyl-beta-alanine			""			""			""		Nucleotide	Pyrimidine Metabolism, Uracil containing	N-acetyl-beta-alanine	100002102	37432	FALSE
HMDB0001087	5-methylthioribose**			""			""			""		Amino Acid	Methionine, Cysteine, SAM and Taurine Metabolism	5-methylthioribose**	100002103	62100	FALSE
HMDB0012101	sphingomyelin (d18:1/18:1, d18:2/18:0)			""			""			""		Lipid	Sphingomyelins	sphingomyelin (d18:1/18:1, d18:2/18:0)	100002106	37529	FALSE
HMDB0010169	palmitoyl sphingomyelin (d18:1/16:0)			""			""			""		Lipid	Sphingomyelins	palmitoyl sphingomyelin (d18:1/16:0)	100002107	37506	FALSE
HMDB0000996	cysteine sulfinic acid			""			""			""		Amino Acid	Methionine, Cysteine, SAM and Taurine Metabolism	cysteine sulfinic acid	100002113	37443	FALSE
HMDB0006116	3-hydroxyhippurate			""			""			""		Xenobiotics	Benzoate Metabolism	3-hydroxyhippurate	100002122	39600	FALSE
HMDB0062544	16alpha-hydroxy DHEA 3-sulfate			""			""			""		Lipid	Androgenic Steroids	16alpha-hydroxy DHEA 3-sulfate	100002126	38168	FALSE
HMDB00416	17alpha-hydroxypregnenolone 3-sulfate			""			""			""		Lipid	Pregnenolone Steroids	17alpha-hydroxypregnenolone 3-sulfate	100002128	37482	FALSE
HMDB0000774	pregnenolone sulfate			""			""			""		Lipid	Pregnenolone Steroids	pregnenolone sulfate	100002129	38170	FALSE
HMDB0002759	andro steroid monosulfate C19H28O6S (1)*			""			""			""		Lipid	Androgenic Steroids	andro steroid monosulfate C19H28O6S (1)*	100002152	32827	FALSE
HMDB0003045	ergothioneine			""			""			""		Xenobiotics	Food Component/Plant	ergothioneine	100002154	37459	FALSE
HMDB0006111	12-HETE			""			""			""		Lipid	Eicosanoid	12-HETE	100002167	37536	FALSE
HMDB0003320	indole-3-carboxylate			""			""			""		Amino Acid	Tryptophan Metabolism	indole-3-carboxylate	100002185	38116	FALSE
HMDB0004670,HMDB0004667	13-HODE + 9-HODE			""			""			""		Lipid	Fatty Acid, Monohydroxy	13-HODE + 9-HODE	100002196	37752	FALSE
HMDB0240341	N-acetyl-3-methylhistidine*			""			""			""		Amino Acid	Histidine Metabolism	N-acetyl-3-methylhistidine*	100002204	43256	FALSE
HMDB0000921	4-cholesten-3-one			""			""			""		Lipid	Sterol	4-cholesten-3-one	100002227	38125	FALSE
HMDB0011107	7-methylurate			""			""			""		Xenobiotics	Xanthine Metabolism	7-methylurate	100002241	39598	FALSE
HMDB0011621	cinnamoylglycine			""			""			""		Xenobiotics	Food Component/Plant	cinnamoylglycine	100002253	38637	FALSE
HMDB0013205	cis-4-decenoylcarnitine (C10:1)			""			""			""		Lipid	Fatty Acid Metabolism (Acyl Carnitine, Monounsaturated)	cis-4-decenoylcarnitine (C10:1)	100002259	38178	FALSE
HMDB0060658	carbamazepine 10,11-epoxide			""			""			""		Xenobiotics	Drug - Neurological	carbamazepine 10,11-epoxide	100002321	37020	FALSE
""	carbamazepine glucuronide*			""			""			""		Xenobiotics	Drug - Neurological	carbamazepine glucuronide*	100002322	37056	FALSE
HMDB0037397	(16 or 17)-methylstearate (a19:0 or i19:0)			""			""			""		Lipid	Fatty Acid, Branched	(16 or 17)-methylstearate (a19:0 or i19:0)	100002356	38296	FALSE
""	1-hydroxy-2-naphthalenecarboxylate			""			""			""		Xenobiotics	Drug - Other	1-hydroxy-2-naphthalenecarboxylate	100002394	38140	FALSE
HMDB0001552	alpha-ketoglutaramate*			""			""			""		Amino Acid	Glutamate Metabolism	alpha-ketoglutaramate*	100002397	62101	FALSE
HMDB0001921	metformin			""			""			""		Xenobiotics	Drug - Metabolic	metformin	100002405	38306	FALSE
HMDB0010343	ibuprofen acyl glucuronide			""			""			""		Xenobiotics	Drug - Analgesics, Anesthetics	ibuprofen acyl glucuronide	100002406	38366	FALSE
HMDB0012141	2,3-dihydroxyisovalerate			""			""			""		Xenobiotics	Food Component/Plant	2,3-dihydroxyisovalerate	100002417	38276	FALSE
HMDB0000481	allopurinol riboside			""			""			""		Xenobiotics	Drug - Metabolic	allopurinol riboside	100002454	38321	FALSE
HMDB0000522	3-methylglutaconate			""			""			""		Amino Acid	Leucine, Isoleucine and Valine Metabolism	3-methylglutaconate	100002458	57747	FALSE
""	5-(galactosylhydroxy)-lysine			""			""			""		Amino Acid	Lysine Metabolism	5-(galactosylhydroxy)-lysine	100002462	43582	FALSE
HMDB0000709	cysteinylglycine disulfide*			""			""			""		Amino Acid	Glutathione Metabolism	cysteinylglycine disulfide*	100002466	62103	FALSE
HMDB0000686	isoursodeoxycholate			""			""			""		Lipid	Secondary Bile Acid Metabolism	isoursodeoxycholate	100002488	57577	FALSE
HMDB0000786	oxypurinol			""			""			""		Xenobiotics	Drug - Metabolic	oxypurinol	100002489	41726	FALSE
HMDB0001212	hydantoin-5-propionate			""			""			""		Amino Acid	Histidine Metabolism	hydantoin-5-propionate	100002514	40473	FALSE
HMDB01448	sulfate*			""			""			""		Xenobiotics	Chemical	sulfate*	100002528	46960	FALSE
HMDB0240259	L-urobilin			""			""			""		Cofactors and Vitamins	Hemoglobin and Porphyrin Metabolism	L-urobilin	100002568	40173	FALSE
HMDB0001390	hydroxycotinine			""			""			""		Xenobiotics	Tobacco Metabolite	hydroxycotinine	100002717	38661	FALSE
HMDB0001913	omeprazole			""			""			""		Xenobiotics	Drug - Gastrointestinal	omeprazole	100002725	38600	FALSE
HMDB0001924	atenolol			""			""			""		Xenobiotics	Drug - Cardiovascular	atenolol	100002726	38658	FALSE
HMDB0001928	hydrochlorothiazide			""			""			""		Xenobiotics	Drug - Cardiovascular	hydrochlorothiazide	100002734	39625	FALSE
HMDB0001930	ranitidine			""			""			""		Xenobiotics	Drug - Gastrointestinal	ranitidine	100002735	38595	FALSE
HMDB0002108	S-methylcysteine			""			""			""		Amino Acid	Methionine, Cysteine, SAM and Taurine Metabolism	S-methylcysteine	100002749	39592	FALSE
HMDB0002829	androsterone glucuronide			""			""			""		Lipid	Androgenic Steroids	androsterone glucuronide	100002761	61846	FALSE
HMDB0003148	argininate*			""			""			""		Amino Acid	Urea cycle; Arginine and Proline Metabolism	argininate*	100002769	57461	FALSE
HMDB0003236	solanidine			""			""			""		Xenobiotics	Food Component/Plant	solanidine	100002773	39788	FALSE
HMDB0004225	2-oxoarginine*			""			""			""		Amino Acid	Urea cycle; Arginine and Proline Metabolism	2-oxoarginine*	100002784	55072	FALSE
HMDB0005006	atorvastatin			""			""			""		Xenobiotics	Drug - Metabolic	atorvastatin	100002802	38619	FALSE
HMDB0005014	celecoxib			""			""			""		Xenobiotics	Drug - Analgesics, Anesthetics	celecoxib	100002805	38599	FALSE
HMDB0005015	gabapentin			""			""			""		Xenobiotics	Drug - Neurological	gabapentin	100002806	38686	FALSE
HMDB0005016	venlafaxine			""			""			""		Xenobiotics	Drug - Psychoactive	venlafaxine	100002807	38623	FALSE
HMDB0010325	ethyl glucuronide			""			""			""		Xenobiotics	Chemical	ethyl glucuronide	100002849	39603	FALSE
HMDB0010405	1-lignoceroyl-GPC (24:0)			""			""			""		Lipid	Lysophospholipid	1-lignoceroyl-GPC (24:0)	100002873	49617	FALSE
HMDB0010407	1-(1-enyl-palmitoyl)-GPC (P-16:0)*			""			""			""		Lipid	Lysoplasmalogen	1-(1-enyl-palmitoyl)-GPC (P-16:0)*	100002875	52474	FALSE
HMDB0000708	glycoursodeoxycholate			""			""			""		Lipid	Secondary Bile Acid Metabolism	glycoursodeoxycholate	100002911	39379	FALSE
HMDB0000874	tauroursodeoxycholate			""			""			""		Lipid	Secondary Bile Acid Metabolism	tauroursodeoxycholate	100002912	39378	FALSE
HMDB0029432	S-methylcysteine sulfoxide			""			""			""		Amino Acid	Methionine, Cysteine, SAM and Taurine Metabolism	S-methylcysteine sulfoxide	100002927	43378	FALSE
HMDB0061859	(14 or 15)-methylpalmitate (a17:0 or i17:0)			""			""			""		Lipid	Fatty Acid, Branched	(14 or 15)-methylpalmitate (a17:0 or i17:0)	100002945	38768	FALSE
""	eicosanedioate (C20-DC)			""			""			""		Lipid	Fatty Acid, Dicarboxylate	eicosanedioate (C20-DC)	100002951	39831	FALSE
""	docosadioate (C22-DC)			""			""			""		Lipid	Fatty Acid, Dicarboxylate	docosadioate (C22-DC)	100002952	39837	FALSE
HMDB0006294	16-hydroxypalmitate			""			""			""		Lipid	Fatty Acid, Monohydroxy	16-hydroxypalmitate	100002953	39609	FALSE
HMDB0014611	quinine			""			""			""		Xenobiotics	Drug - Antibiotic	quinine	100002968	39767	FALSE
HMDB0007219	oleoyl-linoleoyl-glycerol (18:1/18:2) [1]			""			""			""		Lipid	Diacylglycerol	oleoyl-linoleoyl-glycerol (18:1/18:2) [1]	100002989	46798	FALSE
HMDB0007219	oleoyl-linoleoyl-glycerol (18:1/18:2) [2]			""			""			""		Lipid	Diacylglycerol	oleoyl-linoleoyl-glycerol (18:1/18:2) [2]	100002990	46799	FALSE
HMDB0011152	1-(1-enyl-palmitoyl)-GPE (P-16:0)*			""			""			""		Lipid	Lysoplasmalogen	1-(1-enyl-palmitoyl)-GPE (P-16:0)*	100003000	39270	FALSE
HMDB0240598	1-(1-enyl-stearoyl)-GPE (P-18:0)*			""			""			""		Lipid	Lysoplasmalogen	1-(1-enyl-stearoyl)-GPE (P-18:0)*	100003001	39271	FALSE
HMDB0014399	doxycycline			""			""			""		Xenobiotics	Drug - Antibiotic	doxycycline	100003009	39273	FALSE
""	N-oleoyltaurine			""			""			""		Lipid	Endocannabinoid	N-oleoyltaurine	100003119	39732	FALSE
HMDB0006469	linoleoylcarnitine (C18:2)*			""			""			""		Lipid	Fatty Acid Metabolism (Acyl Carnitine, Polyunsaturated)	linoleoylcarnitine (C18:2)*	100003151	46223	FALSE
HMDB0028907	isoleucylglycine			""			""			""		Peptide	Dipeptide	isoleucylglycine	100003169	40008	FALSE
HMDB0028922	leucylalanine			""			""			""		Peptide	Dipeptide	leucylalanine	100003179	40010	FALSE
HMDB0028929	leucylglycine			""			""			""		Peptide	Dipeptide	leucylglycine	100003185	40045	FALSE
""	N-stearoyltaurine			""			""			""		Lipid	Endocannabinoid	N-stearoyltaurine	100003240	39730	FALSE
HMDB0002201	carboxyethyl-GABA			""			""			""		Amino Acid	Glutamate Metabolism	carboxyethyl-GABA	100003260	40007	FALSE
""	beta-citrylglutamate			""			""			""		Amino Acid	Glutamate Metabolism	beta-citrylglutamate	100003271	54923	FALSE
HMDB0000925	trimethylamine N-oxide			""			""			""		Lipid	Phospholipid Metabolism	trimethylamine N-oxide	100003397	40406	FALSE
HMDB0062121	dihydroferulate			""			""			""		Xenobiotics	Food Component/Plant	dihydroferulate	100003432	40481	FALSE
HMDB0002271	imidazole propionate			""			""			""		Amino Acid	Histidine Metabolism	imidazole propionate	100003434	40730	FALSE
HMDB0005028	citalopram/escitalopram			""			""			""		Xenobiotics	Drug - Psychoactive	citalopram/escitalopram	100003444	40459	FALSE
HMDB0010318	pregnanediol-3-glucuronide			""			""			""		Lipid	Progestin Steroids	pregnanediol-3-glucuronide	100003470	40708	FALSE
HMDB0028995	phenylalanylglycine			""			""			""		Peptide	Dipeptide	phenylalanylglycine	100003588	41370	FALSE
HMDB0029127	valylglycine			""			""			""		Peptide	Dipeptide	valylglycine	100003641	40475	FALSE
HMDB0011178	prolylglycine			""			""			""		Peptide	Dipeptide	prolylglycine	100003674	40703	FALSE
HMDB0013034	N-palmitoylglycine			""			""			""		Lipid	Fatty Acid Metabolism (Acyl Glycine)	N-palmitoylglycine	100003686	42092	FALSE
""	succinimide			""			""			""		Xenobiotics	Chemical	succinimide	100003696	41888	FALSE
""	lanthionine			""			""			""		Amino Acid	Methionine, Cysteine, SAM and Taurine Metabolism	lanthionine	100003892	42002	FALSE
HMDB0011129	2-stearoyl-GPE (18:0)*			""			""			""		Lipid	Lysophospholipid	2-stearoyl-GPE (18:0)*	100003901	41220	FALSE
HMDB0013127	(R)-3-hydroxybutyrylcarnitine			""			""			""		Lipid	Fatty Acid Metabolism (Acyl Carnitine, Hydroxy)	(R)-3-hydroxybutyrylcarnitine	100003926	43264	FALSE
HMDB0014487	diltiazem			""			""			""		Xenobiotics	Drug - Cardiovascular	diltiazem	100004015	42981	FALSE
HMDB0013962	verapamil			""			""			""		Xenobiotics	Drug - Cardiovascular	verapamil	100004028	42990	FALSE
HMDB0012881	N-acetylcarnosine			""			""			""		Amino Acid	Histidine Metabolism	N-acetylcarnosine	100004046	43488	FALSE
HMDB0006210	margaroylcarnitine (C17)*			""			""			""		Lipid	Fatty Acid Metabolism (Acyl Carnitine, Long Chain Saturated)	margaroylcarnitine (C17)*	100004054	57512	FALSE
""	N-methyltaurine			""			""			""		Amino Acid	Methionine, Cysteine, SAM and Taurine Metabolism	N-methyltaurine	100004056	42989	FALSE
HMDB0000138	glycohyocholate			""			""			""		Lipid	Secondary Bile Acid Metabolism	glycohyocholate	100004083	42574	FALSE
HMDB0001358	retinal			""			""			""		Cofactors and Vitamins	Vitamin A Metabolism	retinal	100004088	40807	FALSE
HMDB0094656	2-hydroxydecanoate			""			""			""		Lipid	Fatty Acid, Monohydroxy	2-hydroxydecanoate	100004089	42489	FALSE
HMDB0240459	4-methylcatechol sulfate			""			""			""		Xenobiotics	Benzoate Metabolism	4-methylcatechol sulfate	100004111	46146	FALSE
""	3-methyl catechol sulfate (1)			""			""			""		Xenobiotics	Benzoate Metabolism	3-methyl catechol sulfate (1)	100004112	46165	FALSE
HMDB0060920	2-hydroxyibuprofen			""			""			""		Xenobiotics	Drug - Analgesics, Anesthetics	2-hydroxyibuprofen	100004169	43330	FALSE
HMDB0060564	carboxyibuprofen			""			""			""		Xenobiotics	Drug - Analgesics, Anesthetics	carboxyibuprofen	100004171	43333	FALSE
HMDB0015646	O-desmethylvenlafaxine			""			""			""		Xenobiotics	Drug - Psychoactive	O-desmethylvenlafaxine	100004173	43334	FALSE
HMDB0001935	warfarin			""			""			""		Xenobiotics	Drug - Cardiovascular	warfarin	100004175	43335	FALSE
""	ketopioglitazone			""			""			""		Xenobiotics	Drug - Metabolic	ketopioglitazone	100004176	43579	FALSE
""	hydroxypioglitazone (M-IV)			""			""			""		Xenobiotics	Drug - Metabolic	hydroxypioglitazone (M-IV)	100004177	43580	FALSE
HMDB0000308	3beta-hydroxy-5-cholenoate			""			""			""		Lipid	Secondary Bile Acid Metabolism	3beta-hydroxy-5-cholenoate	100004182	43507	FALSE
HMDB0000434	homoveratric acid			""			""			""		Xenobiotics	Drug - Neurological	homoveratric acid	100004189	43508	FALSE
HMDB0000543	4-phenylbutyrate			""			""			""		Xenobiotics	Drug - Other	4-phenylbutyrate	100004197	43337	FALSE
HMDB0060013	guaiacol sulfate			""			""			""		Xenobiotics	Benzoate Metabolism	guaiacol sulfate	100004208	46111	FALSE
HMDB0000991	2-aminooctanoate			""			""			""		Lipid	Fatty Acid, Amino	2-aminooctanoate	100004227	43343	FALSE
HMDB0001933	furosemide			""			""			""		Xenobiotics	Drug - Cardiovascular	furosemide	100004241	43009	FALSE
""	gamma-CEHC glucuronide*			""			""			""		Cofactors and Vitamins	Tocopherol Metabolism	gamma-CEHC glucuronide*	100004243	42381	FALSE
HMDB0061116	2-aminophenol sulfate			""			""			""		Xenobiotics	Food Component/Plant	2-aminophenol sulfate	100004322	43266	FALSE
""	3-acetylphenol sulfate			""			""			""		Xenobiotics	Chemical	3-acetylphenol sulfate	100004326	48693	FALSE
HMDB0012097	sphingomyelin (d18:1/14:0, d16:1/16:0)*			""			""			""		Lipid	Sphingomyelins	sphingomyelin (d18:1/14:0, d16:1/16:0)*	100004328	42463	FALSE
HMDB0240638,HMDB0240613	sphingomyelin (d18:2/16:0, d18:1/16:1)*			""			""			""		Lipid	Sphingomyelins	sphingomyelin (d18:2/16:0, d18:1/16:1)*	100004329	42459	FALSE
HMDB0000345	3-hydroxyadipate			""			""			""		Lipid	Fatty Acid, Dicarboxylate	3-hydroxyadipate	100004396	62069	FALSE
HMDB0062312	1-arachidonoyl-GPA (20:4)			""			""			""		Lipid	Lysophospholipid	1-arachidonoyl-GPA (20:4)	100004442	46325	FALSE
HMDB0001204	3-hydroxycotinine glucuronide			""			""			""		Xenobiotics	Tobacco Metabolite	3-hydroxycotinine glucuronide	100004494	43470	FALSE
HMDB0061705	6-oxopiperidine-2-carboxylate			""			""			""		Amino Acid	Lysine Metabolism	6-oxopiperidine-2-carboxylate	100004499	43231	FALSE
HMDB0034323	S-allylcysteine			""			""			""		Xenobiotics	Food Component/Plant	S-allylcysteine	100004509	43239	FALSE
HMDB0014581	allopurinol			""			""			""		Xenobiotics	Drug - Metabolic	allopurinol	100004518	43534	FALSE
HMDB0003357	N-delta-acetylornithine			""			""			""		Amino Acid	Urea cycle; Arginine and Proline Metabolism	N-delta-acetylornithine	100004523	43249	FALSE
HMDB0061384	acisoga			""			""			""		Amino Acid	Polyamine Metabolism	acisoga	100004541	43258	FALSE
HMDB0004089	N-formylanthranilic acid			""			""			""		Amino Acid	Tryptophan Metabolism	N-formylanthranilic acid	100004561	43549	FALSE
HMDB0240345	N2,N5-diacetylornithine			""			""			""		Amino Acid	Urea cycle; Arginine and Proline Metabolism	N2,N5-diacetylornithine	100004575	43591	FALSE
""	1H-indole-7-acetic acid			""			""			""		Xenobiotics	Bacterial/Fungal	1H-indole-7-acetic acid	100004601	57783	FALSE
""	3-methoxytyramine sulfate			""			""			""		Amino Acid	Tyrosine Metabolism	3-methoxytyramine sulfate	100004634	44618	FALSE
HMDB0062174	methionine sulfone			""			""			""		Amino Acid	Methionine, Cysteine, SAM and Taurine Metabolism	methionine sulfone	100004635	44878	FALSE
HMDB0010388	1-linolenoyl-GPC (18:3)*			""			""			""		Lipid	Lysophospholipid	1-linolenoyl-GPC (18:3)*	100005350	45951	FALSE
""	N-acetylalliin			""			""			""		Xenobiotics	Food Component/Plant	N-acetylalliin	100005367	45404	FALSE
""	1-(1-enyl-oleoyl)-GPE (P-18:1)*			""			""			""		Lipid	Lysoplasmalogen	1-(1-enyl-oleoyl)-GPE (P-18:1)*	100005372	44621	FALSE
""	N-methylpipecolate			""			""			""		Xenobiotics	Bacterial/Fungal	N-methylpipecolate	100005383	47101	FALSE
HMDB0155722	O-sulfo-tyrosine			""			""			""		Xenobiotics	Chemical	O-sulfo-tyrosine	100005384	45413	FALSE
HMDB0029200	ferulic acid 4-sulfate			""			""			""		Xenobiotics	Food Component/Plant	ferulic acid 4-sulfate	100005389	47114	FALSE
HMDB0094710	3-(3-hydroxyphenyl)propionate sulfate			""			""			""		Xenobiotics	Benzoate Metabolism	3-(3-hydroxyphenyl)propionate sulfate	100005391	45415	FALSE
HMDB0004484	etiocholanolone glucuronide			""			""			""		Lipid	Androgenic Steroids	etiocholanolone glucuronide	100005403	47112	FALSE
HMDB0240253	N-acetyltaurine			""			""			""		Amino Acid	Methionine, Cysteine, SAM and Taurine Metabolism	N-acetyltaurine	100005466	48187	FALSE
HMDB0240602	1-oleoyl-GPG (18:1)*			""			""			""		Lipid	Lysophospholipid	1-oleoyl-GPG (18:1)*	100005716	45968	FALSE
HMDB0240601	1-palmitoyl-GPG (16:0)*			""			""			""		Lipid	Lysophospholipid	1-palmitoyl-GPG (16:0)*	100005717	45970	FALSE
HMDB0061661	9-hydroxystearate			""			""			""		Lipid	Fatty Acid, Monohydroxy	9-hydroxystearate	100005834	47120	FALSE
HMDB0000552	3-methylglutarylcarnitine (2)			""			""			""		Amino Acid	Leucine, Isoleucine and Valine Metabolism	3-methylglutarylcarnitine (2)	100005850	46548	FALSE
HMDB0029965	methyl glucopyranoside (alpha + beta)			""			""			""		Xenobiotics	Food Component/Plant	methyl glucopyranoside (alpha + beta)	100005864	46144	FALSE
""	o-hydroxyatorvastatin			""			""			""		Xenobiotics	Drug - Metabolic	o-hydroxyatorvastatin	100005933	47883	FALSE
""	p-hydroxyatorvastatin			""			""			""		Xenobiotics	Drug - Metabolic	p-hydroxyatorvastatin	100005939	47881	FALSE
HMDB0001353	2-keto-3-deoxy-gluconate			""			""			""		Xenobiotics	Food Component/Plant	2-keto-3-deoxy-gluconate	100005946	48141	FALSE
""	alpha-CEHC sulfate			""			""			""		Cofactors and Vitamins	Tocopherol Metabolism	alpha-CEHC sulfate	100005972	47666	FALSE
HMDB0240637,HMDB0240612	sphingomyelin (d18:2/14:0, d18:1/14:1)*			""			""			""		Lipid	Sphingomyelins	sphingomyelin (d18:2/14:0, d18:1/14:1)*	100005985	47154	FALSE
HMDB0012107	sphingomyelin (d18:1/24:1, d18:2/24:0)*			""			""			""		Lipid	Sphingomyelins	sphingomyelin (d18:1/24:1, d18:2/24:0)*	100005986	47153	FALSE
""	octadecenedioylcarnitine (C18:1-DC)*			""			""			""		Lipid	Fatty Acid Metabolism (Acyl Carnitine, Dicarboxylate)	octadecenedioylcarnitine (C18:1-DC)*	100005996	61865	FALSE
""	octadecanedioylcarnitine (C18-DC)*			""			""			""		Lipid	Fatty Acid Metabolism (Acyl Carnitine, Dicarboxylate)	octadecanedioylcarnitine (C18-DC)*	100005998	61867	FALSE
""	5alpha-androstan-3alpha,17beta-diol monosulfate (2)			""			""			""		Lipid	Androgenic Steroids	5alpha-androstan-3alpha,17beta-diol monosulfate (2)	100006005	37185	FALSE
HMDB0240588	myristoleoylcarnitine (C14:1)*			""			""			""		Lipid	Fatty Acid Metabolism (Acyl Carnitine, Monounsaturated)	myristoleoylcarnitine (C14:1)*	100006051	48182	FALSE
HMDB0240317	N-formylphenylalanine			""			""			""		Amino Acid	Tyrosine Metabolism	N-formylphenylalanine	100006056	48433	FALSE
HMDB0240624	4-hydroxychlorothalonil			""			""			""		Xenobiotics	Chemical	4-hydroxychlorothalonil	100006082	48441	FALSE
""	isoeugenol sulfate			""			""			""		Xenobiotics	Food Component/Plant	isoeugenol sulfate	100006089	48997	FALSE
HMDB0006409	tyramine O-sulfate			""			""			""		Amino Acid	Tyrosine Metabolism	tyramine O-sulfate	100006092	48408	FALSE
""	3-hydroxypyridine sulfate			""			""			""		Xenobiotics	Chemical	3-hydroxypyridine sulfate	100006098	48448	FALSE
""	3-hydroxyindolin-2-one sulfate			""			""			""		Xenobiotics	Food Component/Plant	3-hydroxyindolin-2-one sulfate	100006103	48419	FALSE
""	4-methylguaiacol sulfate			""			""			""		Xenobiotics	Benzoate Metabolism	4-methylguaiacol sulfate	100006105	48418	FALSE
""	phenylacetylcarnitine			""			""			""		Peptide	Acetylated Peptides	phenylacetylcarnitine	100006108	48425	FALSE
HMDB0000539	arabonate/xylonate			""			""			""		Carbohydrate	Pentose Metabolism	arabonate/xylonate	100006115	48255	FALSE
HMDB0041646	methyl-4-hydroxybenzoate sulfate			""			""			""		Xenobiotics	Benzoate Metabolism	methyl-4-hydroxybenzoate sulfate	100006116	48429	FALSE
HMDB0011577	1-dihomo-linolenylglycerol (20:3)			""			""			""		Lipid	Monoacylglycerol	1-dihomo-linolenylglycerol (20:3)	100006121	48341	FALSE
HMDB0127980	4-vinylguaiacol sulfate			""			""			""		Xenobiotics	Food Component/Plant	4-vinylguaiacol sulfate	100006126	48442	FALSE
HMDB0000913	vanillactate			""			""			""		Amino Acid	Tyrosine Metabolism	vanillactate	100006129	54910	FALSE
HMDB0135245	eugenol sulfate			""			""			""		Xenobiotics	Food Component/Plant	eugenol sulfate	100006171	48715	FALSE
""	2-methoxyresorcinol sulfate			""			""			""		Xenobiotics	Chemical	2-methoxyresorcinol sulfate	100006184	48445	FALSE
HMDB0014934	candesartan			""			""			""		Xenobiotics	Drug - Cardiovascular	candesartan	100006187	54749	FALSE
""	2-acetamidophenol sulfate			""			""			""		Xenobiotics	Food Component/Plant	2-acetamidophenol sulfate	100006190	48580	FALSE
HMDB0011686	p-cresol glucuronide*			""			""			""		Amino Acid	Tyrosine Metabolism	p-cresol glucuronide*	100006191	48841	FALSE
HMDB0033585	acesulfame			""			""			""		Xenobiotics	Food Component/Plant	acesulfame	100006203	48569	FALSE
HMDB0032574	propyl 4-hydroxybenzoate			""			""			""		Xenobiotics	Benzoate Metabolism	propyl 4-hydroxybenzoate	100006205	48480	FALSE
HMDB0014928	perindopril			""			""			""		Xenobiotics	Drug - Cardiovascular	perindopril	100006237	52372	FALSE
HMDB0014580	bendroflumethiazide			""			""			""		Xenobiotics	Drug - Cardiovascular	bendroflumethiazide	100006238	52376	FALSE
HMDB0000682	6-hydroxyindole sulfate			""			""			""		Xenobiotics	Chemical	6-hydroxyindole sulfate	100006260	48698	FALSE
""	4-methoxyphenol sulfate			""			""			""		Amino Acid	Tyrosine Metabolism	4-methoxyphenol sulfate	100006262	48457	FALSE
HMDB0135261	propyl 4-hydroxybenzoate sulfate			""			""			""		Xenobiotics	Benzoate Metabolism	propyl 4-hydroxybenzoate sulfate	100006264	48460	FALSE
HMDB0240565	umbelliferone sulfate			""			""			""		Xenobiotics	Food Component/Plant	umbelliferone sulfate	100006282	48674	FALSE
HMDB0012102	sphingomyelin (d18:1/20:0, d16:1/22:0)*			""			""			""		Lipid	Sphingomyelins	sphingomyelin (d18:1/20:0, d16:1/22:0)*	100006290	48490	FALSE
HMDB0240610,HMDB0240632	sphingomyelin (d18:1/20:1, d18:2/20:0)*			""			""			""		Lipid	Sphingomyelins	sphingomyelin (d18:1/20:1, d18:2/20:0)*	100006292	48491	FALSE
""	sphingomyelin (d18:1/20:2, d18:2/20:1, d16:1/22:2)*			""			""			""		Lipid	Sphingomyelins	sphingomyelin (d18:1/20:2, d18:2/20:1, d16:1/22:2)*	100006293	57481	FALSE
HMDB0012103	behenoyl sphingomyelin (d18:1/22:0)*			""			""			""		Lipid	Sphingomyelins	behenoyl sphingomyelin (d18:1/22:0)*	100006294	48492	FALSE
HMDB0012104	sphingomyelin (d18:1/22:1, d18:2/22:0, d16:1/24:1)*			""			""			""		Lipid	Sphingomyelins	sphingomyelin (d18:1/22:1, d18:2/22:0, d16:1/24:1)*	100006295	48493	FALSE
HMDB0240670,HMDB0240672,HMDB0240669	sphingomyelin (d18:1/22:2, d18:2/22:1, d16:1/24:2)*			""			""			""		Lipid	Sphingomyelins	sphingomyelin (d18:1/22:2, d18:2/22:1, d16:1/24:2)*	100006296	57477	FALSE
HMDB0011697	lignoceroyl sphingomyelin (d18:1/24:0)			""			""			""		Lipid	Sphingomyelins	lignoceroyl sphingomyelin (d18:1/24:0)	100006298	57330	FALSE
HMDB0240617,HMDB0240608	sphingomyelin (d17:1/16:0, d18:1/15:0, d16:1/17:0)*			""			""			""		Lipid	Sphingomyelins	sphingomyelin (d17:1/16:0, d18:1/15:0, d16:1/17:0)*	100006314	52433	FALSE
HMDB0011557	2-docosahexaenoylglycerol (22:6)*			""			""			""		Lipid	Monoacylglycerol	2-docosahexaenoylglycerol (22:6)*	100006352	48675	FALSE
HMDB0006275	dopamine 3-O-sulfate			""			""			""		Amino Acid	Tyrosine Metabolism	dopamine 3-O-sulfate	100006361	48407	FALSE
""	daidzein sulfate (2)			""			""			""		Xenobiotics	Food Component/Plant	daidzein sulfate (2)	100006363	48728	FALSE
HMDB0061652,HMDB0010718	3-hydroxyhexanoate			""			""			""		Lipid	Fatty Acid, Monohydroxy	3-hydroxyhexanoate	100006367	53230	FALSE
""	N-carbamoylalanine			""			""			""		Amino Acid	Alanine and Aspartate Metabolism	N-carbamoylalanine	100006369	52340	FALSE
HMDB0012453	3beta-hydroxy-5-cholestenoate			""			""			""		Lipid	Sterol	3beta-hydroxy-5-cholestenoate	100006370	54805	FALSE
HMDB0060018,HMDB0060016	1,2,3-benzenetriol sulfate (2)			""			""			""		Xenobiotics	Chemical	1,2,3-benzenetriol sulfate (2)	100006374	48762	FALSE
""	3-methoxycatechol sulfate (1)			""			""			""		Xenobiotics	Benzoate Metabolism	3-methoxycatechol sulfate (1)	100006375	48763	FALSE
""	3-methoxycatechol sulfate (2)			""			""			""		Xenobiotics	Benzoate Metabolism	3-methoxycatechol sulfate (2)	100006376	48752	FALSE
HMDB0240342	N-acetylkynurenine (2)			""			""			""		Amino Acid	Tryptophan Metabolism	N-acetylkynurenine (2)	100006378	48757	FALSE
HMDB0240296	C-glycosyltryptophan			""			""			""		Amino Acid	Tryptophan Metabolism	C-glycosyltryptophan	100006379	48782	FALSE
HMDB0014339	tramadol			""			""			""		Xenobiotics	Drug - Analgesics, Anesthetics	tramadol	100006381	53241	FALSE
HMDB0060997	O-desmethyltramadol			""			""			""		Xenobiotics	Drug - Analgesics, Anesthetics	O-desmethyltramadol	100006382	53239	FALSE
HMDB0060856	O-desmethyltramadol glucuronide			""			""			""		Xenobiotics	Drug - Analgesics, Anesthetics	O-desmethyltramadol glucuronide	100006383	52357	FALSE
HMDB0061007	N-desmethyl tramadol			""			""			""		Xenobiotics	Drug - Analgesics, Anesthetics	N-desmethyl tramadol	100006384	52355	FALSE
HMDB0001851,HMDB0000568,HMDB0002917	arabitol/xylitol			""			""			""		Carbohydrate	Pentose Metabolism	arabitol/xylitol	100006430	48885	FALSE
HMDB0000212,HMDB0000215	N-acetylglucosamine/N-acetylgalactosamine			""			""			""		Carbohydrate	Aminosugar Metabolism	N-acetylglucosamine/N-acetylgalactosamine	100006435	46539	FALSE
HMDB0061677	adipoylcarnitine (C6-DC)			""			""			""		Lipid	Fatty Acid Metabolism (Acyl Carnitine, Dicarboxylate)	adipoylcarnitine (C6-DC)	100006614	52988	FALSE
""	suberoylcarnitine (C8-DC)			""			""			""		Lipid	Fatty Acid Metabolism (Acyl Carnitine, Dicarboxylate)	suberoylcarnitine (C8-DC)	100006627	52990	FALSE
HMDB0002409,HMDB0002496,HMDB0002497	glycochenodeoxycholate 3-sulfate			""			""			""		Lipid	Primary Bile Acid Metabolism	glycochenodeoxycholate 3-sulfate	100006641	52974	FALSE
""	glycodeoxycholate 3-sulfate			""			""			""		Lipid	Secondary Bile Acid Metabolism	glycodeoxycholate 3-sulfate	100006642	52975	FALSE
""	trans-3,4-methyleneheptanoate			""			""			""		Xenobiotics	Food Component/Plant	trans-3,4-methyleneheptanoate	100006651	53026	FALSE
HMDB0060014	phenol glucuronide			""			""			""		Amino Acid	Tyrosine Metabolism	phenol glucuronide	100006679	52747	FALSE
HMDB0012252	linoleoyl ethanolamide			""			""			""		Lipid	Endocannabinoid	linoleoyl ethanolamide	100006726	52608	FALSE
HMDB0008138	1,2-dilinoleoyl-GPC (18:2/18:2)			""			""			""		Lipid	Phosphatidylcholine (PC)	1,2-dilinoleoyl-GPC (18:2/18:2)	100008903	52603	FALSE
HMDB0008038	1-stearoyl-2-oleoyl-GPC (18:0/18:1)			""			""			""		Lipid	Phosphatidylcholine (PC)	1-stearoyl-2-oleoyl-GPC (18:0/18:1)	100008904	52438	FALSE
HMDB0007982	1-palmitoyl-2-arachidonoyl-GPC (16:0/20:4n6)			""			""			""		Lipid	Phosphatidylcholine (PC)	1-palmitoyl-2-arachidonoyl-GPC (16:0/20:4n6)	100008914	52462	FALSE
HMDB0007991	1-palmitoyl-2-docosahexaenoyl-GPC (16:0/22:6)			""			""			""		Lipid	Phosphatidylcholine (PC)	1-palmitoyl-2-docosahexaenoyl-GPC (16:0/22:6)	100008915	52610	FALSE
HMDB0008057	1-stearoyl-2-docosahexaenoyl-GPC (18:0/22:6)			""			""			""		Lipid	Phosphatidylcholine (PC)	1-stearoyl-2-docosahexaenoyl-GPC (18:0/22:6)	100008916	52611	FALSE
HMDB0011375	1-(1-enyl-stearoyl)-2-oleoyl-GPE (P-18:0/18:1)			""			""			""		Lipid	Plasmalogen	1-(1-enyl-stearoyl)-2-oleoyl-GPE (P-18:0/18:1)	100008919	52614	FALSE
HMDB0240620,HMDB0240609,HMDB0240622	sphingomyelin (d18:1/17:0, d17:1/18:0, d19:1/16:0)			""			""			""		Lipid	Sphingomyelins	sphingomyelin (d18:1/17:0, d17:1/18:0, d19:1/16:0)	100008920	52615	FALSE
HMDB0007970	1-palmitoyl-2-stearoyl-GPC (16:0/18:0)			""			""			""		Lipid	Phosphatidylcholine (PC)	1-palmitoyl-2-stearoyl-GPC (16:0/18:0)	100008921	52616	FALSE
HMDB0000729,HMDB00008	2-hydroxybutyrate/2-hydroxyisobutyrate			""			""			""		Amino Acid	Glutathione Metabolism	2-hydroxybutyrate/2-hydroxyisobutyrate	100008928	52281	FALSE
HMDB0003518,HMDB0000379	2-methylcitrate/homocitrate			""			""			""		Energy	TCA Cycle	2-methylcitrate/homocitrate	100008929	52282	FALSE
HMDB0003231,HMDB0000573,HMDB0240219,HMDB0000207	oleate/vaccenate (18:1)			""			""			""		Lipid	Long Chain Monounsaturated Fatty Acid	oleate/vaccenate (18:1)	100008930	52285	FALSE
HMDB0010319	indoxyl glucuronide			""			""			""		Amino Acid	Tryptophan Metabolism	indoxyl glucuronide	100008931	52749	FALSE
HMDB10737	3-hydroxystearate			""			""			""		Lipid	Fatty Acid, Monohydroxy	3-hydroxystearate	100008933	52938	FALSE
""	2-hydroxylaurate			""			""			""		Lipid	Fatty Acid, Monohydroxy	2-hydroxylaurate	100008934	52916	FALSE
HMDB0014375	pregabalin			""			""			""		Xenobiotics	Drug - Neurological	pregabalin	100008943	52913	FALSE
""	rivaroxaban			""			""			""		Xenobiotics	Drug - Cardiovascular	rivaroxaban	100008950	52958	FALSE
HMDB0011565	1-palmitoleoylglycerol (16:1)*			""			""			""		Lipid	Monoacylglycerol	1-palmitoleoylglycerol (16:1)*	100008952	52431	FALSE
HMDB0011534	2-palmitoleoylglycerol (16:1)*			""			""			""		Lipid	Monoacylglycerol	2-palmitoleoylglycerol (16:1)*	100008953	52432	FALSE
HMDB0010168	palmitoyl dihydrosphingomyelin (d18:0/16:0)*			""			""			""		Lipid	Dihydrosphingomyelins	palmitoyl dihydrosphingomyelin (d18:0/16:0)*	100008954	52434	FALSE
HMDB0012105	tricosanoyl sphingomyelin (d18:1/23:0)*			""			""			""		Lipid	Sphingomyelins	tricosanoyl sphingomyelin (d18:1/23:0)*	100008955	52436	FALSE
HMDB0240634,HMDB0011696,HMDB0240614	sphingomyelin (d18:2/23:0, d18:1/23:1, d17:1/24:1)*			""			""			""		Lipid	Sphingomyelins	sphingomyelin (d18:2/23:0, d18:1/23:1, d17:1/24:1)*	100008956	52435	FALSE
HMDB0240636,HMDB0240615	sphingomyelin (d18:2/24:1, d18:1/24:2)*			""			""			""		Lipid	Sphingomyelins	sphingomyelin (d18:2/24:1, d18:1/24:2)*	100008957	52437	FALSE
HMDB0015193	amoxicillin			""			""			""		Xenobiotics	Drug - Antibiotic	amoxicillin	100008962	52948	FALSE
HMDB0015390	sitagliptin			""			""			""		Xenobiotics	Drug - Metabolic	sitagliptin	100008964	52954	FALSE
HMDB0005039	sildenafil			""			""			""		Xenobiotics	Drug - Cardiovascular	sildenafil	100008971	52961	FALSE
HMDB0014958	tadalafil			""			""			""		Xenobiotics	Drug - Cardiovascular	tadalafil	100008974	52950	FALSE
HMDB0008994	1-stearoyl-2-linoleoyl-GPE (18:0/18:2)*			""			""			""		Lipid	Phosphatidylethanolamine (PE)	1-stearoyl-2-linoleoyl-GPE (18:0/18:2)*	100008976	52446	FALSE
HMDB0009003	1-stearoyl-2-arachidonoyl-GPE (18:0/20:4)			""			""			""		Lipid	Phosphatidylethanolamine (PE)	1-stearoyl-2-arachidonoyl-GPE (18:0/20:4)	100008977	52447	FALSE
HMDB0008039	1-stearoyl-2-linoleoyl-GPC (18:0/18:2)*			""			""			""		Lipid	Phosphatidylcholine (PC)	1-stearoyl-2-linoleoyl-GPC (18:0/18:2)*	100008980	52452	FALSE
HMDB0007969	1-palmitoyl-2-palmitoleoyl-GPC (16:0/16:1)*			""			""			""		Lipid	Phosphatidylcholine (PC)	1-palmitoyl-2-palmitoleoyl-GPC (16:0/16:1)*	100008984	52470	FALSE
""	1-palmitoyl-2-dihomo-linolenoyl-GPC (16:0/20:3n3 or 6)*			""			""			""		Lipid	Phosphatidylcholine (PC)	1-palmitoyl-2-dihomo-linolenoyl-GPC (16:0/20:3n3 or 6)*	100008985	52454	FALSE
HMDB0005323	1-palmitoyl-2-arachidonoyl-GPE (16:0/20:4)*			""			""			""		Lipid	Phosphatidylethanolamine (PE)	1-palmitoyl-2-arachidonoyl-GPE (16:0/20:4)*	100008990	52464	FALSE
HMDB0008946	1-palmitoyl-2-docosahexaenoyl-GPE (16:0/22:6)*			""			""			""		Lipid	Phosphatidylethanolamine (PE)	1-palmitoyl-2-docosahexaenoyl-GPE (16:0/22:6)*	100008991	52465	FALSE
HMDB0009012	1-stearoyl-2-docosahexaenoyl-GPE (18:0/22:6)*			""			""			""		Lipid	Phosphatidylethanolamine (PE)	1-stearoyl-2-docosahexaenoyl-GPE (18:0/22:6)*	100008992	52466	FALSE
HMDB0009789	1-palmitoyl-2-arachidonoyl-GPI (16:0/20:4)*			""			""			""		Lipid	Phosphatidylinositol (PI)	1-palmitoyl-2-arachidonoyl-GPI (16:0/20:4)*	100008993	52467	FALSE
HMDB0009809	1-stearoyl-2-linoleoyl-GPI (18:0/18:2)			""			""			""		Lipid	Phosphatidylinositol (PI)	1-stearoyl-2-linoleoyl-GPI (18:0/18:2)	100008994	52468	FALSE
HMDB0006335,HMDB0001492	gamma-tocopherol/beta-tocopherol			""			""			""		Cofactors and Vitamins	Tocopherol Metabolism	gamma-tocopherol/beta-tocopherol	100008998	52473	FALSE
HMDB0005779	1-(1-enyl-stearoyl)-2-arachidonoyl-GPE (P-18:0/20:4)*			""			""			""		Lipid	Plasmalogen	1-(1-enyl-stearoyl)-2-arachidonoyl-GPE (P-18:0/20:4)*	100008999	52475	FALSE
HMDB0011352	1-(1-enyl-palmitoyl)-2-arachidonoyl-GPE (P-16:0/20:4)*			""			""			""		Lipid	Plasmalogen	1-(1-enyl-palmitoyl)-2-arachidonoyl-GPE (P-16:0/20:4)*	100009002	52673	FALSE
HMDB0011342	1-(1-enyl-palmitoyl)-2-oleoyl-GPE (P-16:0/18:1)*			""			""			""		Lipid	Plasmalogen	1-(1-enyl-palmitoyl)-2-oleoyl-GPE (P-16:0/18:1)*	100009005	52477	FALSE
HMDB0007996	1-(1-enyl-palmitoyl)-2-oleoyl-GPC (P-16:0/18:1)*			""			""			""		Lipid	Plasmalogen	1-(1-enyl-palmitoyl)-2-oleoyl-GPC (P-16:0/18:1)*	100009007	52478	FALSE
HMDB0011211	1-(1-enyl-palmitoyl)-2-linoleoyl-GPC (P-16:0/18:2)*			""			""			""		Lipid	Plasmalogen	1-(1-enyl-palmitoyl)-2-linoleoyl-GPC (P-16:0/18:2)*	100009009	52682	FALSE
HMDB0011220	1-(1-enyl-palmitoyl)-2-arachidonoyl-GPC (P-16:0/20:4)*			""			""			""		Lipid	Plasmalogen	1-(1-enyl-palmitoyl)-2-arachidonoyl-GPC (P-16:0/20:4)*	100009014	52689	FALSE
HMDB0240619,HMDB0240611,HMDB0240621	sphingomyelin (d18:1/21:0, d17:1/22:0, d16:1/23:0)*			""			""			""		Lipid	Sphingomyelins	sphingomyelin (d18:1/21:0, d17:1/22:0, d16:1/23:0)*	100009025	52495	FALSE
HMDB0012091	behenoyl dihydrosphingomyelin (d18:0/22:0)*			""			""			""		Lipid	Dihydrosphingomyelins	behenoyl dihydrosphingomyelin (d18:0/22:0)*	100009026	57331	FALSE
HMDB0012087	sphingomyelin (d18:0/18:0, d19:0/17:0)*			""			""			""		Lipid	Dihydrosphingomyelins	sphingomyelin (d18:0/18:0, d19:0/17:0)*	100009027	57473	FALSE
HMDB11760	N-palmitoyl-sphinganine (d18:0/16:0)			""			""			""		Lipid	Dihydroceramides	N-palmitoyl-sphinganine (d18:0/16:0)	100009028	52604	FALSE
HMDB0006750	lactosyl-N-palmitoyl-sphingosine (d18:1/16:0)			""			""			""		Lipid	Lactosylceramides (LCER)	lactosyl-N-palmitoyl-sphingosine (d18:1/16:0)	100009030	53010	FALSE
HMDB0005032	cetirizine			""			""			""		Xenobiotics	Drug - Respiratory	cetirizine	100009034	54745	FALSE
HMDB0012085	myristoyl dihydrosphingomyelin (d18:0/14:0)*			""			""			""		Lipid	Dihydrosphingomyelins	myristoyl dihydrosphingomyelin (d18:0/14:0)*	100009038	57365	FALSE
""	5-hydroxyindole sulfate			""			""			""		Amino Acid	Tryptophan Metabolism	5-hydroxyindole sulfate	100009042	52914	FALSE
HMDB0059772	phenylacetylglutamate			""			""			""		Peptide	Acetylated Peptides	phenylacetylglutamate	100009045	52925	FALSE
""	4-ethylphenol glucuronide			""			""			""		Xenobiotics	Benzoate Metabolism	4-ethylphenol glucuronide	100009049	52937	FALSE
HMDB0007103	palmitoyl-linoleoyl-glycerol (16:0/18:2) [1]*			""			""			""		Lipid	Diacylglycerol	palmitoyl-linoleoyl-glycerol (16:0/18:2) [1]*	100009052	52633	FALSE
HMDB0007131	palmitoleoyl-oleoyl-glycerol (16:1/18:1) [1]*			""			""			""		Lipid	Diacylglycerol	palmitoleoyl-oleoyl-glycerol (16:1/18:1) [1]*	100009053	52632	FALSE
""	palmitoleoyl-oleoyl-glycerol (16:1/18:1) [2]*			""			""			""		Lipid	Diacylglycerol	palmitoleoyl-oleoyl-glycerol (16:1/18:1) [2]*	100009054	52631	FALSE
HMDB0007103	palmitoyl-linoleoyl-glycerol (16:0/18:2) [2]*			""			""			""		Lipid	Diacylglycerol	palmitoyl-linoleoyl-glycerol (16:0/18:2) [2]*	100009055	52634	FALSE
HMDB0009783	1-palmitoyl-2-oleoyl-GPI (16:0/18:1)*			""			""			""		Lipid	Phosphatidylinositol (PI)	1-palmitoyl-2-oleoyl-GPI (16:0/18:1)*	100009066	52669	FALSE
HMDB0011343	1-(1-enyl-palmitoyl)-2-linoleoyl-GPE (P-16:0/18:2)*			""			""			""		Lipid	Plasmalogen	1-(1-enyl-palmitoyl)-2-linoleoyl-GPE (P-16:0/18:2)*	100009069	52677	FALSE
HMDB0008006	1-palmitoleoyl-2-linoleoyl-GPC (16:1/18:2)*			""			""			""		Lipid	Phosphatidylcholine (PC)	1-palmitoleoyl-2-linoleoyl-GPC (16:1/18:2)*	100009075	52683	FALSE
HMDB0007975	1-palmitoyl-2-alpha-linolenoyl-GPC (16:0/18:3n3)*			""			""			""		Lipid	Phosphatidylcholine (PC)	1-palmitoyl-2-alpha-linolenoyl-GPC (16:0/18:3n3)*	100009076	52684	FALSE
HMDB0005349	1-oleoyl-2-linoleoyl-GPE (18:1/18:2)*			""			""			""		Lipid	Phosphatidylethanolamine (PE)	1-oleoyl-2-linoleoyl-GPE (18:1/18:2)*	100009078	52687	FALSE
HMDB0007856	1-linoleoyl-GPA (18:2)*			""			""			""		Lipid	Lysophospholipid	1-linoleoyl-GPA (18:2)*	100009082	52690	FALSE
HMDB0008123	1-oleoyl-2-docosahexaenoyl-GPC (18:1/22:6)*			""			""			""		Lipid	Phosphatidylcholine (PC)	1-oleoyl-2-docosahexaenoyl-GPC (18:1/22:6)*	100009130	52697	FALSE
HMDB0008147	1-linoleoyl-2-arachidonoyl-GPC (18:2/20:4n6)*			""			""			""		Lipid	Phosphatidylcholine (PC)	1-linoleoyl-2-arachidonoyl-GPC (18:2/20:4n6)*	100009131	52710	FALSE
HMDB0007883	1-myristoyl-2-arachidonoyl-GPC (14:0/20:4)*			""			""			""		Lipid	Phosphatidylcholine (PC)	1-myristoyl-2-arachidonoyl-GPC (14:0/20:4)*	100009139	53195	FALSE
HMDB0007974	1-palmitoyl-2-gamma-linolenoyl-GPC (16:0/18:3n6)*			""			""			""		Lipid	Phosphatidylcholine (PC)	1-palmitoyl-2-gamma-linolenoyl-GPC (16:0/18:3n6)*	100009154	54812	FALSE
HMDB0011207	1-(1-enyl-palmitoyl)-2-palmitoleoyl-GPC (P-16:0/16:1)*			""			""			""		Lipid	Plasmalogen	1-(1-enyl-palmitoyl)-2-palmitoleoyl-GPC (P-16:0/16:1)*	100009160	52713	FALSE
HMDB0011206	1-(1-enyl-palmitoyl)-2-palmitoyl-GPC (P-16:0/16:0)*			""			""			""		Lipid	Plasmalogen	1-(1-enyl-palmitoyl)-2-palmitoyl-GPC (P-16:0/16:0)*	100009162	52716	FALSE
HMDB0009778	1,2-dipalmitoyl-GPI (16:0/16:0)*			""			""			""		Lipid	Phosphatidylinositol (PI)	1,2-dipalmitoyl-GPI (16:0/16:0)*	100009169	57375	FALSE
HMDB0240667	1-stearoyl-2-oleoyl-GPI (18:0/18:1)*			""			""			""		Lipid	Phosphatidylinositol (PI)	1-stearoyl-2-oleoyl-GPI (18:0/18:1)*	100009181	52726	FALSE
HMDB0008923	1,2-dipalmitoyl-GPE (16:0/16:0)*			""			""			""		Lipid	Phosphatidylethanolamine (PE)	1,2-dipalmitoyl-GPE (16:0/16:0)*	100009204	57341	FALSE
HMDB0009093	1,2-dilinoleoyl-GPE (18:2/18:2)*			""			""			""		Lipid	Phosphatidylethanolamine (PE)	1,2-dilinoleoyl-GPE (18:2/18:2)*	100009217	53174	FALSE
HMDB0009069	1-oleoyl-2-arachidonoyl-GPE (18:1/20:4)*			""			""			""		Lipid	Phosphatidylethanolamine (PE)	1-oleoyl-2-arachidonoyl-GPE (18:1/20:4)*	100009219	55041	FALSE
HMDB0011376	1-(1-enyl-stearoyl)-2-linoleoyl-GPE (P-18:0/18:2)*			""			""			""		Lipid	Plasmalogen	1-(1-enyl-stearoyl)-2-linoleoyl-GPE (P-18:0/18:2)*	100009225	52748	FALSE
HMDB0240600	1-linoleoyl-GPG (18:2)*			""			""			""		Lipid	Lysophospholipid	1-linoleoyl-GPG (18:2)*	100009227	54885	FALSE
HMDB0062164	thioproline			""			""			""		Xenobiotics	Chemical	thioproline	100009232	53231	FALSE
HMDB0240592	palmitoylcholine			""			""			""		Lipid	Fatty Acid Metabolism (Acyl Choline)	palmitoylcholine	100009233	52944	FALSE
""	trans-3,4-methyleneheptanoylcarnitine			""			""			""		Lipid	Fatty Acid Metabolism (Acyl Carnitine, Monounsaturated)	trans-3,4-methyleneheptanoylcarnitine	100009234	52929	FALSE
""	glycocholate glucuronide (1)			""			""			""		Lipid	Primary Bile Acid Metabolism	glycocholate glucuronide (1)	100009259	52977	FALSE
HMDB0002579	glycochenodeoxycholate glucuronide (1)			""			""			""		Lipid	Primary Bile Acid Metabolism	glycochenodeoxycholate glucuronide (1)	100009264	52983	FALSE
HMDB0013127	(S)-3-hydroxybutyrylcarnitine			""			""			""		Lipid	Fatty Acid Metabolism (Acyl Carnitine, Hydroxy)	(S)-3-hydroxybutyrylcarnitine	100009271	52984	FALSE
""	glycosyl-N-palmitoyl-sphingosine (d18:1/16:0)			""			""			""		Lipid	Hexosylceramides (HCER)	glycosyl-N-palmitoyl-sphingosine (d18:1/16:0)	100009272	53013	FALSE
HMDB0060044,HMDB0010213	14-HDoHE/17-HDoHE			""			""			""		Lipid	Docosanoid	14-HDoHE/17-HDoHE	100009278	53034	FALSE
HMDB0240596	oleoylcholine			""			""			""		Lipid	Fatty Acid Metabolism (Acyl Choline)	oleoylcholine	100009331	53260	FALSE
HMDB0240583	arachidonoylcholine			""			""			""		Lipid	Fatty Acid Metabolism (Acyl Choline)	arachidonoylcholine	100009332	53261	FALSE
HMDB0240647	docosahexaenoylcholine			""			""			""		Lipid	Fatty Acid Metabolism (Acyl Choline)	docosahexaenoylcholine	100009333	53263	FALSE
HMDB0013208	palmitoloelycholine			""			""			""		Lipid	Fatty Acid Metabolism (Acyl Choline)	palmitoloelycholine	100009334	53257	FALSE
HMDB0240646	dihomo-linolenoyl-choline			""			""			""		Lipid	Fatty Acid Metabolism (Acyl Choline)	dihomo-linolenoyl-choline	100009335	53262	FALSE
""	eicosapentaenoylcholine			""			""			""		Lipid	Fatty Acid Metabolism (Acyl Choline)	eicosapentaenoylcholine	100009336	53258	FALSE
HMDB0041708	caffeic acid sulfate			""			""			""		Xenobiotics	Food Component/Plant	caffeic acid sulfate	100009337	53254	FALSE
HMDB0008141	1-linoleoyl-2-linolenoyl-GPC (18:2/18:3)*			""			""			""		Lipid	Phosphatidylcholine (PC)	1-linoleoyl-2-linolenoyl-GPC (18:2/18:3)*	100009343	53176	FALSE
HMDB0008008	1-palmitoleoyl-2-linolenoyl-GPC (16:1/18:3)*			""			""			""		Lipid	Phosphatidylcholine (PC)	1-palmitoleoyl-2-linolenoyl-GPC (16:1/18:3)*	100009345	53180	FALSE
HMDB0001938	lisinopril			""			""			""		Xenobiotics	Drug - Cardiovascular	lisinopril	100009389	54787	FALSE
HMDB0000477	hexadecadienoate (16:2n6)			""			""			""		Lipid	Long Chain Polyunsaturated Fatty Acid (n3 and n6)	hexadecadienoate (16:2n6)	100009394	57652	FALSE
HMDB0013207	palmitoleoylcarnitine (C16:1)*			""			""			""		Lipid	Fatty Acid Metabolism (Acyl Carnitine, Monounsaturated)	palmitoleoylcarnitine (C16:1)*	100009406	53223	FALSE
HMDB0029576	2,3-dihydroxy-2-methylbutyrate			""			""			""		Amino Acid	Leucine, Isoleucine and Valine Metabolism	2,3-dihydroxy-2-methylbutyrate	100010869	57547	FALSE
""	4-aminophenol sulfate (2)			""			""			""		Xenobiotics	Drug - Analgesics, Anesthetics	4-aminophenol sulfate (2)	100010871	54809	FALSE
HMDB0240328	2'-O-methyluridine			""			""			""		Nucleotide	Pyrimidine Metabolism, Uracil containing	2'-O-methyluridine	100010896	57655	FALSE
""	gamma-glutamyl-alpha-lysine			""			""			""		Peptide	Gamma-glutamyl Amino Acid	gamma-glutamyl-alpha-lysine	100010901	55015	FALSE
HMDB0007102	palmitoyl-oleoyl-glycerol (16:0/18:1) [1]*			""			""			""		Lipid	Diacylglycerol	palmitoyl-oleoyl-glycerol (16:0/18:1) [1]*	100010916	54943	FALSE
HMDB0007102	palmitoyl-oleoyl-glycerol (16:0/18:1) [2]*			""			""			""		Lipid	Diacylglycerol	palmitoyl-oleoyl-glycerol (16:0/18:1) [2]*	100010917	54942	FALSE
HMDB0007218	oleoyl-oleoyl-glycerol (18:1/18:1) [1]*			""			""			""		Lipid	Diacylglycerol	oleoyl-oleoyl-glycerol (18:1/18:1) [1]*	100010918	54945	FALSE
HMDB0007218	oleoyl-oleoyl-glycerol (18:1/18:1) [2]*			""			""			""		Lipid	Diacylglycerol	oleoyl-oleoyl-glycerol (18:1/18:1) [2]*	100010919	54946	FALSE
HMDB0007257	linoleoyl-arachidonoyl-glycerol (18:2/20:4) [1]*			""			""			""		Lipid	Diacylglycerol	linoleoyl-arachidonoyl-glycerol (18:2/20:4) [1]*	100010922	54955	FALSE
HMDB0007257	linoleoyl-arachidonoyl-glycerol (18:2/20:4) [2]*			""			""			""		Lipid	Diacylglycerol	linoleoyl-arachidonoyl-glycerol (18:2/20:4) [2]*	100010923	54956	FALSE
HMDB0007112	palmitoyl-arachidonoyl-glycerol (16:0/20:4) [1]*			""			""			""		Lipid	Diacylglycerol	palmitoyl-arachidonoyl-glycerol (16:0/20:4) [1]*	100010924	54957	FALSE
HMDB0007112	palmitoyl-arachidonoyl-glycerol (16:0/20:4) [2]*			""			""			""		Lipid	Diacylglycerol	palmitoyl-arachidonoyl-glycerol (16:0/20:4) [2]*	100010925	54958	FALSE
HMDB0007249	linoleoyl-linolenoyl-glycerol (18:2/18:3) [1]*			""			""			""		Lipid	Diacylglycerol	linoleoyl-linolenoyl-glycerol (18:2/18:3) [1]*	100010926	54963	FALSE
HMDB0007250	linoleoyl-linolenoyl-glycerol (18:2/18:3) [2]*			""			""			""		Lipid	Diacylglycerol	linoleoyl-linolenoyl-glycerol (18:2/18:3) [2]*	100010927	54964	FALSE
HMDB0007266	linoleoyl-docosahexaenoyl-glycerol (18:2/22:6) [1]*			""			""			""		Lipid	Diacylglycerol	linoleoyl-docosahexaenoyl-glycerol (18:2/22:6) [1]*	100010928	54949	FALSE
HMDB0007266	linoleoyl-docosahexaenoyl-glycerol (18:2/22:6) [2]*			""			""			""		Lipid	Diacylglycerol	linoleoyl-docosahexaenoyl-glycerol (18:2/22:6) [2]*	100010929	54950	FALSE
HMDB0007132	palmitoleoyl-linoleoyl-glycerol (16:1/18:2) [1]*			""			""			""		Lipid	Diacylglycerol	palmitoleoyl-linoleoyl-glycerol (16:1/18:2) [1]*	100010930	54967	FALSE
""	diacylglycerol (14:0/18:1, 16:0/16:1) [1]*			""			""			""		Lipid	Diacylglycerol	diacylglycerol (14:0/18:1, 16:0/16:1) [1]*	100010934	54953	FALSE
""	diacylglycerol (14:0/18:1, 16:0/16:1) [2]*			""			""			""		Lipid	Diacylglycerol	diacylglycerol (14:0/18:1, 16:0/16:1) [2]*	100010935	54954	FALSE
HMDB0007228	oleoyl-arachidonoyl-glycerol (18:1/20:4) [1]*			""			""			""		Lipid	Diacylglycerol	oleoyl-arachidonoyl-glycerol (18:1/20:4) [1]*	100010936	54960	FALSE
HMDB0007228	oleoyl-arachidonoyl-glycerol (18:1/20:4) [2]*			""			""			""		Lipid	Diacylglycerol	oleoyl-arachidonoyl-glycerol (18:1/20:4) [2]*	100010937	54961	FALSE
HMDB0007104,HMDB0007105	palmitoyl-linolenoyl-glycerol (16:0/18:3) [2]*			""			""			""		Lipid	Diacylglycerol	palmitoyl-linolenoyl-glycerol (16:0/18:3) [2]*	100010939	54965	FALSE
""	diacylglycerol (16:1/18:2 [2], 16:0/18:3 [1])*			""			""			""		Lipid	Diacylglycerol	diacylglycerol (16:1/18:2 [2], 16:0/18:3 [1])*	100010940	54966	FALSE
HMDB0007248	linoleoyl-linoleoyl-glycerol (18:2/18:2) [1]*			""			""			""		Lipid	Diacylglycerol	linoleoyl-linoleoyl-glycerol (18:2/18:2) [1]*	100010941	54968	FALSE
HMDB0007220	oleoyl-linolenoyl-glycerol (18:1/18:3) [2]*			""			""			""		Lipid	Diacylglycerol	oleoyl-linolenoyl-glycerol (18:1/18:3) [2]*	100010944	54970	FALSE
HMDB0007098	palmitoyl-palmitoyl-glycerol (16:0/16:0) [1]*			""			""			""		Lipid	Diacylglycerol	palmitoyl-palmitoyl-glycerol (16:0/16:0) [1]*	100010947	54991	FALSE
HMDB0007098	palmitoyl-palmitoyl-glycerol (16:0/16:0) [2]*			""			""			""		Lipid	Diacylglycerol	palmitoyl-palmitoyl-glycerol (16:0/16:0) [2]*	100010948	54990	FALSE
HMDB0007170	stearoyl-arachidonoyl-glycerol (18:0/20:4) [1]*			""			""			""		Lipid	Diacylglycerol	stearoyl-arachidonoyl-glycerol (18:0/20:4) [1]*	100010949	57450	FALSE
HMDB0007170	stearoyl-arachidonoyl-glycerol (18:0/20:4) [2]*			""			""			""		Lipid	Diacylglycerol	stearoyl-arachidonoyl-glycerol (18:0/20:4) [2]*	100010950	57449	FALSE
HMDB0059586	perfluorooctanesulfonate (PFOS)			""			""			""		Xenobiotics	Chemical	perfluorooctanesulfonate (PFOS)	100010955	57564	FALSE
""	diacylglycerol (12:0/18:1, 14:0/16:1, 16:0/14:1) [1]*			""			""			""		Lipid	Diacylglycerol	diacylglycerol (12:0/18:1, 14:0/16:1, 16:0/14:1) [1]*	100010958	55002	FALSE
HMDB0007012,HMDB0007096	diacylglycerol (12:0/18:1, 14:0/16:1, 16:0/14:1) [2]*			""			""			""		Lipid	Diacylglycerol	diacylglycerol (12:0/18:1, 14:0/16:1, 16:0/14:1) [2]*	100010959	55001	FALSE
HMDB0240686	N-palmitoyl-sphingadienine (d18:2/16:0)*			""			""			""		Lipid	Ceramides	N-palmitoyl-sphingadienine (d18:2/16:0)*	100015609	57416	FALSE
""	palmitoyl-myristoyl-glycerol (16:0/14:0) [2]			""			""			""		Lipid	Diacylglycerol	palmitoyl-myristoyl-glycerol (16:0/14:0) [2]	100015610	57364	FALSE
HMDB0007121	palmitoyl-docosahexaenoyl-glycerol (16:0/22:6) [1]*			""			""			""		Lipid	Diacylglycerol	palmitoyl-docosahexaenoyl-glycerol (16:0/22:6) [1]*	100015618	57373	FALSE
HMDB0004872	lactosyl-N-nervonoyl-sphingosine (d18:1/24:1)*			""			""			""		Lipid	Lactosylceramides (LCER)	lactosyl-N-nervonoyl-sphingosine (d18:1/24:1)*	100015620	57370	FALSE
HMDB0011594	lactosyl-N-behenoyl-sphingosine (d18:1/22:0)*			""			""			""		Lipid	Lactosylceramides (LCER)	lactosyl-N-behenoyl-sphingosine (d18:1/22:0)*	100015623	57422	FALSE
""	glycosyl-N-behenoyl-sphingadienine (d18:2/22:0)*			""			""			""		Lipid	Hexosylceramides (HCER)	glycosyl-N-behenoyl-sphingadienine (d18:2/22:0)*	100015625	57421	FALSE
HMDB0240362	N-stearoyl-sphingadienine (d18:2/18:0)*			""			""			""		Lipid	Ceramides	N-stearoyl-sphingadienine (d18:2/18:0)*	100015632	57417	FALSE
HMDB0061660	2-hydroxybehenate			""			""			""		Lipid	Fatty Acid, Monohydroxy	2-hydroxybehenate	100015637	57663	FALSE
""	2-hydroxynervonate*			""			""			""		Lipid	Fatty Acid, Monohydroxy	2-hydroxynervonate*	100015638	61698	FALSE
""	N-oleoylserine			""			""			""		Lipid	Endocannabinoid	N-oleoylserine	100015641	57664	FALSE
""	sphingadienine			""			""			""		Lipid	Sphingolipid Synthesis	sphingadienine	100015643	57426	FALSE
""	glycerophosphoserine*			""			""			""		Lipid	Phospholipid Metabolism	glycerophosphoserine*	100015666	57404	FALSE
""	palmitoleoyl-arachidonoyl-glycerol (16:1/20:4) [2]*			""			""			""		Lipid	Diacylglycerol	palmitoleoyl-arachidonoyl-glycerol (16:1/20:4) [2]*	100015681	57406	FALSE
HMDB0007011	palmitoyl-myristoyl-glycerol (16:0/14:0) [1]*			""			""			""		Lipid	Diacylglycerol	palmitoyl-myristoyl-glycerol (16:0/14:0) [1]*	100015682	61709	FALSE
HMDB0007016	myristoyl-linoleoyl-glycerol (14:0/18:2) [1]*			""			""			""		Lipid	Diacylglycerol	myristoyl-linoleoyl-glycerol (14:0/18:2) [1]*	100015683	57407	FALSE
HMDB0007016	myristoyl-linoleoyl-glycerol (14:0/18:2) [2]*			""			""			""		Lipid	Diacylglycerol	myristoyl-linoleoyl-glycerol (14:0/18:2) [2]*	100015684	57408	FALSE
""	N-nervonoyl-hexadecasphingosine (d16:1/24:1)*			""			""			""		Lipid	Ceramides	N-nervonoyl-hexadecasphingosine (d16:1/24:1)*	100015725	57435	FALSE
""	glycosyl ceramide (d16:1/24:1, d18:1/22:1)*			""			""			""		Lipid	Hexosylceramides (HCER)	glycosyl ceramide (d16:1/24:1, d18:1/22:1)*	100015730	57457	FALSE
HMDB0240685	N-palmitoyl-heptadecasphingosine (d17:1/16:0)*			""			""			""		Lipid	Ceramides	N-palmitoyl-heptadecasphingosine (d17:1/16:0)*	100015731	57430	FALSE
HMDB0240681,HMDB0011773	ceramide (d18:1/14:0, d16:1/16:0)*			""			""			""		Lipid	Ceramides	ceramide (d18:1/14:0, d16:1/16:0)*	100015735	57432	FALSE
HMDB0240683,HMDB0240678	ceramide (d18:1/17:0, d17:1/18:0)*			""			""			""		Lipid	Ceramides	ceramide (d18:1/17:0, d17:1/18:0)*	100015737	57434	FALSE
HMDB0240679,HMDB0240680	ceramide (d18:2/24:1, d18:1/24:2)*			""			""			""		Lipid	Ceramides	ceramide (d18:2/24:1, d18:1/24:2)*	100015744	57443	FALSE
""	glycosyl ceramide (d18:2/24:1, d18:1/24:2)*			""			""			""		Lipid	Hexosylceramides (HCER)	glycosyl ceramide (d18:2/24:1, d18:1/24:2)*	100015745	57453	FALSE
""	glycosyl-N-tricosanoyl-sphingadienine (d18:2/23:0)*			""			""			""		Lipid	Hexosylceramides (HCER)	glycosyl-N-tricosanoyl-sphingadienine (d18:2/23:0)*	100015748	57445	FALSE
""	glycosyl ceramide (d18:1/23:1, d17:1/24:1)*			""			""			""		Lipid	Hexosylceramides (HCER)	glycosyl ceramide (d18:1/23:1, d17:1/24:1)*	100015751	57448	FALSE
""	glycosyl-N-(2-hydroxynervonoyl)-sphingosine (d18:1/24:1(2OH))*			""			""			""		Lipid	Hexosylceramides (HCER)	glycosyl-N-(2-hydroxynervonoyl)-sphingosine (d18:1/24:1(2OH))*	100015752	57444	FALSE
HMDB0240648	stearoylcholine*			""			""			""		Lipid	Fatty Acid Metabolism (Acyl Choline)	stearoylcholine*	100015759	57464	FALSE
HMDB0013213	linoleoylcholine*			""			""			""		Lipid	Fatty Acid Metabolism (Acyl Choline)	linoleoylcholine*	100015760	57463	FALSE
""	docosatrienoate (22:3n6)*			""			""			""		Lipid	Long Chain Polyunsaturated Fatty Acid (n3 and n6)	docosatrienoate (22:3n6)*	100015762	57467	FALSE
HMDB0014794	trazodone			""			""			""		Xenobiotics	Drug - Psychoactive	trazodone	100015783	57691	FALSE
HMDB0013025	nisinate (24:6n3)			""			""			""		Lipid	Long Chain Polyunsaturated Fatty Acid (n3 and n6)	nisinate (24:6n3)	100015785	57810	FALSE
HMDB0012090	sphingomyelin (d18:0/20:0, d16:0/22:0)*			""			""			""		Lipid	Dihydrosphingomyelins	sphingomyelin (d18:0/20:0, d16:0/22:0)*	100015786	57476	FALSE
""	sphingomyelin (d18:1/19:0, d19:1/18:0)*			""			""			""		Lipid	Sphingomyelins	sphingomyelin (d18:1/19:0, d19:1/18:0)*	100015787	57475	FALSE
HMDB0001348	sphingomyelin (d18:2/18:1)*			""			""			""		Lipid	Sphingomyelins	sphingomyelin (d18:2/18:1)*	100015788	57474	FALSE
HMDB0240644	sphingomyelin (d18:2/24:2)*			""			""			""		Lipid	Sphingomyelins	sphingomyelin (d18:2/24:2)*	100015789	57479	FALSE
HMDB0240676	sphingomyelin (d18:2/21:0, d16:2/23:0)*			""			""			""		Lipid	Sphingomyelins	sphingomyelin (d18:2/21:0, d16:2/23:0)*	100015790	57480	FALSE
HMDB0240668	sphingomyelin (d18:2/23:1)*			""			""			""		Lipid	Sphingomyelins	sphingomyelin (d18:2/23:1)*	100015791	57482	FALSE
HMDB0240675,HMDB0240674,HMDB0240673,HMDB0240671	sphingomyelin (d18:1/25:0, d19:0/24:1, d20:1/23:0, d19:1/24:0)*			""			""			""		Lipid	Sphingomyelins	sphingomyelin (d18:1/25:0, d19:0/24:1, d20:1/23:0, d19:1/24:0)*	100015792	57478	FALSE
HMDB0240677	sphingomyelin (d17:2/16:0, d18:2/15:0)*			""			""			""		Lipid	Sphingomyelins	sphingomyelin (d17:2/16:0, d18:2/15:0)*	100015793	57483	FALSE
""	dexlansoprazole			""			""			""		Xenobiotics	Drug - Gastrointestinal	dexlansoprazole	100015794	57668	FALSE
""	heneicosapentaenoate (21:5n3)			""			""			""		Lipid	Long Chain Polyunsaturated Fatty Acid (n3 and n6)	heneicosapentaenoate (21:5n3)	100015797	57658	FALSE
""	linolenoylcarnitine (C18:3)*			""			""			""		Lipid	Fatty Acid Metabolism (Acyl Carnitine, Polyunsaturated)	linolenoylcarnitine (C18:3)*	100015831	57511	FALSE
HMDB0062468	behenoylcarnitine (C22)*			""			""			""		Lipid	Fatty Acid Metabolism (Acyl Carnitine, Long Chain Saturated)	behenoylcarnitine (C22)*	100015832	57514	FALSE
HMDB0006460	arachidoylcarnitine (C20)*			""			""			""		Lipid	Fatty Acid Metabolism (Acyl Carnitine, Long Chain Saturated)	arachidoylcarnitine (C20)*	100015833	57513	FALSE
HMDB0240665	lignoceroylcarnitine (C24)*			""			""			""		Lipid	Fatty Acid Metabolism (Acyl Carnitine, Long Chain Saturated)	lignoceroylcarnitine (C24)*	100015834	57515	FALSE
HMDB0006347	cerotoylcarnitine (C26)*			""			""			""		Lipid	Fatty Acid Metabolism (Acyl Carnitine, Long Chain Saturated)	cerotoylcarnitine (C26)*	100015835	57516	FALSE
""	ximenoylcarnitine (C26:1)*			""			""			""		Lipid	Fatty Acid Metabolism (Acyl Carnitine, Monounsaturated)	ximenoylcarnitine (C26:1)*	100015836	57517	FALSE
HMDB0006455	arachidonoylcarnitine (C20:4)			""			""			""		Lipid	Fatty Acid Metabolism (Acyl Carnitine, Polyunsaturated)	arachidonoylcarnitine (C20:4)	100015837	57518	FALSE
""	eicosenoylcarnitine (C20:1)*			""			""			""		Lipid	Fatty Acid Metabolism (Acyl Carnitine, Monounsaturated)	eicosenoylcarnitine (C20:1)*	100015838	57519	FALSE
""	dihomo-linoleoylcarnitine (C20:2)*			""			""			""		Lipid	Fatty Acid Metabolism (Acyl Carnitine, Polyunsaturated)	dihomo-linoleoylcarnitine (C20:2)*	100015839	57520	FALSE
""	dihomo-linolenoylcarnitine (C20:3n3 or 6)*			""			""			""		Lipid	Fatty Acid Metabolism (Acyl Carnitine, Polyunsaturated)	dihomo-linolenoylcarnitine (C20:3n3 or 6)*	100015840	57521	FALSE
HMDB0006509	nervonoylcarnitine (C24:1)*			""			""			""		Lipid	Fatty Acid Metabolism (Acyl Carnitine, Monounsaturated)	nervonoylcarnitine (C24:1)*	100015846	57531	FALSE
""	adrenoylcarnitine (C22:4)*			""			""			""		Lipid	Fatty Acid Metabolism (Acyl Carnitine, Polyunsaturated)	adrenoylcarnitine (C22:4)*	100015850	57528	FALSE
""	docosapentaenoylcarnitine (C22:5n3)*			""			""			""		Lipid	Fatty Acid Metabolism (Acyl Carnitine, Polyunsaturated)	docosapentaenoylcarnitine (C22:5n3)*	100015851	57529	FALSE
""	glycosyl ceramide (d18:1/20:0, d16:1/22:0)*			""			""			""		Lipid	Hexosylceramides (HCER)	glycosyl ceramide (d18:1/20:0, d16:1/22:0)*	100015882	57595	FALSE
""	N,N,N-trimethyl-5-aminovalerate			""			""			""		Amino Acid	Lysine Metabolism	N,N,N-trimethyl-5-aminovalerate	100015962	57687	FALSE
""	carotene diol (1)			""			""			""		Cofactors and Vitamins	Vitamin A Metabolism	carotene diol (1)	100015966	57635	FALSE
""	carotene diol (2)			""			""			""		Cofactors and Vitamins	Vitamin A Metabolism	carotene diol (2)	100015967	57636	FALSE
HMDB0002189,HMDB0001276	(N(1) + N(8))-acetylspermidine			""			""			""		Amino Acid	Polyamine Metabolism	(N(1) + N(8))-acetylspermidine	100016038	57814	FALSE
""	THC carboxylic acid			""			""			""		Xenobiotics	Drug - Psychoactive	THC carboxylic acid	100016048	61836	FALSE
HMDB0041936	morphine-3-glucuronide			""			""			""		Xenobiotics	Drug - Analgesics, Anesthetics	morphine-3-glucuronide	100016052	61844	FALSE
HMDB13326	5-dodecenoylcarnitine (C12:1)			""			""			""		Lipid	Fatty Acid Metabolism (Acyl Carnitine, Monounsaturated)	5-dodecenoylcarnitine (C12:1)	100016069	61769	FALSE
""	hydroxy-CMPF*			""			""			""		Lipid	Fatty Acid, Dicarboxylate	hydroxy-CMPF*	100019794	62277	FALSE
""	N-stearoylserine*			""			""			""		Lipid	Endocannabinoid	N-stearoylserine*	100019957	61822	FALSE
""	3-hydroxyoleate*			""			""			""		Lipid	Fatty Acid, Monohydroxy	3-hydroxyoleate*	100019966	61843	FALSE
HMDB0060255	lyxonate			""			""			""		Carbohydrate	Pentose Metabolism	lyxonate	100019968	61858	FALSE
HMDB0000933	dodecenedioate (C12:1-DC)*			""			""			""		Lipid	Fatty Acid, Dicarboxylate	dodecenedioate (C12:1-DC)*	100019972	61864	FALSE
""	hexadecenedioate (C16:1-DC)*			""			""			""		Lipid	Fatty Acid, Dicarboxylate	hexadecenedioate (C16:1-DC)*	100019975	61862	FALSE
""	octadecenedioate (C18:1-DC)			""			""			""		Lipid	Fatty Acid, Dicarboxylate	octadecenedioate (C18:1-DC)	100019978	61861	FALSE
""	heptenedioate (C7:1-DC)*			""			""			""		Lipid	Fatty Acid, Dicarboxylate	heptenedioate (C7:1-DC)*	100019981	61866	FALSE
""	octadecadienedioate (C18:2-DC)*			""			""			""		Lipid	Fatty Acid, Dicarboxylate	octadecadienedioate (C18:2-DC)*	100019982	61860	FALSE
""	glucuronide of C10H18O2 (1)*			""			""			""		Partially Characterized Molecules	Partially Characterized Molecules	glucuronide of C10H18O2 (1)*	100019990	61881	FALSE
HMDB0061643	3-carboxy-4-methyl-5-pentyl-2-furanpropionate (3-CMPFP)**			""			""			""		Lipid	Fatty Acid, Dicarboxylate	3-carboxy-4-methyl-5-pentyl-2-furanpropionate (3-CMPFP)**	100020004	61871	FALSE
""	methylnaphthyl sulfate (2)*			""			""			""		Xenobiotics	Chemical	methylnaphthyl sulfate (2)*	100020006	61873	FALSE
""	glucuronide of C10H18O2 (4)*			""			""			""		Partially Characterized Molecules	Partially Characterized Molecules	glucuronide of C10H18O2 (4)*	100020011	61884	FALSE
""	glucuronide of C10H18O2 (7)*			""			""			""		Partially Characterized Molecules	Partially Characterized Molecules	glucuronide of C10H18O2 (7)*	100020014	61887	FALSE
""	glucuronide of C10H18O2 (8)*			""			""			""		Partially Characterized Molecules	Partially Characterized Molecules	glucuronide of C10H18O2 (8)*	100020015	61888	FALSE
""	3-hydroxystachydrine*			""			""			""		Xenobiotics	Food Component/Plant	3-hydroxystachydrine*	100020203	62062	FALSE
HMDB0059745	N-acetyl-2-aminooctanoate*			""			""			""		Lipid	Fatty Acid, Amino	N-acetyl-2-aminooctanoate*	100020204	62059	FALSE
HMDB32332	hydroxyasparagine**			""			""			""		Amino Acid	Alanine and Aspartate Metabolism	hydroxyasparagine**	100020205	62060	FALSE
HMDB41718	daidzein 7-O-glucuronide			""			""			""		Xenobiotics	Food Component/Plant	daidzein 7-O-glucuronide	100020206	62070	FALSE
""	genistein sulfate*			""			""			""		Xenobiotics	Food Component/Plant	genistein sulfate*	100020207	62061	FALSE
HMDB0059587	perfluorooctanoate (PFOA)			""			""			""		Xenobiotics	Chemical	perfluorooctanoate (PFOA)	100020208	62071	FALSE
""	3-hydroxybutyroylglycine**			""			""			""		Lipid	Fatty Acid Metabolism (Acyl Glycine)	3-hydroxybutyroylglycine**	100020211	62064	FALSE
HMDB60564	carboxyibuprofen glucuronide*			""			""			""		Xenobiotics	Drug - Analgesics, Anesthetics	carboxyibuprofen glucuronide*	100020212	62067	FALSE
""	glyco-alpha-muricholate**			""			""			""		Lipid	Primary Bile Acid Metabolism	glyco-alpha-muricholate**	100020213	62065	FALSE
""	glyco-beta-muricholate**			""			""			""		Lipid	Primary Bile Acid Metabolism	glyco-beta-muricholate**	100020214	62066	FALSE
""	glycine conjugate of C10H14O2 (1)*			""			""			""		Partially Characterized Molecules	Partially Characterized Molecules	glycine conjugate of C10H14O2 (1)*	100020254	62146	FALSE
""	fibrinopeptide A (5-16)*			""			""			""		Peptide	Fibrinogen Cleavage Peptide	fibrinopeptide A (5-16)*	100020274	62148	FALSE
""	fibrinopeptide A (7-16)*			""			""			""		Peptide	Fibrinogen Cleavage Peptide	fibrinopeptide A (7-16)*	100020275	62149	FALSE
""	sphingomyelin (d17:1/14:0, d16:1/15:0)*			""			""			""		Lipid	Sphingomyelins	sphingomyelin (d17:1/14:0, d16:1/15:0)*	100020276	62152	FALSE
""	3-hydroxyhippurate sulfate			""			""			""		Xenobiotics	Benzoate Metabolism	3-hydroxyhippurate sulfate	100020410	62530	FALSE
""	6-bromotryptophan			""			""			""		Amino Acid	Tryptophan Metabolism	6-bromotryptophan	100020414	62503	FALSE
""	1-carboxyethylphenylalanine			""			""			""		Amino Acid	Phenylalanine Metabolism	1-carboxyethylphenylalanine	100020419	62566	FALSE
""	1-carboxyethyltyrosine			""			""			""		Amino Acid	Tyrosine Metabolism	1-carboxyethyltyrosine	100020421	62564	FALSE
""	1-carboxyethylvaline			""			""			""		Amino Acid	Leucine, Isoleucine and Valine Metabolism	1-carboxyethylvaline	100020423	62562	FALSE
""	1-carboxyethylleucine			""			""			""		Amino Acid	Leucine, Isoleucine and Valine Metabolism	1-carboxyethylleucine	100020425	62559	FALSE
""	1-carboxyethylisoleucine			""			""			""		Amino Acid	Leucine, Isoleucine and Valine Metabolism	1-carboxyethylisoleucine	100020427	62558	FALSE
""	dodecadienoate (12:2)*			""			""			""		Lipid	Fatty Acid, Dicarboxylate	dodecadienoate (12:2)*	100020478	62276	FALSE
""	indoleacetoylcarnitine*			""			""			""		Amino Acid	Tryptophan Metabolism	indoleacetoylcarnitine*	100020479	62279	FALSE
""	N-acetyl-isoputreanine			""			""			""		Amino Acid	Polyamine Metabolism	N-acetyl-isoputreanine	100020487	62309	FALSE
""	glucuronide of piperine metabolite C17H21NO3 (3)*			""			""			""		Xenobiotics	Food Component/Plant	glucuronide of piperine metabolite C17H21NO3 (3)*	100020491	62290	FALSE
""	glucuronide of piperine metabolite C17H21NO3 (4)*			""			""			""		Xenobiotics	Food Component/Plant	glucuronide of piperine metabolite C17H21NO3 (4)*	100020492	62291	FALSE
""	glucuronide of piperine metabolite C17H21NO3 (5)*			""			""			""		Xenobiotics	Food Component/Plant	glucuronide of piperine metabolite C17H21NO3 (5)*	100020493	62292	FALSE
""	sulfate of piperine metabolite C16H19NO3 (2)*			""			""			""		Xenobiotics	Food Component/Plant	sulfate of piperine metabolite C16H19NO3 (2)*	100020496	62295	FALSE
""	sulfate of piperine metabolite C16H19NO3 (3)*			""			""			""		Xenobiotics	Food Component/Plant	sulfate of piperine metabolite C16H19NO3 (3)*	100020497	62296	FALSE
""	sulfate of piperine metabolite C18H21NO3 (1)*			""			""			""		Xenobiotics	Food Component/Plant	sulfate of piperine metabolite C18H21NO3 (1)*	100020502	62297	FALSE
""	sulfate of piperine metabolite C18H21NO3 (3)*			""			""			""		Xenobiotics	Food Component/Plant	sulfate of piperine metabolite C18H21NO3 (3)*	100020504	62299	FALSE
""	N-acetyltheanine			""			""			""		Xenobiotics	Food Component/Plant	N-acetyltheanine	100020514	62711	FALSE
""	2-naphthol sulfate			""			""			""		Xenobiotics	Chemical	2-naphthol sulfate	100020515	62520	FALSE
""	(2,4 or 2,5)-dimethylphenol sulfate			""			""			""		Xenobiotics	Food Component/Plant	(2,4 or 2,5)-dimethylphenol sulfate	100020519	62533	FALSE
HMDB0002577	cholic acid glucuronide			""			""			""		Lipid	Primary Bile Acid Metabolism	cholic acid glucuronide	100020549	62571	FALSE
HMDB0014021	desmethylcitalopram*			""			""			""		Xenobiotics	Drug - Psychoactive	desmethylcitalopram*	100020790	62477	FALSE
HMDB60463	citalopram propionate*			""			""			""		Xenobiotics	Drug - Psychoactive	citalopram propionate*	100020793	62479	FALSE
HMDB0060763	4-hydroxy duloxetine glucuronide*			""			""			""		Xenobiotics	Drug - Psychoactive	4-hydroxy duloxetine glucuronide*	100020796	62480	FALSE
""	5-hydroxy-6-methoxy duloxetine sulfate*			""			""			""		Xenobiotics	Drug - Psychoactive	5-hydroxy-6-methoxy duloxetine sulfate*	100020798	62481	FALSE
HMDB0041886	enalaprilat*			""			""			""		Xenobiotics	Drug - Cardiovascular	enalaprilat*	100020800	62482	FALSE
""	ezetimibe glucuronide*			""			""			""		Xenobiotics	Drug - Metabolic	ezetimibe glucuronide*	100020801	62483	FALSE
""	ranitidine N-oxide*			""			""			""		Xenobiotics	Drug - Gastrointestinal	ranitidine N-oxide*	100020810	62485	FALSE
""	dihydrocaffeate sulfate (2)			""			""			""		Xenobiotics	Food Component/Plant	dihydrocaffeate sulfate (2)	100020822	62524	FALSE
""	lithocholate sulfate (1)			""			""			""		Lipid	Secondary Bile Acid Metabolism	lithocholate sulfate (1)	100020823	62526	FALSE
""	lithocholic acid sulfate (2)			""			""			""		Lipid	Secondary Bile Acid Metabolism	lithocholic acid sulfate (2)	100020824	62527	FALSE
""	3-(methylthio)acetaminophen sulfate*			""			""			""		Xenobiotics	Drug - Analgesics, Anesthetics	3-(methylthio)acetaminophen sulfate*	100020827	62567	FALSE
""	X-07765			""			""			""		""	""	X-07765	999907765	46590	FALSE
""	X-09789			""			""			""		""	""	X-09789	999909789	46355	FALSE
""	X-11261			""			""			""		""	""	X-11261	999911261	32578	FALSE
""	X-11299			""			""			""		""	""	X-11299	999911299	46592	FALSE
""	X-11308			""			""			""		""	""	X-11308	999911308	46390	FALSE
""	X-11315			""			""			""		""	""	X-11315	999911315	49592	FALSE
""	X-11372			""			""			""		""	""	X-11372	999911372	46594	FALSE
""	X-11378			""			""			""		""	""	X-11378	999911378	46595	FALSE
""	X-11381			""			""			""		""	""	X-11381	999911381	32698	FALSE
""	X-11407			""			""			""		""	""	X-11407	999911407	46596	FALSE
""	X-11438			""			""			""		""	""	X-11438	999911438	46598	FALSE
""	X-11440			""			""			""		""	""	X-11440	999911440	46599	FALSE
""	X-11441			""			""			""		""	""	X-11441	999911441	46360	FALSE
""	X-11442			""			""			""		""	""	X-11442	999911442	46443	FALSE
""	X-11444			""			""			""		""	""	X-11444	999911444	46460	FALSE
""	X-11470			""			""			""		""	""	X-11470	999911470	46601	FALSE
""	X-11478			""			""			""		""	""	X-11478	999911478	46602	FALSE
""	X-11483			""			""			""		""	""	X-11483	999911483	47650	FALSE
""	X-11491			""			""			""		""	""	X-11491	999911491	47651	FALSE
""	X-11522			""			""			""		""	""	X-11522	999911522	46914	FALSE
""	X-11530			""			""			""		""	""	X-11530	999911530	46603	FALSE
""	X-11549			""			""			""		""	""	X-11549	999911549	47652	FALSE
""	X-11564			""			""			""		""	""	X-11564	999911564	46260	FALSE
""	X-11787			""			""			""		""	""	X-11787	999911787	33132	FALSE
""	X-11795			""			""			""		""	""	X-11795	999911795	33140	FALSE
""	X-11805			""			""			""		""	""	X-11805	999911805	46509	FALSE
""	X-11843			""			""			""		""	""	X-11843	999911843	46466	FALSE
""	X-11847			""			""			""		""	""	X-11847	999911847	46488	FALSE
""	X-11849			""			""			""		""	""	X-11849	999911849	46607	FALSE
""	X-11850			""			""			""		""	""	X-11850	999911850	46507	FALSE
""	X-11852			""			""			""		""	""	X-11852	999911852	46521	FALSE
""	X-11858			""			""			""		""	""	X-11858	999911858	47654	FALSE
""	X-11880			""			""			""		""	""	X-11880	999911880	46608	FALSE
""	X-12007			""			""			""		""	""	X-12007	999912007	46610	FALSE
""	X-12013			""			""			""		""	""	X-12013	999912013	46611	FALSE
""	X-12015			""			""			""		""	""	X-12015	999912015	47390	FALSE
""	X-12026			""			""			""		""	""	X-12026	999912026	47905	FALSE
""	X-12063			""			""			""		""	""	X-12063	999912063	46588	FALSE
""	X-12100			""			""			""		""	""	X-12100	999912100	47687	FALSE
""	X-12101			""			""			""		""	""	X-12101	999912101	47642	FALSE
""	X-12104			""			""			""		""	""	X-12104	999912104	52597	FALSE
""	X-12117			""			""			""		""	""	X-12117	999912117	47695	FALSE
""	X-12126			""			""			""		""	""	X-12126	999912126	46966	FALSE
""	X-12127			""			""			""		""	""	X-12127	999912127	47702	FALSE
""	X-12170			""			""			""		""	""	X-12170	999912170	47909	FALSE
""	X-12193			""			""			""		""	""	X-12193	999912193	46985	FALSE
""	X-12206			""			""			""		""	""	X-12206	999912206	46612	FALSE
""	X-12212			""			""			""		""	""	X-12212	999912212	46358	FALSE
""	X-12216			""			""			""		""	""	X-12216	999912216	46613	FALSE
""	X-12230			""			""			""		""	""	X-12230	999912230	46614	FALSE
""	X-12261			""			""			""		""	""	X-12261	999912261	47657	FALSE
""	X-12306			""			""			""		""	""	X-12306	999912306	47917	FALSE
""	X-12329			""			""			""		""	""	X-12329	999912329	47659	FALSE
""	X-12407			""			""			""		""	""	X-12407	999912407	46615	FALSE
""	X-12410			""			""			""		""	""	X-12410	999912410	47921	FALSE
""	X-12411			""			""			""		""	""	X-12411	999912411	46616	FALSE
""	X-12442			""			""			""		""	""	X-12442	999912442	46618	FALSE
""	X-12456			""			""			""		""	""	X-12456	999912456	47639	FALSE
""	X-12459			""			""			""		""	""	X-12459	999912459	33904	FALSE
""	X-12462			""			""			""		""	""	X-12462	999912462	46620	FALSE
""	X-12524			""			""			""		""	""	X-12524	999912524	46621	FALSE
""	X-12543			""			""			""		""	""	X-12543	999912543	47922	FALSE
""	X-12544			""			""			""		""	""	X-12544	999912544	46510	FALSE
""	X-12680			""			""			""		""	""	X-12680	999912680	47201	FALSE
""	X-12707			""			""			""		""	""	X-12707	999912707	47929	FALSE
""	X-12714			""			""			""		""	""	X-12714	999912714	46318	FALSE
""	X-12718			""			""			""		""	""	X-12718	999912718	46973	FALSE
""	X-12729			""			""			""		""	""	X-12729	999912729	46623	FALSE
""	X-12730			""			""			""		""	""	X-12730	999912730	47937	FALSE
""	X-12731			""			""			""		""	""	X-12731	999912731	47938	FALSE
""	X-12739			""			""			""		""	""	X-12739	999912739	46626	FALSE
""	X-12740			""			""			""		""	""	X-12740	999912740	46627	FALSE
""	X-12742			""			""			""		""	""	X-12742	999912742	46628	FALSE
""	X-12798			""			""			""		""	""	X-12798	999912798	46624	FALSE
""	X-12812			""			""			""		""	""	X-12812	999912812	46986	FALSE
""	X-12816			""			""			""		""	""	X-12816	999912816	46630	FALSE
""	X-12822			""			""			""		""	""	X-12822	999912822	46997	FALSE
""	X-12830			""			""			""		""	""	X-12830	999912830	47662	FALSE
""	X-12839			""			""			""		""	""	X-12839	999912839	47014	FALSE
""	X-12844			""			""			""		""	""	X-12844	999912844	46633	FALSE
""	X-12846			""			""			""		""	""	X-12846	999912846	46634	FALSE
""	X-12847			""			""			""		""	""	X-12847	999912847	46364	FALSE
""	X-12849			""			""			""		""	""	X-12849	999912849	46636	FALSE
""	X-12851			""			""			""		""	""	X-12851	999912851	46639	FALSE
""	X-12906			""			""			""		""	""	X-12906	999912906	47955	FALSE
""	X-13431			""			""			""		""	""	X-13431	999913431	47788	FALSE
""	X-13553			""			""			""		""	""	X-13553	999913553	47959	FALSE
""	X-13684			""			""			""		""	""	X-13684	999913684	47790	FALSE
""	X-13689			""			""			""		""	""	X-13689	999913689	47774	FALSE
""	X-13726			""			""			""		""	""	X-13726	999913726	47967	FALSE
""	X-13728			""			""			""		""	""	X-13728	999913728	46645	FALSE
""	X-13729			""			""			""		""	""	X-13729	999913729	47971	FALSE
""	X-13737			""			""			""		""	""	X-13737	999913737	47441	FALSE
""	X-13835			""			""			""		""	""	X-13835	999913835	46646	FALSE
""	X-13844			""			""			""		""	""	X-13844	999913844	47977	FALSE
""	X-13866			""			""			""		""	""	X-13866	999913866	46417	FALSE
""	X-14056			""			""			""		""	""	X-14056	999914056	46632	FALSE
""	X-14082			""			""			""		""	""	X-14082	999914082	47984	FALSE
""	X-14626			""			""			""		""	""	X-14626	999914626	46655	FALSE
""	X-14658			""			""			""		""	""	X-14658	999914658	46652	FALSE
""	X-14662			""			""			""		""	""	X-14662	999914662	46656	FALSE
""	X-14838			""			""			""		""	""	X-14838	999914838	47787	FALSE
""	X-14939			""			""			""		""	""	X-14939	999914939	46657	FALSE
""	X-15220			""			""			""		""	""	X-15220	999915220	46658	FALSE
""	X-15245			""			""			""		""	""	X-15245	999915245	46661	FALSE
""	X-15469			""			""			""		""	""	X-15469	999915469	46640	FALSE
""	X-15486			""			""			""		""	""	X-15486	999915486	46266	FALSE
""	X-15492			""			""			""		""	""	X-15492	999915492	46662	FALSE
""	X-15503			""			""			""		""	""	X-15503	999915503	46977	FALSE
""	X-15674			""			""			""		""	""	X-15674	999915674	46665	FALSE
""	X-15728			""			""			""		""	""	X-15728	999915728	46666	FALSE
""	X-16071			""			""			""		""	""	X-16071	999916071	46738	FALSE
""	X-16087			""			""			""		""	""	X-16087	999916087	47988	FALSE
""	X-16123			""			""			""		""	""	X-16123	999916123	46668	FALSE
""	X-16124			""			""			""		""	""	X-16124	999916124	46461	FALSE
""	X-16343			""			""			""		""	""	X-16343	999916343	47275	FALSE
""	X-16397			""			""			""		""	""	X-16397	999916397	47802	FALSE
""	X-16570			""			""			""		""	""	X-16570	999916570	47013	FALSE
""	X-16580			""			""			""		""	""	X-16580	999916580	47804	FALSE
""	X-16649			""			""			""		""	""	X-16649	999916649	47992	FALSE
""	X-16654			""			""			""		""	""	X-16654	999916654	46677	FALSE
""	X-16935			""			""			""		""	""	X-16935	999916935	46681	FALSE
""	X-16938			""			""			""		""	""	X-16938	999916938	46511	FALSE
""	X-16944			""			""			""		""	""	X-16944	999916944	46683	FALSE
""	X-16946			""			""			""		""	""	X-16946	999916946	46517	FALSE
""	X-16964			""			""			""		""	""	X-16964	999916964	46685	FALSE
""	X-17010			""			""			""		""	""	X-17010	999917010	47993	FALSE
""	X-17145			""			""			""		""	""	X-17145	999917145	46689	FALSE
""	X-17166			""			""			""		""	""	X-17166	999917166	46692	FALSE
""	X-17167			""			""			""		""	""	X-17167	999917167	46693	FALSE
""	X-17178			""			""			""		""	""	X-17178	999917178	46406	FALSE
""	X-17179			""			""			""		""	""	X-17179	999917179	46698	FALSE
""	X-17185			""			""			""		""	""	X-17185	999917185	46490	FALSE
""	X-17189			""			""			""		""	""	X-17189	999917189	46412	FALSE
""	X-17299			""			""			""		""	""	X-17299	999917299	40097	FALSE
""	X-17325			""			""			""		""	""	X-17325	999917325	46672	FALSE
""	X-17327			""			""			""		""	""	X-17327	999917327	47000	FALSE
""	X-17328			""			""			""		""	""	X-17328	999917328	47818	FALSE
""	X-17335			""			""			""		""	""	X-17335	999917335	47820	FALSE
""	X-17337			""			""			""		""	""	X-17337	999917337	47821	FALSE
""	X-17340			""			""			""		""	""	X-17340	999917340	47872	FALSE
""	X-17346			""			""			""		""	""	X-17346	999917346	47997	FALSE
""	X-17348			""			""			""		""	""	X-17348	999917348	46989	FALSE
""	X-17351			""			""			""		""	""	X-17351	999917351	48001	FALSE
""	X-17353			""			""			""		""	""	X-17353	999917353	48003	FALSE
""	X-17354			""			""			""		""	""	X-17354	999917354	47009	FALSE
""	X-17357			""			""			""		""	""	X-17357	999917357	48009	FALSE
""	X-17359			""			""			""		""	""	X-17359	999917359	48011	FALSE
""	X-17361			""			""			""		""	""	X-17361	999917361	48013	FALSE
""	X-17367			""			""			""		""	""	X-17367	999917367	46994	FALSE
""	X-17438			""			""			""		""	""	X-17438	999917438	46705	FALSE
""	X-17612			""			""			""		""	""	X-17612	999917612	48052	FALSE
""	X-17653			""			""			""		""	""	X-17653	999917653	46707	FALSE
""	X-17654			""			""			""		""	""	X-17654	999917654	46709	FALSE
""	X-17655			""			""			""		""	""	X-17655	999917655	48019	FALSE
""	X-17676			""			""			""		""	""	X-17676	999917676	46970	FALSE
""	X-17677			""			""			""		""	""	X-17677	999917677	48022	FALSE
""	X-17682			""			""			""		""	""	X-17682	999917682	48024	FALSE
""	X-17685			""			""			""		""	""	X-17685	999917685	48025	FALSE
""	X-17690			""			""			""		""	""	X-17690	999917690	46710	FALSE
""	X-17765			""			""			""		""	""	X-17765	999917765	48055	FALSE
""	X-18249			""			""			""		""	""	X-18249	999918249	46366	FALSE
""	X-18345			""			""			""		""	""	X-18345	999918345	47342	FALSE
""	X-18779			""			""			""		""	""	X-18779	999918779	46687	FALSE
""	X-18886			""			""			""		""	""	X-18886	999918886	48047	FALSE
""	X-18887			""			""			""		""	""	X-18887	999918887	47301	FALSE
""	X-18899			""			""			""		""	""	X-18899	999918899	47670	FALSE
""	X-18901			""			""			""		""	""	X-18901	999918901	46690	FALSE
""	X-18913			""			""			""		""	""	X-18913	999918913	46695	FALSE
""	X-18914			""			""			""		""	""	X-18914	999918914	46368	FALSE
""	X-18921			""			""			""		""	""	X-18921	999918921	47671	FALSE
""	X-18922			""			""			""		""	""	X-18922	999918922	46700	FALSE
""	X-18935			""			""			""		""	""	X-18935	999918935	48049	FALSE
""	X-18938			""			""			""		""	""	X-18938	999918938	48050	FALSE
""	X-19141			""			""			""		""	""	X-19141	999919141	46701	FALSE
""	X-21258			""			""			""		""	""	X-21258	999921258	46259	FALSE
""	X-21285			""			""			""		""	""	X-21285	999921285	46294	FALSE
""	X-21286			""			""			""		""	""	X-21286	999921286	46295	FALSE
""	X-21295			""			""			""		""	""	X-21295	999921295	46316	FALSE
""	X-21310			""			""			""		""	""	X-21310	999921310	46354	FALSE
""	X-21312			""			""			""		""	""	X-21312	999921312	46356	FALSE
""	X-21315			""			""			""		""	""	X-21315	999921315	46359	FALSE
""	X-21319			""			""			""		""	""	X-21319	999921319	46363	FALSE
""	X-21339			""			""			""		""	""	X-21339	999921339	46384	FALSE
""	X-21353			""			""			""		""	""	X-21353	999921353	46398	FALSE
""	X-21364			""			""			""		""	""	X-21364	999921364	46409	FALSE
""	X-21383			""			""			""		""	""	X-21383	999921383	46428	FALSE
""	X-21410			""			""			""		""	""	X-21410	999921410	46455	FALSE
""	X-21411			""			""			""		""	""	X-21411	999921411	46456	FALSE
""	X-21441			""			""			""		""	""	X-21441	999921441	46486	FALSE
""	X-21442			""			""			""		""	""	X-21442	999921442	46487	FALSE
""	X-21448			""			""			""		""	""	X-21448	999921448	46493	FALSE
""	X-21458			""			""			""		""	""	X-21458	999921458	46503	FALSE
""	X-21467			""			""			""		""	""	X-21467	999921467	46512	FALSE
""	X-21470			""			""			""		""	""	X-21470	999921470	46515	FALSE
""	X-21471			""			""			""		""	""	X-21471	999921471	46516	FALSE
""	X-21607			""			""			""		""	""	X-21607	999921607	46674	FALSE
""	X-21626			""			""			""		""	""	X-21626	999921626	46694	FALSE
""	X-21628			""			""			""		""	""	X-21628	999921628	46696	FALSE
""	X-21729			""			""			""		""	""	X-21729	999921729	46898	FALSE
""	X-21733			""			""			""		""	""	X-21733	999921733	46902	FALSE
""	X-21735			""			""			""		""	""	X-21735	999921735	46904	FALSE
""	X-21736			""			""			""		""	""	X-21736	999921736	46905	FALSE
""	X-21742			""			""			""		""	""	X-21742	999921742	46911	FALSE
""	X-21752			""			""			""		""	""	X-21752	999921752	46923	FALSE
""	X-21785			""			""			""		""	""	X-21785	999921785	46961	FALSE
""	X-21792			""			""			""		""	""	X-21792	999921792	46968	FALSE
""	X-21796			""			""			""		""	""	X-21796	999921796	46972	FALSE
""	X-21803			""			""			""		""	""	X-21803	999921803	46980	FALSE
""	X-21815			""			""			""		""	""	X-21815	999921815	46992	FALSE
""	X-21821			""			""			""		""	""	X-21821	999921821	46998	FALSE
""	X-21829			""			""			""		""	""	X-21829	999921829	47006	FALSE
""	X-21831			""			""			""		""	""	X-21831	999921831	47008	FALSE
""	X-21834			""			""			""		""	""	X-21834	999921834	47011	FALSE
""	X-21839			""			""			""		""	""	X-21839	999921839	47016	FALSE
""	X-21840			""			""			""		""	""	X-21840	999921840	47017	FALSE
""	X-21845			""			""			""		""	""	X-21845	999921845	47022	FALSE
""	X-21851			""			""			""		""	""	X-21851	999921851	47028	FALSE
""	X-22143			""			""			""		""	""	X-22143	999922143	47389	FALSE
""	X-22162			""			""			""		""	""	X-22162	999922162	47417	FALSE
""	X-22508			""			""			""		""	""	X-22508	999922508	47772	FALSE
""	X-22509			""			""			""		""	""	X-22509	999922509	47773	FALSE
""	X-22512			""			""			""		""	""	X-22512	999922512	47776	FALSE
""	X-22520			""			""			""		""	""	X-22520	999922520	47784	FALSE
""	X-22764			""			""			""		""	""	X-22764	999922764	48067	FALSE
""	X-22771			""			""			""		""	""	X-22771	999922771	48076	FALSE
""	X-22775			""			""			""		""	""	X-22775	999922775	48080	FALSE
""	X-22834			""			""			""		""	""	X-22834	999922834	48185	FALSE
""	X-22918			""			""			""		""	""	X-22918	999922918	52659	FALSE
""	X-23046			""			""			""		""	""	X-23046	999923046	48570	FALSE
""	X-23157			""			""			""		""	""	X-23157	999923157	48771	FALSE
""	X-23159			""			""			""		""	""	X-23159	999923159	48773	FALSE
""	X-23160			""			""			""		""	""	X-23160	999923160	48774	FALSE
""	X-23196			""			""			""		""	""	X-23196	999923196	48892	FALSE
""	X-23276			""			""			""		""	""	X-23276	999923276	48972	FALSE
""	X-23293			""			""			""		""	""	X-23293	999923293	48992	FALSE
""	X-23294			""			""			""		""	""	X-23294	999923294	48993	FALSE
""	X-23295			""			""			""		""	""	X-23295	999923295	48994	FALSE
""	X-23296			""			""			""		""	""	X-23296	999923296	48995	FALSE
""	X-23297			""			""			""		""	""	X-23297	999923297	48996	FALSE
""	X-23314			""			""			""		""	""	X-23314	999923314	49014	FALSE
""	X-23369			""			""			""		""	""	X-23369	999923369	49228	FALSE
""	X-23585			""			""			""		""	""	X-23585	999923585	49461	FALSE
""	X-23587			""			""			""		""	""	X-23587	999923587	49463	FALSE
""	X-23590			""			""			""		""	""	X-23590	999923590	49466	FALSE
""	X-23593			""			""			""		""	""	X-23593	999923593	49469	FALSE
""	X-23636			""			""			""		""	""	X-23636	999923636	49512	FALSE
""	X-23639			""			""			""		""	""	X-23639	999923639	49515	FALSE
""	X-23641			""			""			""		""	""	X-23641	999923641	49517	FALSE
""	X-23644			""			""			""		""	""	X-23644	999923644	49521	FALSE
""	X-23662			""			""			""		""	""	X-23662	999923662	49539	FALSE
""	X-23666			""			""			""		""	""	X-23666	999923666	49543	FALSE
""	X-23680			""			""			""		""	""	X-23680	999923680	49557	FALSE
""	X-23739			""			""			""		""	""	X-23739	999923739	49637	FALSE
""	X-23782			""			""			""		""	""	X-23782	999923782	49681	FALSE
""	X-23787			""			""			""		""	""	X-23787	999923787	49688	FALSE
""	X-24106			""			""			""		""	""	X-24106	999924106	52135	FALSE
""	X-24241			""			""			""		""	""	X-24241	999924241	52280	FALSE
""	X-24243			""			""			""		""	""	X-24243	999924243	52286	FALSE
""	X-24293			""			""			""		""	""	X-24293	999924293	52297	FALSE
""	X-24295			""			""			""		""	""	X-24295	999924295	52483	FALSE
""	X-24309			""			""			""		""	""	X-24309	999924309	52504	FALSE
""	X-24328			""			""			""		""	""	X-24328	999924328	52524	FALSE
""	X-24329			""			""			""		""	""	X-24329	999924329	52525	FALSE
""	X-24334			""			""			""		""	""	X-24334	999924334	52530	FALSE
""	X-24337			""			""			""		""	""	X-24337	999924337	52533	FALSE
""	X-24348			""			""			""		""	""	X-24348	999924348	52544	FALSE
""	X-24352			""			""			""		""	""	X-24352	999924352	52548	FALSE
""	X-24418			""			""			""		""	""	X-24418	999924418	52647	FALSE
""	X-24432			""			""			""		""	""	X-24432	999924432	52662	FALSE
""	X-24435			""			""			""		""	""	X-24435	999924435	52665	FALSE
""	X-24452			""			""			""		""	""	X-24452	999924452	52769	FALSE
""	X-24473			""			""			""		""	""	X-24473	999924473	52790	FALSE
""	X-24494			""			""			""		""	""	X-24494	999924494	52813	FALSE
""	X-24514			""			""			""		""	""	X-24514	999924514	52835	FALSE
""	X-24527			""			""			""		""	""	X-24527	999924527	52848	FALSE
""	X-24542			""			""			""		""	""	X-24542	999924542	52863	FALSE
""	X-24544			""			""			""		""	""	X-24544	999924544	52865	FALSE
""	X-24546			""			""			""		""	""	X-24546	999924546	52867	FALSE
""	X-24549			""			""			""		""	""	X-24549	999924549	52870	FALSE
""	X-24556			""			""			""		""	""	X-24556	999924556	52877	FALSE
""	X-24571			""			""			""		""	""	X-24571	999924571	52892	FALSE
""	X-24588			""			""			""		""	""	X-24588	999924588	52909	FALSE
""	X-24637			""			""			""		""	""	X-24637	999924637	53065	FALSE
""	X-24669			""			""			""		""	""	X-24669	999924669	53097	FALSE
""	X-24686			""			""			""		""	""	X-24686	999924686	53114	FALSE
""	X-24699			""			""			""		""	""	X-24699	999924699	53127	FALSE
""	X-24728			""			""			""		""	""	X-24728	999924728	53157	FALSE
""	X-24736			""			""			""		""	""	X-24736	999924736	53172	FALSE
""	X-24747			""			""			""		""	""	X-24747	999924747	53266	FALSE
""	X-24748			""			""			""		""	""	X-24748	999924748	53267	FALSE
""	X-24757			""			""			""		""	""	X-24757	999924757	54695	FALSE
""	X-24766			""			""			""		""	""	X-24766	999924766	54704	FALSE
""	X-24803			""			""			""		""	""	X-24803	999924803	54831	FALSE
""	X-24804			""			""			""		""	""	X-24804	999924804	54832	FALSE
""	X-24813			""			""			""		""	""	X-24813	999924813	54841	FALSE
""	X-24831			""			""			""		""	""	X-24831	999924831	54859	FALSE
""	X-24849			""			""			""		""	""	X-24849	999924849	54877	FALSE
""	X-24870			""			""			""		""	""	X-24870	999924870	54977	FALSE
""	X-24947			""			""			""		""	""	X-24947	999924947	57714	FALSE
""	X-24948			""			""			""		""	""	X-24948	999924948	57715	FALSE
""	X-24949			""			""			""		""	""	X-24949	999924949	57716	FALSE
""	X-24951			""			""			""		""	""	X-24951	999924951	57718	FALSE
""	X-24952			""			""			""		""	""	X-24952	999924952	57719	FALSE
""	X-24972			""			""			""		""	""	X-24972	999924972	57756	FALSE
""	X-24974			""			""			""		""	""	X-24974	999924974	57815	FALSE
""	X-24983			""			""			""		""	""	X-24983	999924983	57839	FALSE
""	X-25182			""			""			""		""	""	X-25182	999925182	62249	FALSE
""	X-25217			""			""			""		""	""	X-25217	999925217	62403	FALSE
""	X-25259			""			""			""		""	""	X-25259	999925259	62488	FALSE
""	X-25279			""			""			""		""	""	X-25279	999925279	62521	FALSE
""	X-25309			""			""			""		""	""	X-25309	999925309	62602	FALSE
""	X-25316			""			""			""		""	""	X-25316	999925316	62609	FALSE
""	X-25396			""			""			""		""	""	X-25396	999925396	62689	FALSE
""	X-25404			""			""			""		""	""	X-25404	999925404	62697	FALSE
""	X-25416: artifact			""			""			""		""	""	X-25416: artifact	999925416	62713	FALSE
""	X-25433			""			""			""		""	""	X-25433	999925433	62749	FALSE
""	Acetate			""			""			""		Ketone bodies	""	Acetate; Acetate; Acetate; Ace; acetate			FALSE
""	Acetoacetate			""			""			""		Ketone bodies	""	Acetoacetate; Acetoacetate; Acetoacetate; acetoacetate			FALSE
""	Acetone			""			""			""		Ketone bodies	""	Acetone; Acetone; Acetone; acetone			FALSE
""	Alanine			""			""			""		Amino acids	""	Alanine; Ala; Ala; ala			FALSE
""	Albumin (signal area)			""			""			""		""	""	Albumin (signal area); Alb			FALSE
""	Albumin			""			""			""		Fluid balance	""	Albumin; Albumin; Albumin; albumin			FALSE
""	Apolipoprotein A1			""			""			""		Apolipoproteins	""	Apolipoprotein A1; ApoA1; ApoA1; apoa1			FALSE
""	Apolipoprotein B			""			""			""		Apolipoproteins	""	Apolipoprotein B; ApoB; ApoB; apob			FALSE
""	Ratio of apolipoprotein B to apolipoprotein A1			""			""			""		Apolipoproteins	""	Ratio of apolipoprotein B to apolipoprotein A1; ApoB/ApoA1; ApoB_by_ApoA1; apobapoa1			TRUE
""	3-Hydroxybutyrate			""			""			""		Ketone bodies	""	3-Hydroxybutyrate; bOHbutyrate; bOHbutyrate; bOHBut; bohbutyrate			FALSE
""	Total cholines			""			""			""		Other lipids	""	Total cholines; Cholines; Cholines; TotCho; cholines			FALSE
""	Citrate			""			""			""		Glycolysis related metabolites	""	Citrate; Citrate; Citrate; Cit; citrate			FALSE
""	Clinical LDL cholesterol			""			""			""		Cholesterol	""	Clinical LDL cholesterol; Clinical LDL-C; Clinical_LDL_C; clinicalldlc			FALSE
""	Creatinine			""			""			""		Fluid balance	""	Creatinine; Creatinine; Creatinine; Crea; creatinine			FALSE
""	Docosahexaenoic acid			""			""			""		Fatty acids	""	Docosahexaenoic acid; DHA; DHA; dha			FALSE
""	Ratio of docosahexaenoic acid to total fatty acids			""			""			""		Fatty acids	Fatty acid ratios	Ratio of docosahexaenoic acid to total fatty acids; DHA %; DHA_pct; DHA/FA; dhapct			TRUE
""	Glutamine			""			""			""		Amino acids	""	Glutamine; Gln; Gln; gln			FALSE
""	Glucose			""			""			""		Glycolysis related metabolites	""	Glucose; Glucose; Glucose; Glc; glucose			FALSE
""	Glycine			""			""			""		Amino acids	""	Glycine; Gly; Gly; gly			FALSE
""	Glycoprotein acetyls			""			""			""		Inflammation	""	Glycoprotein acetyls; GlycA; GlycA; Gp; glyca			FALSE
""	Glycerol			""			""			""		Glycolysis related metabolites	""	Glycerol; Glycerol; Glycerol; Glol; glycerol			FALSE
""	Average diameter for HDL particles			""			""			""		Lipoprotein particle sizes	""	Average diameter for HDL particles; HDL size; HDL_size; HDL-D; hdlsize			FALSE
""	HDL cholesterol			""			""			""		Cholesterol	""	HDL cholesterol; HDL-C; HDL_C; hdlc			FALSE
""	Cholesteryl esters in HDL			""			""			""		Cholesteryl esters	""	Cholesteryl esters in HDL; HDL-CE; HDL_CE; hdlce			FALSE
""	Free cholesterol in HDL			""			""			""		Free cholesterol	""	Free cholesterol in HDL; HDL-FC; HDL_FC; hdlfc			FALSE
""	Total lipids in HDL			""			""			""		Total lipids	""	Total lipids in HDL; HDL-L; HDL_L; hdll			FALSE
""	Concentration of HDL particles			""			""			""		Lipoprotein particle concentrations	""	Concentration of HDL particles; HDL-P; HDL_P; hdlp			FALSE
""	Phospholipids in HDL			""			""			""		Phospholipids	""	Phospholipids in HDL; HDL-PL; HDL_PL; hdlpl			FALSE
""	Triglycerides in HDL			""			""			""		Triglycerides	""	Triglycerides in HDL; HDL-TG; HDL_TG; hdltg			FALSE
""	Total cholesterol in HDL2			""			""			""		""	""	Total cholesterol in HDL2; HDL2-C			FALSE
""	Total cholesterol in HDL3			""			""			""		""	""	Total cholesterol in HDL3; HDL3-C			FALSE
""	Histidine			""			""			""		Amino acids	""	Histidine; His; His; his			FALSE
""	Cholesterol in IDL			""			""			""		Lipoprotein subclasses	IDL	Cholesterol in IDL; IDL-C; IDL_C; idlc			FALSE
""	Cholesterol to total lipids ratio in IDL			""			""			""		Relative lipoprotein lipid concentrations	IDL ratios	Cholesterol to total lipids ratio in IDL; IDL-C %; IDL_C_pct; IDL-C_%; idlcpct			TRUE
""	Cholesteryl esters in IDL			""			""			""		Lipoprotein subclasses	IDL	Cholesteryl esters in IDL; IDL-CE; IDL_CE; idlce			FALSE
""	Cholesteryl esters to total lipids ratio in IDL			""			""			""		Relative lipoprotein lipid concentrations	IDL ratios	Cholesteryl esters to total lipids ratio in IDL; IDL-CE %; IDL_CE_pct; IDL-CE_%; idlcepct			TRUE
""	Free cholesterol in IDL			""			""			""		Lipoprotein subclasses	IDL	Free cholesterol in IDL; IDL-FC; IDL_FC; idlfc			FALSE
""	Free cholesterol to total lipids ratio in IDL			""			""			""		Relative lipoprotein lipid concentrations	IDL ratios	Free cholesterol to total lipids ratio in IDL; IDL-FC %; IDL_FC_pct; IDL-FC_%; idlfcpct			TRUE
""	Total lipids in IDL			""			""			""		Lipoprotein subclasses	IDL	Total lipids in IDL; IDL-L; IDL_L; idll			FALSE
""	Concentration of IDL particles			""			""			""		Lipoprotein subclasses	IDL	Concentration of IDL particles; IDL-P; IDL_P; idlp			FALSE
""	Phospholipids in IDL			""			""			""		Lipoprotein subclasses	IDL	Phospholipids in IDL; IDL-PL; IDL_PL; idlpl			FALSE
""	Phospholipids to total lipids ratio in IDL			""			""			""		Relative lipoprotein lipid concentrations	IDL ratios	Phospholipids to total lipids ratio in IDL; IDL-PL %; IDL_PL_pct; IDL-PL_%; idlplpct			TRUE
""	Triglycerides in IDL			""			""			""		Lipoprotein subclasses	IDL	Triglycerides in IDL; IDL-TG; IDL_TG; idltg			FALSE
""	Triglycerides to total lipids ratio in IDL			""			""			""		Relative lipoprotein lipid concentrations	IDL ratios	Triglycerides to total lipids ratio in IDL; IDL-TG %; IDL_TG_pct; IDL-TG_%; idltgpct			TRUE
""	Isoleucine			""			""			""		Amino acids	Branched-chain amino acids	Isoleucine; Ile; Ile; ile			FALSE
""	Cholesterol in large HDL			""			""			""		Lipoprotein subclasses	Large HDL	Cholesterol in large HDL; L-HDL-C; L_HDL_C; lhdlc			FALSE
""	Cholesterol to total lipids ratio in large HDL			""			""			""		Relative lipoprotein lipid concentrations	Large HDL ratios	Cholesterol to total lipids ratio in large HDL; L-HDL-C %; L_HDL_C_pct; L-HDL-C_%; lhdlcpct			TRUE
""	Cholesteryl esters in large HDL			""			""			""		Lipoprotein subclasses	Large HDL	Cholesteryl esters in large HDL; L-HDL-CE; L_HDL_CE; lhdlce			FALSE
""	Cholesteryl esters to total lipids ratio in large HDL			""			""			""		Relative lipoprotein lipid concentrations	Large HDL ratios	Cholesteryl esters to total lipids ratio in large HDL; L-HDL-CE %; L_HDL_CE_pct; L-HDL-CE_%; lhdlcepct			TRUE
""	Free cholesterol in large HDL			""			""			""		Lipoprotein subclasses	Large HDL	Free cholesterol in large HDL; L-HDL-FC; L_HDL_FC; lhdlfc			FALSE
""	Free cholesterol to total lipids ratio in large HDL			""			""			""		Relative lipoprotein lipid concentrations	Large HDL ratios	Free cholesterol to total lipids ratio in large HDL; L-HDL-FC %; L_HDL_FC_pct; L-HDL-FC_%; lhdlfcpct			TRUE
""	Total lipids in large HDL			""			""			""		Lipoprotein subclasses	Large HDL	Total lipids in large HDL; L-HDL-L; L_HDL_L; lhdll			FALSE
""	Concentration of large HDL particles			""			""			""		Lipoprotein subclasses	Large HDL	Concentration of large HDL particles; L-HDL-P; L_HDL_P; lhdlp			FALSE
""	Phospholipids in large HDL			""			""			""		Lipoprotein subclasses	Large HDL	Phospholipids in large HDL; L-HDL-PL; L_HDL_PL; lhdlpl			FALSE
""	Phospholipids to total lipids ratio in large HDL			""			""			""		Relative lipoprotein lipid concentrations	Large HDL ratios	Phospholipids to total lipids ratio in large HDL; L-HDL-PL %; L_HDL_PL_pct; L-HDL-PL_%; lhdlplpct			TRUE
""	Triglycerides in large HDL			""			""			""		Lipoprotein subclasses	Large HDL	Triglycerides in large HDL; L-HDL-TG; L_HDL_TG; lhdltg			FALSE
""	Triglycerides to total lipids ratio in large HDL			""			""			""		Relative lipoprotein lipid concentrations	Large HDL ratios	Triglycerides to total lipids ratio in large HDL; L-HDL-TG %; L_HDL_TG_pct; L-HDL-TG_%; lhdltgpct			TRUE
""	Cholesterol in large LDL			""			""			""		Lipoprotein subclasses	Large LDL	Cholesterol in large LDL; L-LDL-C; L_LDL_C; lldlc			FALSE
""	Cholesterol to total lipids ratio in large LDL			""			""			""		Relative lipoprotein lipid concentrations	Large LDL ratios	Cholesterol to total lipids ratio in large LDL; L-LDL-C %; L_LDL_C_pct; L-LDL-C_%; lldlcpct			TRUE
""	Cholesteryl esters in large LDL			""			""			""		Lipoprotein subclasses	Large LDL	Cholesteryl esters in large LDL; L-LDL-CE; L_LDL_CE; lldlce			FALSE
""	Cholesteryl esters to total lipids ratio in large LDL			""			""			""		Relative lipoprotein lipid concentrations	Large LDL ratios	Cholesteryl esters to total lipids ratio in large LDL; L-LDL-CE %; L_LDL_CE_pct; L-LDL-CE_%; lldlcepct			TRUE
""	Free cholesterol in large LDL			""			""			""		Lipoprotein subclasses	Large LDL	Free cholesterol in large LDL; L-LDL-FC; L_LDL_FC; lldlfc			FALSE
""	Free cholesterol to total lipids ratio in large LDL			""			""			""		Relative lipoprotein lipid concentrations	Large LDL ratios	Free cholesterol to total lipids ratio in large LDL; L-LDL-FC %; L_LDL_FC_pct; L-LDL-FC_%; lldlfcpct			TRUE
""	Total lipids in large LDL			""			""			""		Lipoprotein subclasses	Large LDL	Total lipids in large LDL; L-LDL-L; L_LDL_L; lldll			FALSE
""	Concentration of large LDL particles			""			""			""		Lipoprotein subclasses	Large LDL	Concentration of large LDL particles; L-LDL-P; L_LDL_P; lldlp			FALSE
""	Phospholipids in large LDL			""			""			""		Lipoprotein subclasses	Large LDL	Phospholipids in large LDL; L-LDL-PL; L_LDL_PL; lldlpl			FALSE
""	Phospholipids to total lipids ratio in large LDL			""			""			""		Relative lipoprotein lipid concentrations	Large LDL ratios	Phospholipids to total lipids ratio in large LDL; L-LDL-PL %; L_LDL_PL_pct; L-LDL-PL_%; lldlplpct			TRUE
""	Triglycerides in large LDL			""			""			""		Lipoprotein subclasses	Large LDL	Triglycerides in large LDL; L-LDL-TG; L_LDL_TG; lldltg			FALSE
""	Triglycerides to total lipids ratio in large LDL			""			""			""		Relative lipoprotein lipid concentrations	Large LDL ratios	Triglycerides to total lipids ratio in large LDL; L-LDL-TG %; L_LDL_TG_pct; L-LDL-TG_%; lldltgpct			TRUE
""	Cholesterol in large VLDL			""			""			""		Lipoprotein subclasses	Large VLDL	Cholesterol in large VLDL; L-VLDL-C; L_VLDL_C; lvldlc			FALSE
""	Cholesterol to total lipids ratio in large VLDL			""			""			""		Relative lipoprotein lipid concentrations	Large VLDL ratios	Cholesterol to total lipids ratio in large VLDL; L-VLDL-C %; L_VLDL_C_pct; L-VLDL-C_%; lvldlcpct			TRUE
""	Cholesteryl esters in large VLDL			""			""			""		Lipoprotein subclasses	Large VLDL	Cholesteryl esters in large VLDL; L-VLDL-CE; L_VLDL_CE; lvldlce			FALSE
""	Cholesteryl esters to total lipids ratio in large VLDL			""			""			""		Relative lipoprotein lipid concentrations	Large VLDL ratios	Cholesteryl esters to total lipids ratio in large VLDL; L-VLDL-CE %; L_VLDL_CE_pct; L-VLDL-CE_%; lvldlcepct			TRUE
""	Free cholesterol in large VLDL			""			""			""		Lipoprotein subclasses	Large VLDL	Free cholesterol in large VLDL; L-VLDL-FC; L_VLDL_FC; lvldlfc			FALSE
""	Free cholesterol to total lipids ratio in large VLDL			""			""			""		Relative lipoprotein lipid concentrations	Large VLDL ratios	Free cholesterol to total lipids ratio in large VLDL; L-VLDL-FC %; L_VLDL_FC_pct; L-VLDL-FC_%; lvldlfcpct			TRUE
""	Total lipids in large VLDL			""			""			""		Lipoprotein subclasses	Large VLDL	Total lipids in large VLDL; L-VLDL-L; L_VLDL_L; lvldll			FALSE
""	Concentration of large VLDL particles			""			""			""		Lipoprotein subclasses	Large VLDL	Concentration of large VLDL particles; L-VLDL-P; L_VLDL_P; lvldlp			FALSE
""	Phospholipids in large VLDL			""			""			""		Lipoprotein subclasses	Large VLDL	Phospholipids in large VLDL; L-VLDL-PL; L_VLDL_PL; lvldlpl			FALSE
""	Phospholipids to total lipids ratio in large VLDL			""			""			""		Relative lipoprotein lipid concentrations	Large VLDL ratios	Phospholipids to total lipids ratio in large VLDL; L-VLDL-PL %; L_VLDL_PL_pct; L-VLDL-PL_%; lvldlplpct			TRUE
""	Triglycerides in large VLDL			""			""			""		Lipoprotein subclasses	Large VLDL	Triglycerides in large VLDL; L-VLDL-TG; L_VLDL_TG; lvldltg			FALSE
""	Triglycerides to total lipids ratio in large VLDL			""			""			""		Relative lipoprotein lipid concentrations	Large VLDL ratios	Triglycerides to total lipids ratio in large VLDL; L-VLDL-TG %; L_VLDL_TG_pct; L-VLDL-TG_%; lvldltgpct			TRUE
""	Linoleic acid			""			""			""		Fatty acids	""	Linoleic acid; LA; LA; la			FALSE
""	Ratio of linoleic acid to total fatty acids			""			""			""		Fatty acids	Fatty acid ratios	Ratio of linoleic acid to total fatty acids; LA %; LA_pct; LA/FA; lapct			TRUE
""	Lactate			""			""			""		Glycolysis related metabolites	""	Lactate; Lactate; Lactate; Lac; lactate			FALSE
""	Average diameter for LDL particles			""			""			""		Lipoprotein particle sizes	""	Average diameter for LDL particles; LDL size; LDL_size; LDL-D; ldlsize			FALSE
""	LDL cholesterol			""			""			""		Cholesterol	""	LDL cholesterol; LDL-C; LDL_C; ldlc			FALSE
""	Cholesteryl esters in LDL			""			""			""		Cholesteryl esters	""	Cholesteryl esters in LDL; LDL-CE; LDL_CE; ldlce			FALSE
""	Free cholesterol in LDL			""			""			""		Free cholesterol	""	Free cholesterol in LDL; LDL-FC; LDL_FC; ldlfc			FALSE
""	Total lipids in LDL			""			""			""		Total lipids	""	Total lipids in LDL; LDL-L; LDL_L; ldll			FALSE
""	Concentration of LDL particles			""			""			""		Lipoprotein particle concentrations	""	Concentration of LDL particles; LDL-P; LDL_P; ldlp			FALSE
""	Phospholipids in LDL			""			""			""		Phospholipids	""	Phospholipids in LDL; LDL-PL; LDL_PL; ldlpl			FALSE
""	Triglycerides in LDL			""			""			""		Triglycerides	""	Triglycerides in LDL; LDL-TG; LDL_TG; ldltg			FALSE
""	Leucine			""			""			""		Amino acids	Branched-chain amino acids	Leucine; Leu; Leu; leu			FALSE
""	Cholesterol in medium HDL			""			""			""		Lipoprotein subclasses	Medium HDL	Cholesterol in medium HDL; M-HDL-C; M_HDL_C; mhdlc			FALSE
""	Cholesterol to total lipids ratio in medium HDL			""			""			""		Relative lipoprotein lipid concentrations	Medium HDL ratios	Cholesterol to total lipids ratio in medium HDL; M-HDL-C %; M_HDL_C_pct; M-HDL-C_%; mhdlcpct			TRUE
""	Cholesteryl esters in medium HDL			""			""			""		Lipoprotein subclasses	Medium HDL	Cholesteryl esters in medium HDL; M-HDL-CE; M_HDL_CE; mhdlce			FALSE
""	Cholesteryl esters to total lipids ratio in medium HDL			""			""			""		Relative lipoprotein lipid concentrations	Medium HDL ratios	Cholesteryl esters to total lipids ratio in medium HDL; M-HDL-CE %; M_HDL_CE_pct; M-HDL-CE_%; mhdlcepct			TRUE
""	Free cholesterol in medium HDL			""			""			""		Lipoprotein subclasses	Medium HDL	Free cholesterol in medium HDL; M-HDL-FC; M_HDL_FC; mhdlfc			FALSE
""	Free cholesterol to total lipids ratio in medium HDL			""			""			""		Relative lipoprotein lipid concentrations	Medium HDL ratios	Free cholesterol to total lipids ratio in medium HDL; M-HDL-FC %; M_HDL_FC_pct; M-HDL-FC_%; mhdlfcpct			TRUE
""	Total lipids in medium HDL			""			""			""		Lipoprotein subclasses	Medium HDL	Total lipids in medium HDL; M-HDL-L; M_HDL_L; mhdll			FALSE
""	Concentration of medium HDL particles			""			""			""		Lipoprotein subclasses	Medium HDL	Concentration of medium HDL particles; M-HDL-P; M_HDL_P; mhdlp			FALSE
""	Phospholipids in medium HDL			""			""			""		Lipoprotein subclasses	Medium HDL	Phospholipids in medium HDL; M-HDL-PL; M_HDL_PL; mhdlpl			FALSE
""	Phospholipids to total lipids ratio in medium HDL			""			""			""		Relative lipoprotein lipid concentrations	Medium HDL ratios	Phospholipids to total lipids ratio in medium HDL; M-HDL-PL %; M_HDL_PL_pct; M-HDL-PL_%; mhdlplpct			TRUE
""	Triglycerides in medium HDL			""			""			""		Lipoprotein subclasses	Medium HDL	Triglycerides in medium HDL; M-HDL-TG; M_HDL_TG; mhdltg			FALSE
""	Triglycerides to total lipids ratio in medium HDL			""			""			""		Relative lipoprotein lipid concentrations	Medium HDL ratios	Triglycerides to total lipids ratio in medium HDL; M-HDL-TG %; M_HDL_TG_pct; M-HDL-TG_%; mhdltgpct			TRUE
""	Cholesterol in medium LDL			""			""			""		Lipoprotein subclasses	Medium LDL	Cholesterol in medium LDL; M-LDL-C; M_LDL_C; mldlc			FALSE
""	Cholesterol to total lipids ratio in medium LDL			""			""			""		Relative lipoprotein lipid concentrations	Medium LDL ratios	Cholesterol to total lipids ratio in medium LDL; M-LDL-C %; M_LDL_C_pct; M-LDL-C_%; mldlcpct			TRUE
""	Cholesteryl esters in medium LDL			""			""			""		Lipoprotein subclasses	Medium LDL	Cholesteryl esters in medium LDL; M-LDL-CE; M_LDL_CE; mldlce			FALSE
""	Cholesteryl esters to total lipids ratio in medium LDL			""			""			""		Relative lipoprotein lipid concentrations	Medium LDL ratios	Cholesteryl esters to total lipids ratio in medium LDL; M-LDL-CE %; M_LDL_CE_pct; M-LDL-CE_%; mldlcepct			TRUE
""	Free cholesterol in medium LDL			""			""			""		Lipoprotein subclasses	Medium LDL	Free cholesterol in medium LDL; M-LDL-FC; M_LDL_FC; mldlfc			FALSE
""	Free cholesterol to total lipids ratio in medium LDL			""			""			""		Relative lipoprotein lipid concentrations	Medium LDL ratios	Free cholesterol to total lipids ratio in medium LDL; M-LDL-FC %; M_LDL_FC_pct; M-LDL-FC_%; mldlfcpct			TRUE
""	Total lipids in medium LDL			""			""			""		Lipoprotein subclasses	Medium LDL	Total lipids in medium LDL; M-LDL-L; M_LDL_L; mldll			FALSE
""	Concentration of medium LDL particles			""			""			""		Lipoprotein subclasses	Medium LDL	Concentration of medium LDL particles; M-LDL-P; M_LDL_P; mldlp			FALSE
""	Phospholipids in medium LDL			""			""			""		Lipoprotein subclasses	Medium LDL	Phospholipids in medium LDL; M-LDL-PL; M_LDL_PL; mldlpl			FALSE
""	Phospholipids to total lipids ratio in medium LDL			""			""			""		Relative lipoprotein lipid concentrations	Medium LDL ratios	Phospholipids to total lipids ratio in medium LDL; M-LDL-PL %; M_LDL_PL_pct; M-LDL-PL_%; mldlplpct			TRUE
""	Triglycerides in medium LDL			""			""			""		Lipoprotein subclasses	Medium LDL	Triglycerides in medium LDL; M-LDL-TG; M_LDL_TG; mldltg			FALSE
""	Triglycerides to total lipids ratio in medium LDL			""			""			""		Relative lipoprotein lipid concentrations	Medium LDL ratios	Triglycerides to total lipids ratio in medium LDL; M-LDL-TG %; M_LDL_TG_pct; M-LDL-TG_%; mldltgpct			TRUE
""	Cholesterol in medium VLDL			""			""			""		Lipoprotein subclasses	Medium VLDL	Cholesterol in medium VLDL; M-VLDL-C; M_VLDL_C; mvldlc			FALSE
""	Cholesterol to total lipids ratio in medium VLDL			""			""			""		Relative lipoprotein lipid concentrations	Medium VLDL ratios	Cholesterol to total lipids ratio in medium VLDL; M-VLDL-C %; M_VLDL_C_pct; M-VLDL-C_%; mvldlcpct			TRUE
""	Cholesteryl esters in medium VLDL			""			""			""		Lipoprotein subclasses	Medium VLDL	Cholesteryl esters in medium VLDL; M-VLDL-CE; M_VLDL_CE; mvldlce			FALSE
""	Cholesteryl esters to total lipids ratio in medium VLDL			""			""			""		Relative lipoprotein lipid concentrations	Medium VLDL ratios	Cholesteryl esters to total lipids ratio in medium VLDL; M-VLDL-CE %; M_VLDL_CE_pct; M-VLDL-CE_%; mvldlcepct			TRUE
""	Free cholesterol in medium VLDL			""			""			""		Lipoprotein subclasses	Medium VLDL	Free cholesterol in medium VLDL; M-VLDL-FC; M_VLDL_FC; mvldlfc			FALSE
""	Free cholesterol to total lipids ratio in medium VLDL			""			""			""		Relative lipoprotein lipid concentrations	Medium VLDL ratios	Free cholesterol to total lipids ratio in medium VLDL; M-VLDL-FC %; M_VLDL_FC_pct; M-VLDL-FC_%; mvldlfcpct			TRUE
""	Total lipids in medium VLDL			""			""			""		Lipoprotein subclasses	Medium VLDL	Total lipids in medium VLDL; M-VLDL-L; M_VLDL_L; mvldll			FALSE
""	Concentration of medium VLDL particles			""			""			""		Lipoprotein subclasses	Medium VLDL	Concentration of medium VLDL particles; M-VLDL-P; M_VLDL_P; mvldlp			FALSE
""	Phospholipids in medium VLDL			""			""			""		Lipoprotein subclasses	Medium VLDL	Phospholipids in medium VLDL; M-VLDL-PL; M_VLDL_PL; mvldlpl			FALSE
""	Phospholipids to total lipids ratio in medium VLDL			""			""			""		Relative lipoprotein lipid concentrations	Medium VLDL ratios	Phospholipids to total lipids ratio in medium VLDL; M-VLDL-PL %; M_VLDL_PL_pct; M-VLDL-PL_%; mvldlplpct			TRUE
""	Triglycerides in medium VLDL			""			""			""		Lipoprotein subclasses	Medium VLDL	Triglycerides in medium VLDL; M-VLDL-TG; M_VLDL_TG; mvldltg			FALSE
""	Triglycerides to total lipids ratio in medium VLDL			""			""			""		Relative lipoprotein lipid concentrations	Medium VLDL ratios	Triglycerides to total lipids ratio in medium VLDL; M-VLDL-TG %; M_VLDL_TG_pct; M-VLDL-TG_%; mvldltgpct			TRUE
""	Monounsaturated fatty acids			""			""			""		Fatty acids	""	Monounsaturated fatty acids; MUFA; MUFA; mufa			FALSE
""	Ratio of monounsaturated fatty acids to total fatty acids			""			""			""		Fatty acids	Fatty acid ratios	Ratio of monounsaturated fatty acids to total fatty acids; MUFA %; MUFA_pct; MUFA/FA; mufapct			TRUE
""	Total cholesterol minus HDL-C			""			""			""		Cholesterol	""	Total cholesterol minus HDL-C; non-HDL-C; non_HDL_C; nonhdlc			FALSE
""	Omega-3 fatty acids			""			""			""		Fatty acids	""	Omega-3 fatty acids; Omega-3; Omega_3; FAw3; omega3			FALSE
""	Ratio of omega-3 fatty acids to total fatty acids			""			""			""		Fatty acids	Fatty acid ratios	Ratio of omega-3 fatty acids to total fatty acids; Omega-3 %; Omega_3_pct; FAw3/FA; omega3pct			TRUE
""	Omega-6 fatty acids			""			""			""		Fatty acids	""	Omega-6 fatty acids; Omega-6; Omega_6; FAw6; omega6			FALSE
""	Ratio of omega-6 fatty acids to total fatty acids			""			""			""		Fatty acids	Fatty acid ratios	Ratio of omega-6 fatty acids to total fatty acids; Omega-6 %; Omega_6_pct; FAw6/FA; omega6pct			TRUE
""	Ratio of omega-6 fatty acids to omega-3 fatty acids			""			""			""		Fatty acids	Fatty acid ratios	Ratio of omega-6 fatty acids to omega-3 fatty acids; Omega-6/Omega-3; Omega_6_by_Omega_3; omega6omega3			TRUE
""	Phenylalanine			""			""			""		Amino acids	Aromatic amino acids	Phenylalanine; Phe; Phe; phe			FALSE
""	Phosphatidylcholines			""			""			""		Other lipids	""	Phosphatidylcholines; Phosphatidylc; Phosphatidylc; PC; phosphatidylc			FALSE
""	Phosphoglycerides			""			""			""		Other lipids	""	Phosphoglycerides; Phosphoglyc; Phosphoglyc; TotPG; phosphoglyc			FALSE
""	Polyunsaturated fatty acids			""			""			""		Fatty acids	""	Polyunsaturated fatty acids; PUFA; PUFA; pufa			FALSE
""	Ratio of polyunsaturated fatty acids to total fatty acids			""			""			""		Fatty acids	Fatty acid ratios	Ratio of polyunsaturated fatty acids to total fatty acids; PUFA %; PUFA_pct; PUFA/FA; pufapct			TRUE
""	Ratio of polyunsaturated fatty acids to monounsaturated fatty acids			""			""			""		Fatty acids	Fatty acid ratios	Ratio of polyunsaturated fatty acids to monounsaturated fatty acids; PUFA/MUFA; PUFA_by_MUFA; pufamufa			TRUE
""	Pyruvate			""			""			""		Glycolysis related metabolites	""	Pyruvate; Pyruvate; Pyruvate; Pyr; pyruvate			FALSE
""	Remnant cholesterol (non-HDL, non-LDL -cholesterol)			""			""			""		Cholesterol	""	Remnant cholesterol (non-HDL, non-LDL -cholesterol); Remnant-C; Remnant_C; remnantc			FALSE
""	Cholesterol in small HDL			""			""			""		Lipoprotein subclasses	Small HDL	Cholesterol in small HDL; S-HDL-C; S_HDL_C; shdlc			FALSE
""	Cholesterol to total lipids ratio in small HDL			""			""			""		Relative lipoprotein lipid concentrations	Small HDL ratios	Cholesterol to total lipids ratio in small HDL; S-HDL-C %; S_HDL_C_pct; S-HDL-C_%; shdlcpct			TRUE
""	Cholesteryl esters in small HDL			""			""			""		Lipoprotein subclasses	Small HDL	Cholesteryl esters in small HDL; S-HDL-CE; S_HDL_CE; shdlce			FALSE
""	Cholesteryl esters to total lipids ratio in small HDL			""			""			""		Relative lipoprotein lipid concentrations	Small HDL ratios	Cholesteryl esters to total lipids ratio in small HDL; S-HDL-CE %; S_HDL_CE_pct; S-HDL-CE_%; shdlcepct			TRUE
""	Free cholesterol in small HDL			""			""			""		Lipoprotein subclasses	Small HDL	Free cholesterol in small HDL; S-HDL-FC; S_HDL_FC; shdlfc			FALSE
""	Free cholesterol to total lipids ratio in small HDL			""			""			""		Relative lipoprotein lipid concentrations	Small HDL ratios	Free cholesterol to total lipids ratio in small HDL; S-HDL-FC %; S_HDL_FC_pct; S-HDL-FC_%; shdlfcpct			TRUE
""	Total lipids in small HDL			""			""			""		Lipoprotein subclasses	Small HDL	Total lipids in small HDL; S-HDL-L; S_HDL_L; shdll			FALSE
""	Concentration of small HDL particles			""			""			""		Lipoprotein subclasses	Small HDL	Concentration of small HDL particles; S-HDL-P; S_HDL_P; shdlp			FALSE
""	Phospholipids in small HDL			""			""			""		Lipoprotein subclasses	Small HDL	Phospholipids in small HDL; S-HDL-PL; S_HDL_PL; shdlpl			FALSE
""	Phospholipids to total lipids ratio in small HDL			""			""			""		Relative lipoprotein lipid concentrations	Small HDL ratios	Phospholipids to total lipids ratio in small HDL; S-HDL-PL %; S_HDL_PL_pct; S-HDL-PL_%; shdlplpct			TRUE
""	Triglycerides in small HDL			""			""			""		Lipoprotein subclasses	Small HDL	Triglycerides in small HDL; S-HDL-TG; S_HDL_TG; shdltg			FALSE
""	Triglycerides to total lipids ratio in small HDL			""			""			""		Relative lipoprotein lipid concentrations	Small HDL ratios	Triglycerides to total lipids ratio in small HDL; S-HDL-TG %; S_HDL_TG_pct; S-HDL-TG_%; shdltgpct			TRUE
""	Cholesterol in small LDL			""			""			""		Lipoprotein subclasses	Small LDL	Cholesterol in small LDL; S-LDL-C; S_LDL_C; sldlc			FALSE
""	Cholesterol to total lipids ratio in small LDL			""			""			""		Relative lipoprotein lipid concentrations	Small LDL ratios	Cholesterol to total lipids ratio in small LDL; S-LDL-C %; S_LDL_C_pct; S-LDL-C_%; sldlcpct			TRUE
""	Cholesteryl esters in small LDL			""			""			""		Lipoprotein subclasses	Small LDL	Cholesteryl esters in small LDL; S-LDL-CE; S_LDL_CE; sldlce			FALSE
""	Cholesteryl esters to total lipids ratio in small LDL			""			""			""		Relative lipoprotein lipid concentrations	Small LDL ratios	Cholesteryl esters to total lipids ratio in small LDL; S-LDL-CE %; S_LDL_CE_pct; S-LDL-CE_%; sldlcepct			TRUE
""	Free cholesterol in small LDL			""			""			""		Lipoprotein subclasses	Small LDL	Free cholesterol in small LDL; S-LDL-FC; S_LDL_FC; sldlfc			FALSE
""	Free cholesterol to total lipids ratio in small LDL			""			""			""		Relative lipoprotein lipid concentrations	Small LDL ratios	Free cholesterol to total lipids ratio in small LDL; S-LDL-FC %; S_LDL_FC_pct; S-LDL-FC_%; sldlfcpct			TRUE
""	Total lipids in small LDL			""			""			""		Lipoprotein subclasses	Small LDL	Total lipids in small LDL; S-LDL-L; S_LDL_L; sldll			FALSE
""	Concentration of small LDL particles			""			""			""		Lipoprotein subclasses	Small LDL	Concentration of small LDL particles; S-LDL-P; S_LDL_P; sldlp			FALSE
""	Phospholipids in small LDL			""			""			""		Lipoprotein subclasses	Small LDL	Phospholipids in small LDL; S-LDL-PL; S_LDL_PL; sldlpl			FALSE
""	Phospholipids to total lipids ratio in small LDL			""			""			""		Relative lipoprotein lipid concentrations	Small LDL ratios	Phospholipids to total lipids ratio in small LDL; S-LDL-PL %; S_LDL_PL_pct; S-LDL-PL_%; sldlplpct			TRUE
""	Triglycerides in small LDL			""			""			""		Lipoprotein subclasses	Small LDL	Triglycerides in small LDL; S-LDL-TG; S_LDL_TG; sldltg			FALSE
""	Triglycerides to total lipids ratio in small LDL			""			""			""		Relative lipoprotein lipid concentrations	Small LDL ratios	Triglycerides to total lipids ratio in small LDL; S-LDL-TG %; S_LDL_TG_pct; S-LDL-TG_%; sldltgpct			TRUE
""	Cholesterol in small VLDL			""			""			""		Lipoprotein subclasses	Small VLDL	Cholesterol in small VLDL; S-VLDL-C; S_VLDL_C; svldlc			FALSE
""	Cholesterol to total lipids ratio in small VLDL			""			""			""		Relative lipoprotein lipid concentrations	Small VLDL ratios	Cholesterol to total lipids ratio in small VLDL; S-VLDL-C %; S_VLDL_C_pct; S-VLDL-C_%; svldlcpct			TRUE
""	Cholesteryl esters in small VLDL			""			""			""		Lipoprotein subclasses	Small VLDL	Cholesteryl esters in small VLDL; S-VLDL-CE; S_VLDL_CE; svldlce			FALSE
""	Cholesteryl esters to total lipids ratio in small VLDL			""			""			""		Relative lipoprotein lipid concentrations	Small VLDL ratios	Cholesteryl esters to total lipids ratio in small VLDL; S-VLDL-CE %; S_VLDL_CE_pct; S-VLDL-CE_%; svldlcepct			TRUE
""	Free cholesterol in small VLDL			""			""			""		Lipoprotein subclasses	Small VLDL	Free cholesterol in small VLDL; S-VLDL-FC; S_VLDL_FC; svldlfc			FALSE
""	Free cholesterol to total lipids ratio in small VLDL			""			""			""		Relative lipoprotein lipid concentrations	Small VLDL ratios	Free cholesterol to total lipids ratio in small VLDL; S-VLDL-FC %; S_VLDL_FC_pct; S-VLDL-FC_%; svldlfcpct			TRUE
""	Total lipids in small VLDL			""			""			""		Lipoprotein subclasses	Small VLDL	Total lipids in small VLDL; S-VLDL-L; S_VLDL_L; svldll			FALSE
""	Concentration of small VLDL particles			""			""			""		Lipoprotein subclasses	Small VLDL	Concentration of small VLDL particles; S-VLDL-P; S_VLDL_P; svldlp			FALSE
""	Phospholipids in small VLDL			""			""			""		Lipoprotein subclasses	Small VLDL	Phospholipids in small VLDL; S-VLDL-PL; S_VLDL_PL; svldlpl			FALSE
""	Phospholipids to total lipids ratio in small VLDL			""			""			""		Relative lipoprotein lipid concentrations	Small VLDL ratios	Phospholipids to total lipids ratio in small VLDL; S-VLDL-PL %; S_VLDL_PL_pct; S-VLDL-PL_%; svldlplpct			TRUE
""	Triglycerides in small VLDL			""			""			""		Lipoprotein subclasses	Small VLDL	Triglycerides in small VLDL; S-VLDL-TG; S_VLDL_TG; svldltg			FALSE
""	Triglycerides to total lipids ratio in small VLDL			""			""			""		Relative lipoprotein lipid concentrations	Small VLDL ratios	Triglycerides to total lipids ratio in small VLDL; S-VLDL-TG %; S_VLDL_TG_pct; S-VLDL-TG_%; svldltgpct			TRUE
""	Saturated fatty acids			""			""			""		Fatty acids	""	Saturated fatty acids; SFA; SFA; sfa			FALSE
""	Ratio of saturated fatty acids to total fatty acids			""			""			""		Fatty acids	Fatty acid ratios	Ratio of saturated fatty acids to total fatty acids; SFA %; SFA_pct; SFA/FA; sfapct			TRUE
""	Sphingomyelins			""			""			""		Other lipids	""	Sphingomyelins; Sphingomyelins; Sphingomyelins; SM; sphingomyelins			FALSE
""	Ratio of triglycerides to phosphoglycerides			""			""			""		Other lipids	""	Ratio of triglycerides to phosphoglycerides; TG/PG; TG_by_PG; tgpg			TRUE
""	Total concentration of branched-chain amino acids (leucine + isoleucine + valine)			""			""			""		Amino acids	Branched-chain amino acids	Total concentration of branched-chain amino acids (leucine + isoleucine + valine); Total BCAA; Total_BCAA; totalbcaa			FALSE
""	Total cholesterol			""			""			""		Cholesterol	""	Total cholesterol; Total-C; Total_C; Serum-C; totalc			FALSE
""	Total esterified cholesterol			""			""			""		Cholesteryl esters	""	Total esterified cholesterol; Total-CE; Total_CE; EstC; totalce			FALSE
""	Total fatty acids			""			""			""		Fatty acids	""	Total fatty acids; Total-FA; Total_FA; TotFA; totalfa			FALSE
""	Total free cholesterol			""			""			""		Free cholesterol	""	Total free cholesterol; Total-FC; Total_FC; FreeC; totalfc			FALSE
""	Total lipids in lipoprotein particles			""			""			""		Total lipids	""	Total lipids in lipoprotein particles; Total-L; Total_L; totall			FALSE
""	Total concentration of lipoprotein particles			""			""			""		Lipoprotein particle concentrations	""	Total concentration of lipoprotein particles; Total-P; Total_P; totalp			FALSE
""	Total phospholipids in lipoprotein particles			""			""			""		Phospholipids	""	Total phospholipids in lipoprotein particles; Total-PL; Total_PL; totalpl			FALSE
""	Total triglycerides			""			""			""		Triglycerides	""	Total triglycerides; Total-TG; Total_TG; Serum-TG; totaltg			FALSE
""	Tyrosine			""			""			""		Amino acids	Aromatic amino acids	Tyrosine; Tyr; Tyr; tyr			FALSE
""	Degree of unsaturation			""			""			""		Fatty acids	""	Degree of unsaturation; Unsaturation; Unsaturation; UnSat; unsaturation			FALSE
""	Valine			""			""			""		Amino acids	Branched-chain amino acids	Valine; Val; Val; val			FALSE
""	Average diameter for VLDL particles			""			""			""		Lipoprotein particle sizes	""	Average diameter for VLDL particles; VLDL size; VLDL_size; VLDL-D; vldlsize			FALSE
""	VLDL cholesterol			""			""			""		Cholesterol	""	VLDL cholesterol; VLDL-C; VLDL_C; vldlc			FALSE
""	Cholesteryl esters in VLDL			""			""			""		Cholesteryl esters	""	Cholesteryl esters in VLDL; VLDL-CE; VLDL_CE; vldlce			FALSE
""	Free cholesterol in VLDL			""			""			""		Free cholesterol	""	Free cholesterol in VLDL; VLDL-FC; VLDL_FC; vldlfc			FALSE
""	Total lipids in VLDL			""			""			""		Total lipids	""	Total lipids in VLDL; VLDL-L; VLDL_L; vldll			FALSE
""	Concentration of VLDL particles			""			""			""		Lipoprotein particle concentrations	""	Concentration of VLDL particles; VLDL-P; VLDL_P; vldlp			FALSE
""	Phospholipids in VLDL			""			""			""		Phospholipids	""	Phospholipids in VLDL; VLDL-PL; VLDL_PL; vldlpl			FALSE
""	Triglycerides in VLDL			""			""			""		Triglycerides	""	Triglycerides in VLDL; VLDL-TG; VLDL_TG; vldltg			FALSE
""	Cholesterol in very large HDL			""			""			""		Lipoprotein subclasses	Very large HDL	Cholesterol in very large HDL; XL-HDL-C; XL_HDL_C; xlhdlc			FALSE
""	Cholesterol to total lipids ratio in very large HDL			""			""			""		Relative lipoprotein lipid concentrations	Very large HDL ratios	Cholesterol to total lipids ratio in very large HDL; XL-HDL-C %; XL_HDL_C_pct; XL-HDL-C_%; xlhdlcpct			TRUE
""	Cholesteryl esters in very large HDL			""			""			""		Lipoprotein subclasses	Very large HDL	Cholesteryl esters in very large HDL; XL-HDL-CE; XL_HDL_CE; xlhdlce			FALSE
""	Cholesteryl esters to total lipids ratio in very large HDL			""			""			""		Relative lipoprotein lipid concentrations	Very large HDL ratios	Cholesteryl esters to total lipids ratio in very large HDL; XL-HDL-CE %; XL_HDL_CE_pct; XL-HDL-CE_%; xlhdlcepct			TRUE
""	Free cholesterol in very large HDL			""			""			""		Lipoprotein subclasses	Very large HDL	Free cholesterol in very large HDL; XL-HDL-FC; XL_HDL_FC; xlhdlfc			FALSE
""	Free cholesterol to total lipids ratio in very large HDL			""			""			""		Relative lipoprotein lipid concentrations	Very large HDL ratios	Free cholesterol to total lipids ratio in very large HDL; XL-HDL-FC %; XL_HDL_FC_pct; XL-HDL-FC_%; xlhdlfcpct			TRUE
""	Total lipids in very large HDL			""			""			""		Lipoprotein subclasses	Very large HDL	Total lipids in very large HDL; XL-HDL-L; XL_HDL_L; xlhdll			FALSE
""	Concentration of very large HDL particles			""			""			""		Lipoprotein subclasses	Very large HDL	Concentration of very large HDL particles; XL-HDL-P; XL_HDL_P; xlhdlp			FALSE
""	Phospholipids in very large HDL			""			""			""		Lipoprotein subclasses	Very large HDL	Phospholipids in very large HDL; XL-HDL-PL; XL_HDL_PL; xlhdlpl			FALSE
""	Phospholipids to total lipids ratio in very large HDL			""			""			""		Relative lipoprotein lipid concentrations	Very large HDL ratios	Phospholipids to total lipids ratio in very large HDL; XL-HDL-PL %; XL_HDL_PL_pct; XL-HDL-PL_%; xlhdlplpct			TRUE
""	Triglycerides in very large HDL			""			""			""		Lipoprotein subclasses	Very large HDL	Triglycerides in very large HDL; XL-HDL-TG; XL_HDL_TG; xlhdltg			FALSE
""	Triglycerides to total lipids ratio in very large HDL			""			""			""		Relative lipoprotein lipid concentrations	Very large HDL ratios	Triglycerides to total lipids ratio in very large HDL; XL-HDL-TG %; XL_HDL_TG_pct; XL-HDL-TG_%; xlhdltgpct			TRUE
""	Cholesterol in very large VLDL			""			""			""		Lipoprotein subclasses	Very large VLDL	Cholesterol in very large VLDL; XL-VLDL-C; XL_VLDL_C; xlvldlc			FALSE
""	Cholesterol to total lipids ratio in very large VLDL			""			""			""		Relative lipoprotein lipid concentrations	Very large VLDL ratios	Cholesterol to total lipids ratio in very large VLDL; XL-VLDL-C %; XL_VLDL_C_pct; XL-VLDL-C_%; xlvldlcpct			TRUE
""	Cholesteryl esters in very large VLDL			""			""			""		Lipoprotein subclasses	Very large VLDL	Cholesteryl esters in very large VLDL; XL-VLDL-CE; XL_VLDL_CE; xlvldlce			FALSE
""	Cholesteryl esters to total lipids ratio in very large VLDL			""			""			""		Relative lipoprotein lipid concentrations	Very large VLDL ratios	Cholesteryl esters to total lipids ratio in very large VLDL; XL-VLDL-CE %; XL_VLDL_CE_pct; XL-VLDL-CE_%; xlvldlcepct			TRUE
""	Free cholesterol in very large VLDL			""			""			""		Lipoprotein subclasses	Very large VLDL	Free cholesterol in very large VLDL; XL-VLDL-FC; XL_VLDL_FC; xlvldlfc			FALSE
""	Free cholesterol to total lipids ratio in very large VLDL			""			""			""		Relative lipoprotein lipid concentrations	Very large VLDL ratios	Free cholesterol to total lipids ratio in very large VLDL; XL-VLDL-FC %; XL_VLDL_FC_pct; XL-VLDL-FC_%; xlvldlfcpct			TRUE
""	Total lipids in very large VLDL			""			""			""		Lipoprotein subclasses	Very large VLDL	Total lipids in very large VLDL; XL-VLDL-L; XL_VLDL_L; xlvldll			FALSE
""	Concentration of very large VLDL particles			""			""			""		Lipoprotein subclasses	Very large VLDL	Concentration of very large VLDL particles; XL-VLDL-P; XL_VLDL_P; xlvldlp			FALSE
""	Phospholipids in very large VLDL			""			""			""		Lipoprotein subclasses	Very large VLDL	Phospholipids in very large VLDL; XL-VLDL-PL; XL_VLDL_PL; xlvldlpl			FALSE
""	Phospholipids to total lipids ratio in very large VLDL			""			""			""		Relative lipoprotein lipid concentrations	Very large VLDL ratios	Phospholipids to total lipids ratio in very large VLDL; XL-VLDL-PL %; XL_VLDL_PL_pct; XL-VLDL-PL_%; xlvldlplpct			TRUE
""	Triglycerides in very large VLDL			""			""			""		Lipoprotein subclasses	Very large VLDL	Triglycerides in very large VLDL; XL-VLDL-TG; XL_VLDL_TG; xlvldltg			FALSE
""	Triglycerides to total lipids ratio in very large VLDL			""			""			""		Relative lipoprotein lipid concentrations	Very large VLDL ratios	Triglycerides to total lipids ratio in very large VLDL; XL-VLDL-TG %; XL_VLDL_TG_pct; XL-VLDL-TG_%; xlvldltgpct			TRUE
""	Cholesterol in very small VLDL			""			""			""		Lipoprotein subclasses	Very small VLDL	Cholesterol in very small VLDL; XS-VLDL-C; XS_VLDL_C; xsvldlc			FALSE
""	Cholesterol to total lipids ratio in very small VLDL			""			""			""		Relative lipoprotein lipid concentrations	Very small VLDL ratios	Cholesterol to total lipids ratio in very small VLDL; XS-VLDL-C %; XS_VLDL_C_pct; XS-VLDL-C_%; xsvldlcpct			TRUE
""	Cholesteryl esters in very small VLDL			""			""			""		Lipoprotein subclasses	Very small VLDL	Cholesteryl esters in very small VLDL; XS-VLDL-CE; XS_VLDL_CE; xsvldlce			FALSE
""	Cholesteryl esters to total lipids ratio in very small VLDL			""			""			""		Relative lipoprotein lipid concentrations	Very small VLDL ratios	Cholesteryl esters to total lipids ratio in very small VLDL; XS-VLDL-CE %; XS_VLDL_CE_pct; XS-VLDL-CE_%; xsvldlcepct			TRUE
""	Free cholesterol in very small VLDL			""			""			""		Lipoprotein subclasses	Very small VLDL	Free cholesterol in very small VLDL; XS-VLDL-FC; XS_VLDL_FC; xsvldlfc			FALSE
""	Free cholesterol to total lipids ratio in very small VLDL			""			""			""		Relative lipoprotein lipid concentrations	Very small VLDL ratios	Free cholesterol to total lipids ratio in very small VLDL; XS-VLDL-FC %; XS_VLDL_FC_pct; XS-VLDL-FC_%; xsvldlfcpct			TRUE
""	Total lipids in very small VLDL			""			""			""		Lipoprotein subclasses	Very small VLDL	Total lipids in very small VLDL; XS-VLDL-L; XS_VLDL_L; xsvldll			FALSE
""	Concentration of very small VLDL particles			""			""			""		Lipoprotein subclasses	Very small VLDL	Concentration of very small VLDL particles; XS-VLDL-P; XS_VLDL_P; xsvldlp			FALSE
""	Phospholipids in very small VLDL			""			""			""		Lipoprotein subclasses	Very small VLDL	Phospholipids in very small VLDL; XS-VLDL-PL; XS_VLDL_PL; xsvldlpl			FALSE
""	Phospholipids to total lipids ratio in very small VLDL			""			""			""		Relative lipoprotein lipid concentrations	Very small VLDL ratios	Phospholipids to total lipids ratio in very small VLDL; XS-VLDL-PL %; XS_VLDL_PL_pct; XS-VLDL-PL_%; xsvldlplpct			TRUE
""	Triglycerides in very small VLDL			""			""			""		Lipoprotein subclasses	Very small VLDL	Triglycerides in very small VLDL; XS-VLDL-TG; XS_VLDL_TG; xsvldltg			FALSE
""	Triglycerides to total lipids ratio in very small VLDL			""			""			""		Relative lipoprotein lipid concentrations	Very small VLDL ratios	Triglycerides to total lipids ratio in very small VLDL; XS-VLDL-TG %; XS_VLDL_TG_pct; XS-VLDL-TG_%; xsvldltgpct			TRUE
""	Cholesterol in chylomicrons and extremely large VLDL			""			""			""		Lipoprotein subclasses	Chylomicrons and extremely large VLDL	Cholesterol in chylomicrons and extremely large VLDL; XXL-VLDL-C; XXL_VLDL_C; xxlvldlc			FALSE
""	Cholesterol to total lipids ratio in chylomicrons and extremely large VLDL			""			""			""		Relative lipoprotein lipid concentrations	Chylomicrons and extremely large VLDL ratios	Cholesterol to total lipids ratio in chylomicrons and extremely large VLDL; XXL-VLDL-C %; XXL_VLDL_C_pct; XXL-VLDL-C_%; xxlvldlcpct			TRUE
""	Cholesteryl esters in chylomicrons and extremely large VLDL			""			""			""		Lipoprotein subclasses	Chylomicrons and extremely large VLDL	Cholesteryl esters in chylomicrons and extremely large VLDL; XXL-VLDL-CE; XXL_VLDL_CE; xxlvldlce			FALSE
""	Cholesteryl esters to total lipids ratio in chylomicrons and extremely large VLDL			""			""			""		Relative lipoprotein lipid concentrations	Chylomicrons and extremely large VLDL ratios	Cholesteryl esters to total lipids ratio in chylomicrons and extremely large VLDL; XXL-VLDL-CE %; XXL_VLDL_CE_pct; XXL-VLDL-CE_%; xxlvldlcepct			TRUE
""	Free cholesterol in chylomicrons and extremely large VLDL			""			""			""		Lipoprotein subclasses	Chylomicrons and extremely large VLDL	Free cholesterol in chylomicrons and extremely large VLDL; XXL-VLDL-FC; XXL_VLDL_FC; xxlvldlfc			FALSE
""	Free cholesterol to total lipids ratio in chylomicrons and extremely large VLDL			""			""			""		Relative lipoprotein lipid concentrations	Chylomicrons and extremely large VLDL ratios	Free cholesterol to total lipids ratio in chylomicrons and extremely large VLDL; XXL-VLDL-FC %; XXL_VLDL_FC_pct; XXL-VLDL-FC_%; xxlvldlfcpct			TRUE
""	Total lipids in chylomicrons and extremely large VLDL			""			""			""		Lipoprotein subclasses	Chylomicrons and extremely large VLDL	Total lipids in chylomicrons and extremely large VLDL; XXL-VLDL-L; XXL_VLDL_L; xxlvldll			FALSE
""	Concentration of chylomicrons and extremely large VLDL particles			""			""			""		Lipoprotein subclasses	Chylomicrons and extremely large VLDL	Concentration of chylomicrons and extremely large VLDL particles; XXL-VLDL-P; XXL_VLDL_P; xxlvldlp			FALSE
""	Phospholipids in chylomicrons and extremely large VLDL			""			""			""		Lipoprotein subclasses	Chylomicrons and extremely large VLDL	Phospholipids in chylomicrons and extremely large VLDL; XXL-VLDL-PL; XXL_VLDL_PL; xxlvldlpl			FALSE
""	Phospholipids to total lipids ratio in chylomicrons and extremely large VLDL			""			""			""		Relative lipoprotein lipid concentrations	Chylomicrons and extremely large VLDL ratios	Phospholipids to total lipids ratio in chylomicrons and extremely large VLDL; XXL-VLDL-PL %; XXL_VLDL_PL_pct; XXL-VLDL-PL_%; xxlvldlplpct			TRUE
""	Triglycerides in chylomicrons and extremely large VLDL			""			""			""		Lipoprotein subclasses	Chylomicrons and extremely large VLDL	Triglycerides in chylomicrons and extremely large VLDL; XXL-VLDL-TG; XXL_VLDL_TG; xxlvldltg			FALSE
""	Triglycerides to total lipids ratio in chylomicrons and extremely large VLDL			""			""			""		Relative lipoprotein lipid concentrations	Chylomicrons and extremely large VLDL ratios	Triglycerides to total lipids ratio in chylomicrons and extremely large VLDL; XXL-VLDL-TG %; XXL_VLDL_TG_pct; XXL-VLDL-TG_%; xxlvldltgpct			TRUE
""	fibrinopeptide A*			""			O=C(NC(CC(C)C)C(NC(C)C(NC(CCC(O)=O)C(NCC(NCC(NCC(NC(C(C)C)C(NC(CCCNC(N)=N)C(O)=O)=O)=O)=O)=O)=O)=O)=O)C(CC1=CC=CC=C1)NC(C(CC(O)=O)NC(CNC(C(CCC(O)=O)NC(CNC(C(CO)NC(C(CC(O)=O)NC(C(C)N)=O)=O)=O)=O)=O)=O)=O			JWICNZAGYSIBAR-UHFFFAOYSA-N		Peptide	Fibrinogen Cleavage Peptide	fibrinopeptide A*	100001322	33084	FALSE
""	beta-hydroxyisovaleroylcarnitine			""			[O-]C(CC(C[N+](C)(C)C)OC(CC(O)(C)C)=O)=O			IGLHHSKNBDXCEY-UHFFFAOYSA-N		Amino Acid	Leucine, Isoleucine and Valine Metabolism	beta-hydroxyisovaleroylcarnitine	100001594	35433	FALSE
""	5alpha-androstan-3alpha,17beta-diol 17-glucuronide			""			O[C@@H]1CC[C@]2(C)[C@]3([H])[C@](CCC2C1)([H])[C@@](CC4)([H])[C@@](CC3)(C)[C@H]4O[C@@H]([C@@H]([C@H]5O)O)O[C@H](C(O)=O)[C@H]5O			ZJYZOWMDMWQJIV-UPDIMMRZSA-N		Lipid	Androgenic Steroids	5alpha-androstan-3alpha,17beta-diol 17-glucuronide	100005396	47132	FALSE
""	17alpha-hydroxypregnanolone glucuronide			""			O=C(C)[C@]1(O)[C@]2(C)C(CC1)C3C(CC2)[C@](CC[C@@H](OC4[C@H](O)[C@@H](O)[C@H](O)[C@@H]([C@@](O)=O)O4)C5)(C)[C@@]5([H])CC3			IZDWMNZNEAXAFE-CQQKWVOPSA-N		Lipid	Pregnenolone Steroids	17alpha-hydroxypregnanolone glucuronide	100005418	47403	FALSE
""	N-nervonoyl-sphingadiene (d18:2/24:1)*			""			OC(/C=C/CCCCCCCC/C=C\CCC)C(CO)NC(CCCCCCCCCCCCC/C=C\CCCCCCCC)=O			NQNRUVQAQHEVGR-PCKKJQKNSA-N		Lipid	Ceramides	N-nervonoyl-sphingadiene (d18:2/24:1)*	100015699	57442	FALSE
""	ceramide (d16:1/24:1, d18:1/22:1)*			""			OC(/C=C/CCCCCCCCCCC)C(CO)NC(CCCCCCCCCCCCC/C=C\CCCCCCCC)=O			ODRVSCJZSDNQBP-LMGPGFSZSA-N		Lipid	Ceramides	ceramide (d16:1/24:1, d18:1/22:1)*	100015727	57437	FALSE
""	docosahexaenoylcarnitine (C22:6)*			""			O=C(CC/C=C\C/C=C\C/C=C\C/C=C\C/C=C\C/C=C\CC)OC(C[N+](C)(C)C)CC([O-])=O			WLLMYDQRCSWAST-WSDBEMKQSA-N		Lipid	Fatty Acid Metabolism (Acyl Carnitine, Polyunsaturated)	docosahexaenoylcarnitine (C22:6)*	100015845	57523	FALSE
""	3-hydroxyoleoylcarnitine			""			CCCCCCCC/C=C\CCCCCC(O)CC(O[C@@H](C[N+](C)(C)C)CC([O-])=O)=O			YBCVTTMMURGSEY-LMLDZDDJSA-N		Lipid	Fatty Acid Metabolism (Acyl Carnitine, Hydroxy)	3-hydroxyoleoylcarnitine	100019801	61840	FALSE
""	trans-2-hexenoylglycine			""			CCC/C=C/C(NCC(O)=O)=O			AAPHATPOQGNLOZ-SNAWJCMRSA-N		Lipid	Fatty Acid Metabolism (Acyl Glycine)	trans-2-hexenoylglycine	100019884	61798	FALSE
""	gamma-glutamylcitrulline*			""			NC(C(O)=O)CCC(NC(CCCNC(N)=O)C(O)=O)=O			SCTJBDDLOROJJM-UHFFFAOYSA-N		Peptide	Gamma-glutamyl Amino Acid	gamma-glutamylcitrulline*	100020241	62104	FALSE
""	glycine conjugate of C10H12O2*			""			""			""		Partially Characterized Molecules	Partially Characterized Molecules	glycine conjugate of C10H12O2*	100020253	62145	FALSE
""	11beta-hydroxyetiocholanolone glucuronide*			""			O[C@@H]1[C@@]2([H])[C@](CCC3[C@]2(C)CC[C@H](O[C@@H]4O[C@H](C(O)=O)[C@@H](O)[C@H](O)[C@H]4O)C3)([H])[C@@]5([H])[C@](C(CC5)=O)(C)C1			BRPLOVMHAFXVOQ-KXVRARTKSA-N		Lipid	Androgenic Steroids	11beta-hydroxyetiocholanolone glucuronide*	100020542	64418	FALSE
""	N2-acetyl,N6,N6-dimethyllysine			""			OC([C@@H](NC(C)=O)CCCCN(C)C)=O			UNPVIYLDJYPILW-VIFPVBQESA-N		Amino Acid	Lysine Metabolism	N2-acetyl,N6,N6-dimethyllysine	100020545	63254	FALSE
""	4-methylhexanoylglutamine			""			CCC(C)CCC(NC(CCC(N)=O)C(O)=O)=O			VCZLDSLBUPQMCV-UHFFFAOYSA-N		Lipid	Fatty Acid Metabolism (Acyl Glutamine)	4-methylhexanoylglutamine	100020631	62735	FALSE
""	3-hydroxyhexanoylcarnitine (1)			""			C[N+](C)(C)CC(OC(CC(O)CCC)=O)CC([O-])=O			VYEONLJQPYRKAN-UHFFFAOYSA-N		Lipid	Fatty Acid Metabolism (Acyl Carnitine, Hydroxy)	3-hydroxyhexanoylcarnitine (1)	100020825	62557	FALSE
""	tetrahydrocortisol sulfate (1)			""			[H][C@@]12[C@@]3(C)CC[C@@H](OS(=O)(O)=O)C[C@@]3([H])CC[C@@]1([H])[C@]4([H])CC[C@](O)(C(CO)=O)[C@@]4(C)C[C@@H]2O			UCVZOQFWMUAZJZ-GXBDJPPSSA-N		Lipid	Corticosteroids	tetrahydrocortisol sulfate (1)	100020848	62793	FALSE
""	fibrinopeptide A (8-16)**			""			NC(CC1=CC=CC=C1)C(NC(CC(C)C)C(NC(C)C(NC(CCC(O)=O)C(NCC(NCC(NCC(NC(C(C)C)C(NC(CCCNC(N)=N)C(O)=O)=O)=O)=O)=O)=O)=O)=O)=O			IVDQZJOLQPZCET-UHFFFAOYSA-N		Peptide	Fibrinogen Cleavage Peptide	fibrinopeptide A (8-16)**	100020905	62812	FALSE
""	fibrinopeptide B (1-11)**			""			OC(C(CC1=CC=CC=C1)NC(C(CC2=CC=CC=C2)NC(CNC(C(CCC(O)=O)NC(C(CCC(O)=O)NC(C(CC(N)=O)NC(C(CC(O)=O)NC(C(CC(N)=O)NC(C(C(C)C)NC(CNC(C(CC3)NC3=O)=O)=O)=O)=O)=O)=O)=O)=O)=O)=O)=O			YXFOTICOZNPKPN-UHFFFAOYSA-N		Peptide	Fibrinogen Cleavage Peptide	fibrinopeptide B (1-11)**	100020912	62815	FALSE
""	fibrinopeptide B (1-9)**			""			O=C1CCC(N1)C(NCC(NC(C(C)C)C(NC(CC(N)=O)C(NC(CC(O)=O)C(NC(CC(N)=O)C(NC(CCC(O)=O)C(NC(CCC(O)=O)C(NCC(O)=O)=O)=O)=O)=O)=O)=O)=O)=O			WWZFLBITCJUQNV-UHFFFAOYSA-N		Peptide	Fibrinogen Cleavage Peptide	fibrinopeptide B (1-9)**	100020913	62816	FALSE
""	tetradecadienedioate (C14:2-DC)*			""			O=C(O)CCC/C=C\C/C=C\CCCCC(O)=O			MUFSRLVOUKHPIZ-OVYZBVKCSA-N		Lipid	Fatty Acid, Dicarboxylate	tetradecadienedioate (C14:2-DC)*	100021100	62918	FALSE
""	succinoyltaurine			""			OC(CCC(NCCS(=O)(O)=O)=O)=O			SBQWITJAJITAMM-UHFFFAOYSA-N		Amino Acid	Methionine, Cysteine, SAM and Taurine Metabolism	succinoyltaurine	100021220	63678	FALSE
""	1-methyl-5-imidazolelactate			""			CN1C=NC=C1CC(O)C(O)=O			MXETUSMIYKMMAT-UHFFFAOYSA-N		Amino Acid	Histidine Metabolism	1-methyl-5-imidazolelactate	100021478	64596	FALSE
""	S-carboxyethylcysteine			""			SC[C@@H](C(O)=O)NCCC(O)=O			CAMXXPUSAROUCX-BYPYZUCNSA-N		Amino Acid	Methionine, Cysteine, SAM and Taurine Metabolism	S-carboxyethylcysteine	100021530	64177	FALSE
""	isoursodeoxycholate sulfate (2)			""			O[C@@H]1[C@]2([H])[C@@](CC[C@@]3(C)[C@@]2([H])CC[C@]3([H])[C@H](C)CCC(O)=O)([H])[C@@]4(C)CC[C@H](OS(=O)(O)=O)C[C@@]4([H])C1			WHMOBEGYTDWMIG-DNMBCGTGSA-N		Lipid	Secondary Bile Acid Metabolism	isoursodeoxycholate sulfate (2)	100021648	63603	FALSE
""	branched-chain, straight-chain, or cyclopropyl 10:1 fatty acid (1)*			""			CC(C)CCCC/C=C/C(O)=O			NIFITBVFNGQSNA-SOFGYWHQSA-N		Partially Characterized Molecules	Partially Characterized Molecules	branched-chain, straight-chain, or cyclopropyl 10:1 fatty acid (1)*	100021666	63615	FALSE
""	carnitine of C10H14O2 (5)*			""			""			""		Partially Characterized Molecules	Partially Characterized Molecules	carnitine of C10H14O2 (5)*	100021678	63650	FALSE
""	cis-3,4-methyleneheptanoate			""			O=C(C[C@@]1([H])[C@@](C1)([H])CCC)O			VFMNSFWBDMRNLJ-BQBZGAKWSA-N		Lipid	Fatty Acid, Branched	cis-3,4-methyleneheptanoate	100021727	64390	FALSE
""	cis-3,4-methyleneheptanoylcarnitine			""			O=C(C[C@@]1([H])[C@@](C1)([H])CCC)OC(CC([O-])=O)C[N+](C)(C)C			LNGSHJPPGDBEPT-VYAYZGMFSA-N		Lipid	Fatty Acid Metabolism (Acyl Carnitine, Medium Chain)	cis-3,4-methyleneheptanoylcarnitine	100021728	64389	FALSE
""	3-hydroxyoctanoylcarnitine (2)			""			[O-]C(CC(OC(C(O)CCCCCC)=O)C[N+](C)(C)C)=O			RCXSFDNDEVSQNG-UHFFFAOYSA-N		Lipid	Fatty Acid Metabolism (Acyl Carnitine, Hydroxy)	3-hydroxyoctanoylcarnitine (2)	100021991	64394	FALSE
""	bilirubin degradation product, C16H18N2O5 (1)**			""			""			""		Partially Characterized Molecules	Partially Characterized Molecules	bilirubin degradation product, C16H18N2O5 (1)**	100022003	64403	FALSE
""	bilirubin degradation product, C17H18N2O4 (2)**			""			""			""		Partially Characterized Molecules	Partially Characterized Molecules	bilirubin degradation product, C17H18N2O4 (2)**	100022006	64407	FALSE
""	bilirubin degradation product, C17H18N2O4 (3)**			""			""			""		Partially Characterized Molecules	Partially Characterized Molecules	bilirubin degradation product, C17H18N2O4 (3)**	100022007	64408	FALSE
""	bilirubin degradation product, C17H20N2O5 (2)**			""			""			""		Partially Characterized Molecules	Partially Characterized Molecules	bilirubin degradation product, C17H20N2O5 (2)**	100022009	64406	FALSE
""	bilirubin degradation product, C16H18N2O5 (3)**			""			""			""		Partially Characterized Molecules	Partially Characterized Molecules	bilirubin degradation product, C16H18N2O5 (3)**	100022014	64414	FALSE
""	bilirubin degradation product, C16H18N2O5 (4)**			""			""			""		Partially Characterized Molecules	Partially Characterized Molecules	bilirubin degradation product, C16H18N2O5 (4)**	100022015	64415	FALSE
""	oxindolylalanine			""			OC(C(N)(C)N(C1=C(C2)C=CC=C1)C2=O)=O			YLEQTOAIAOPFBY-UHFFFAOYSA-N		Amino Acid	Tryptophan Metabolism	oxindolylalanine	100022120	64568	FALSE
""	1-oleyl-GPC (O-18:1)*			""			[H][C@](O)(COP(OCC[N+](C)(C)C)([O-])=O)COCCCCCCCC/C=C\CCCCCCCC			""		Lipid	Lysoplasmalogen	1-oleyl-GPC (O-18:1)*	100022517	64896	FALSE
""	X-10458			""			""			""		""	""	X-10458	999910458	47478	FALSE
""	X-11632			""			""			""		""	""	X-11632	999911632	47493	FALSE
""	X-12096			""			""			""		""	""	X-12096	999912096	47686	FALSE
""	X-12221			""			""			""		""	""	X-12221	999912221	47911	FALSE
""	X-12283			""			""			""		""	""	X-12283	999912283	47708	FALSE
""	X-12689			""			""			""		""	""	X-12689	999912689	47719	FALSE
""	X-13507			""			""			""		""	""	X-13507	999913507	47439	FALSE
""	X-15461			""			""			""		""	""	X-15461	999915461	46283	FALSE
""	X-16576			""			""			""		""	""	X-16576	999916576	46673	FALSE
""	X-17146			""			""			""		""	""	X-17146	999917146	46691	FALSE
""	X-17323			""			""			""		""	""	X-17323	999917323	47813	FALSE
""	X-18888			""			""			""		""	""	X-18888	999918888	48048	FALSE
""	X-19438			""			""			""		""	""	X-19438	999919438	46261	FALSE
""	X-21283			""			""			""		""	""	X-21283	999921283	46285	FALSE
""	X-21351			""			""			""		""	""	X-21351	999921351	46396	FALSE
""	X-22776			""			""			""		""	""	X-22776	999922776	48081	FALSE
""	X-23583			""			""			""		""	""	X-23583	999923583	49459	FALSE
""	X-23648			""			""			""		""	""	X-23648	999923648	49525	FALSE
""	X-23654			""			""			""		""	""	X-23654	999923654	49531	FALSE
""	X-23659			""			""			""		""	""	X-23659	999923659	49536	FALSE
""	X-23665			""			""			""		""	""	X-23665	999923665	49542	FALSE
""	X-23780			""			""			""		""	""	X-23780	999923780	49679	FALSE
""	X-23974			""			""			""		""	""	X-23974	999923974	49883	FALSE
""	X-23997			""			""			""		""	""	X-23997	999923997	52025	FALSE
""	X-24408			""			""			""		""	""	X-24408	999924408	52637	FALSE
""	X-24410			""			""			""		""	""	X-24410	999924410	52639	FALSE
""	X-24411			""			""			""		""	""	X-24411	999924411	52640	FALSE
""	X-24422			""			""			""		""	""	X-24422	999924422	52636	FALSE
""	X-24431			""			""			""		""	""	X-24431	999924431	52661	FALSE
""	X-24475			""			""			""		""	""	X-24475	999924475	52792	FALSE
""	X-24545			""			""			""		""	""	X-24545	999924545	52866	FALSE
""	X-24811			""			""			""		""	""	X-24811	999924811	54839	FALSE
""	X-24812			""			""			""		""	""	X-24812	999924812	54840	FALSE
""	X-24953			""			""			""		""	""	X-24953	999924953	57720	FALSE
""	X-25109			""			""			""		""	""	X-25109	999925109	61682	FALSE
""	X-25271			""			""			""		""	""	X-25271	999925271	62500	FALSE
""	X-25343			""			""			""		""	""	X-25343	999925343	62636	FALSE
""	X-25371			""			""			""		""	""	X-25371	999925371	62664	FALSE
""	X-25406			""			""			""		""	""	X-25406	999925406	62700	FALSE
""	X-25419			""			""			""		""	""	X-25419	999925419	62716	FALSE
""	X-25420			""			""			""		""	""	X-25420	999925420	62717	FALSE
""	X-25422			""			""			""		""	""	X-25422	999925422	62719	FALSE
""	X-25454			""			""			""		""	""	X-25454	999925454	62824	FALSE
""	X-25519			""			""			""		""	""	X-25519	999925519	62963	FALSE
""	X-25520			""			""			""		""	""	X-25520	999925520	62964	FALSE
""	X-25790			""			""			""		""	""	X-25790	999925790	63560	FALSE
""	X-25810			""			""			""		""	""	X-25810	999925810	63592	FALSE
""	X-25855			""			""			""		""	""	X-25855	999925855	63721	FALSE
""	X-25936			""			""			""		""	""	X-25936	999925936	63840	FALSE
""	X-25948			""			""			""		""	""	X-25948	999925948	63899	FALSE
""	X-25983			""			""			""		""	""	X-25983	999925983	63973	FALSE
""	X-26097			""			""			""		""	""	X-26097	999926097	64372	FALSE
""	X-26106			""			""			""		""	""	X-26106	999926106	64395	FALSE
""	X-26107			""			""			""		""	""	X-26107	999926107	64396	FALSE
""	X-26108			""			""			""		""	""	X-26108	999926108	64397	FALSE
""	X-26109			""			""			""		""	""	X-26109	999926109	64399	FALSE
""	X-26111			""			""			""		""	""	X-26111	999926111	64401	FALSE
""	X-26119			""			""			""		""	""	X-26119	999926119	64440	FALSE
""	X-26191			""			""			""		""	""	X-26191	999926191	64917	FALSE
""	X-26193			""			""			""		""	""	X-26193	999926193	64921	FALSE
""	X-26220			""			""			""		""	""	X-26220	999926220	64950	FALSE
""	X-26273			""			""			""		""	""	X-26273	999926273	65045	FALSE
""	3-hydroxypyridine glucuronide			""			OC(C1OC(OC2=CC=CN=C2)C(O)C(O)C1O)=O			IOLHQSZMUUGACW-UHFFFAOYSA-N		Xenobiotics	Chemical	3-hydroxypyridine glucuronide	100020591	63236	FALSE
""	3-ethylcatechol sulfate (1)			""			CCC1=C(OS(=O)(O)=O)C(O)=CC=C1			NUPWKYZXNXCOHY-UHFFFAOYSA-N		Xenobiotics	Food Component/Plant	3-ethylcatechol sulfate (1)	100020851	62796	FALSE
""	4-acetylcatechol sulfate (1)			""			OC1=CC=C(C(C)=O)C=C1OS(=O)(O)=O			RRWBOGSYNDIRNR-UHFFFAOYSA-N		Xenobiotics	Food Component/Plant	4-acetylcatechol sulfate (1)	100020853	62798	FALSE
""	cobicistat			D09881			CC(c1scc(CN(C(N[C@H](C(N[C@@H](Cc2ccccc2)CC[C@@H](NC(OCc3scnc3)=O)Cc4ccccc4)=O)CCN5CCOCC5)=O)C)n1)C			ZCIGNRJZKPOIKD-CQXVEOKZSA-N		Xenobiotics	Drug - Antiviral	cobicistat	100020937	63275	FALSE
""	5-hydroxy-2-methylpyridine sulfate			""			CC1=NC=C(OS(=O)(O)=O)C=C1			UAQAOMYUJQVGMD-UHFFFAOYSA-N		Xenobiotics	Chemical	5-hydroxy-2-methylpyridine sulfate	100020973	63230	FALSE
""	3-hydroxy-2-methylpyridine sulfate			""			CC1=NC=CC=C1OS(=O)(O)=O			GOXQGRHDLROYBT-UHFFFAOYSA-N		Xenobiotics	Chemical	3-hydroxy-2-methylpyridine sulfate	100020975	63227	FALSE
""	De(carboxymethoxy) cetirizine acetic acid			""			ClC1=CC=C([C@@H](C2=CC=CC=C2)N3CCN(CC(O)=O)CC3)C=C1			NBQBQRKLQXVPIS-LJQANCHMSA-N		Xenobiotics	Drug - Respiratory	De(carboxymethoxy) cetirizine acetic acid	100021782	64199	FALSE
""	2-methoxyhydroquinone sulfate (1)			""			OC1=CC=C(OS(=O)(O)=O)C=C1OC			LEJCLCZOTCOTQE-UHFFFAOYSA-N		Xenobiotics	Benzoate Metabolism	2-methoxyhydroquinone sulfate (1)	100021839	64049	FALSE
""	neopentyl glycol sebacate**			""			OCC(C)(C)COC(CCCCCCCCC(O)=O)=O			FURTUUDQMNFNLY-UHFFFAOYSA-N		Xenobiotics	Chemical	neopentyl glycol sebacate**	100022016	64420	FALSE
""	neopentyl glycol undecanedioate**			""			OCC(C)(C)COC(CCCCCCCCCC(O)=O)=O			HYGYPUHPOGMAIC-UHFFFAOYSA-N		Xenobiotics	Chemical	neopentyl glycol undecanedioate**	100022018	64424	FALSE
""	neopentyl glycol suberate**			""			OC(CCCCCCC(OCC(C)(C)CO)=O)=O			AKOWTSAHKQKSOL-UHFFFAOYSA-N		Xenobiotics	Chemical	neopentyl glycol suberate**	100022020	64421	FALSE
HMDB0094700	perfluorohexanesulfonate (PFHxS)			""			FC(F)(F)C(F)(F)C(F)(F)C(F)(F)C(F)(F)C(F)(F)S(=O)(O)=O			QZHDEAJFRJCDMF-UHFFFAOYSA-N		Xenobiotics	Chemical	perfluorohexanesulfonate (PFHxS)	100022172	64623	FALSE
""	N,N-dimethyl-5-aminovalerate			""			CN(C)CCCCC(O)=O			UYZSNVLEDLCWGU-UHFFFAOYSA-N		Amino Acid	Lysine Metabolism	N,N-dimethyl-5-aminovalerate	100020842	62819	FALSE
""	branched-chain, straight-chain, or cyclopropyl 12:1 fatty acid*			""			OC(/C=C/CCCC(C)CCCC)=O			FQSFPMAZIOPKLO-JXMROGBWSA-N		Partially Characterized Molecules	Partially Characterized Molecules	branched-chain, straight-chain, or cyclopropyl 12:1 fatty acid*	100021709	63683	FALSE
